Unnamed: 0,imgs,masks
0,/data/shared/CataractData/semantic_segmentation/Annotations/Images-and-Supervisely-Annotations/case_5013/img/case5013_01.png,/data/shared/CataractData/semantic_segmentation/Annotations/Images-and-Supervisely-Annotations/case_5013/mask_anatomy_inst/case5013_01.png
1,/data/shared/CataractData/semantic_segmentation/Annotations/Images-and-Supervisely-Annotations/case_5013/img/case5013_02.png,/data/shared/CataractData/semantic_segmentation/Annotations/Images-and-Supervisely-Annotations/case_5013/mask_anatomy_inst/case5013_02.png
2,/data/shared/CataractData/semantic_segmentation/Annotations/Images-and-Supervisely-Annotations/case_5013/img/case5013_03.png,/data/shared/CataractData/semantic_segmentation/Annotations/Images-and-Supervisely-Annotations/case_5013/mask_anatomy_inst/case5013_03.png
3,/data/shared/CataractData/semantic_segmentation/Annotations/Images-and-Supervisely-Annotations/case_5013/img/case5013_04.png,/data/shared/CataractData/semantic_segmentation/Annotations/Images-and-Supervisely-Annotations/case_5013/mask_anatomy_inst/case5013_04.png
4,/data/shared/CataractData/semantic_segmentation/Annotations/Images-and-Supervisely-Annotations/case_5013/img/case5013_05.png,/data/shared/CataractData/semantic_segmentation/Annotations/Images-and-Supervisely-Annotations/case_5013/mask_anatomy_inst/case5013_05.png
5,/data/shared/CataractData/semantic_segmentation/Annotations/Images-and-Supervisely-Annotations/case_5013/img/case5013_06.png,/data/shared/CataractData/semantic_segmentation/Annotations/Images-and-Supervisely-Annotations/case_5013/mask_anatomy_inst/case5013_06.png
6,/data/shared/CataractData/semantic_segmentation/Annotations/Images-and-Supervisely-Annotations/case_5013/img/case5013_07.png,/data/shared/CataractData/semantic_segmentation/Annotations/Images-and-Supervisely-Annotations/case_5013/mask_anatomy_inst/case5013_07.png
7,/data/shared/CataractData/semantic_segmentation/Annotations/Images-and-Supervisely-Annotations/case_5013/img/case5013_08.png,/data/shared/CataractData/semantic_segmentation/Annotations/Images-and-Supervisely-Annotations/case_5013/mask_anatomy_inst/case5013_08.png
8,/data/shared/CataractData/semantic_segmentation/Annotations/Images-and-Supervisely-Annotations/case_5013/img/case5013_09.png,/data/shared/CataractData/semantic_segmentation/Annotations/Images-and-Supervisely-Annotations/case_5013/mask_anatomy_inst/case5013_09.png
9,/data/shared/CataractData/semantic_segmentation/Annotations/Images-and-Supervisely-Annotations/case_5013/img/case5013_10.png,/data/shared/CataractData/semantic_segmentation/Annotations/Images-and-Supervisely-Annotations/case_5013/mask_anatomy_inst/case5013_10.png
10,/data/shared/CataractData/semantic_segmentation/Annotations/Images-and-Supervisely-Annotations/case_5013/img/case5013_11.png,/data/shared/CataractData/semantic_segmentation/Annotations/Images-and-Supervisely-Annotations/case_5013/mask_anatomy_inst/case5013_11.png
11,/data/shared/CataractData/semantic_segmentation/Annotations/Images-and-Supervisely-Annotations/case_5013/img/case5013_12.png,/data/shared/CataractData/semantic_segmentation/Annotations/Images-and-Supervisely-Annotations/case_5013/mask_anatomy_inst/case5013_12.png
12,/data/shared/CataractData/semantic_segmentation/Annotations/Images-and-Supervisely-Annotations/case_5013/img/case5013_13.png,/data/shared/CataractData/semantic_segmentation/Annotations/Images-and-Supervisely-Annotations/case_5013/mask_anatomy_inst/case5013_13.png
13,/data/shared/CataractData/semantic_segmentation/Annotations/Images-and-Supervisely-Annotations/case_5013/img/case5013_14.png,/data/shared/CataractData/semantic_segmentation/Annotations/Images-and-Supervisely-Annotations/case_5013/mask_anatomy_inst/case5013_14.png
14,/data/shared/CataractData/semantic_segmentation/Annotations/Images-and-Supervisely-Annotations/case_5013/img/case5013_15.png,/data/shared/CataractData/semantic_segmentation/Annotations/Images-and-Supervisely-Annotations/case_5013/mask_anatomy_inst/case5013_15.png
15,/data/shared/CataractData/semantic_segmentation/Annotations/Images-and-Supervisely-Annotations/case_5013/img/case5013_16.png,/data/shared/CataractData/semantic_segmentation/Annotations/Images-and-Supervisely-Annotations/case_5013/mask_anatomy_inst/case5013_16.png
16,/data/shared/CataractData/semantic_segmentation/Annotations/Images-and-Supervisely-Annotations/case_5013/img/case5013_17.png,/data/shared/CataractData/semantic_segmentation/Annotations/Images-and-Supervisely-Annotations/case_5013/mask_anatomy_inst/case5013_17.png
17,/data/shared/CataractData/semantic_segmentation/Annotations/Images-and-Supervisely-Annotations/case_5013/img/case5013_18.png,/data/shared/CataractData/semantic_segmentation/Annotations/Images-and-Supervisely-Annotations/case_5013/mask_anatomy_inst/case5013_18.png
18,/data/shared/CataractData/semantic_segmentation/Annotations/Images-and-Supervisely-Annotations/case_5013/img/case5013_19.png,/data/shared/CataractData/semantic_segmentation/Annotations/Images-and-Supervisely-Annotations/case_5013/mask_anatomy_inst/case5013_19.png
19,/data/shared/CataractData/semantic_segmentation/Annotations/Images-and-Supervisely-Annotations/case_5013/img/case5013_20.png,/data/shared/CataractData/semantic_segmentation/Annotations/Images-and-Supervisely-Annotations/case_5013/mask_anatomy_inst/case5013_20.png
20,/data/shared/CataractData/semantic_segmentation/Annotations/Images-and-Supervisely-Annotations/case_5013/img/case5013_21.png,/data/shared/CataractData/semantic_segmentation/Annotations/Images-and-Supervisely-Annotations/case_5013/mask_anatomy_inst/case5013_21.png
21,/data/shared/CataractData/semantic_segmentation/Annotations/Images-and-Supervisely-Annotations/case_5013/img/case5013_22.png,/data/shared/CataractData/semantic_segmentation/Annotations/Images-and-Supervisely-Annotations/case_5013/mask_anatomy_inst/case5013_22.png
22,/data/shared/CataractData/semantic_segmentation/Annotations/Images-and-Supervisely-Annotations/case_5013/img/case5013_23.png,/data/shared/CataractData/semantic_segmentation/Annotations/Images-and-Supervisely-Annotations/case_5013/mask_anatomy_inst/case5013_23.png
23,/data/shared/CataractData/semantic_segmentation/Annotations/Images-and-Supervisely-Annotations/case_5013/img/case5013_24.png,/data/shared/CataractData/semantic_segmentation/Annotations/Images-and-Supervisely-Annotations/case_5013/mask_anatomy_inst/case5013_24.png
24,/data/shared/CataractData/semantic_segmentation/Annotations/Images-and-Supervisely-Annotations/case_5013/img/case5013_25.png,/data/shared/CataractData/semantic_segmentation/Annotations/Images-and-Supervisely-Annotations/case_5013/mask_anatomy_inst/case5013_25.png
25,/data/shared/CataractData/semantic_segmentation/Annotations/Images-and-Supervisely-Annotations/case_5013/img/case5013_26.png,/data/shared/CataractData/semantic_segmentation/Annotations/Images-and-Supervisely-Annotations/case_5013/mask_anatomy_inst/case5013_26.png
26,/data/shared/CataractData/semantic_segmentation/Annotations/Images-and-Supervisely-Annotations/case_5013/img/case5013_27.png,/data/shared/CataractData/semantic_segmentation/Annotations/Images-and-Supervisely-Annotations/case_5013/mask_anatomy_inst/case5013_27.png
27,/data/shared/CataractData/semantic_segmentation/Annotations/Images-and-Supervisely-Annotations/case_5013/img/case5013_28.png,/data/shared/CataractData/semantic_segmentation/Annotations/Images-and-Supervisely-Annotations/case_5013/mask_anatomy_inst/case5013_28.png
28,/data/shared/CataractData/semantic_segmentation/Annotations/Images-and-Supervisely-Annotations/case_5013/img/case5013_29.png,/data/shared/CataractData/semantic_segmentation/Annotations/Images-and-Supervisely-Annotations/case_5013/mask_anatomy_inst/case5013_29.png
29,/data/shared/CataractData/semantic_segmentation/Annotations/Images-and-Supervisely-Annotations/case_5013/img/case5013_30.png,/data/shared/CataractData/semantic_segmentation/Annotations/Images-and-Supervisely-Annotations/case_5013/mask_anatomy_inst/case5013_30.png
30,/data/shared/CataractData/semantic_segmentation/Annotations/Images-and-Supervisely-Annotations/case_5013/img/case5013_31.png,/data/shared/CataractData/semantic_segmentation/Annotations/Images-and-Supervisely-Annotations/case_5013/mask_anatomy_inst/case5013_31.png
31,/data/shared/CataractData/semantic_segmentation/Annotations/Images-and-Supervisely-Annotations/case_5013/img/case5013_32.png,/data/shared/CataractData/semantic_segmentation/Annotations/Images-and-Supervisely-Annotations/case_5013/mask_anatomy_inst/case5013_32.png
32,/data/shared/CataractData/semantic_segmentation/Annotations/Images-and-Supervisely-Annotations/case_5013/img/case5013_33.png,/data/shared/CataractData/semantic_segmentation/Annotations/Images-and-Supervisely-Annotations/case_5013/mask_anatomy_inst/case5013_33.png
33,/data/shared/CataractData/semantic_segmentation/Annotations/Images-and-Supervisely-Annotations/case_5013/img/case5013_34.png,/data/shared/CataractData/semantic_segmentation/Annotations/Images-and-Supervisely-Annotations/case_5013/mask_anatomy_inst/case5013_34.png
34,/data/shared/CataractData/semantic_segmentation/Annotations/Images-and-Supervisely-Annotations/case_5013/img/case5013_35.png,/data/shared/CataractData/semantic_segmentation/Annotations/Images-and-Supervisely-Annotations/case_5013/mask_anatomy_inst/case5013_35.png
35,/data/shared/CataractData/semantic_segmentation/Annotations/Images-and-Supervisely-Annotations/case_5013/img/case5013_36.png,/data/shared/CataractData/semantic_segmentation/Annotations/Images-and-Supervisely-Annotations/case_5013/mask_anatomy_inst/case5013_36.png
36,/data/shared/CataractData/semantic_segmentation/Annotations/Images-and-Supervisely-Annotations/case_5013/img/case5013_37.png,/data/shared/CataractData/semantic_segmentation/Annotations/Images-and-Supervisely-Annotations/case_5013/mask_anatomy_inst/case5013_37.png
37,/data/shared/CataractData/semantic_segmentation/Annotations/Images-and-Supervisely-Annotations/case_5013/img/case5013_38.png,/data/shared/CataractData/semantic_segmentation/Annotations/Images-and-Supervisely-Annotations/case_5013/mask_anatomy_inst/case5013_38.png
38,/data/shared/CataractData/semantic_segmentation/Annotations/Images-and-Supervisely-Annotations/case_5013/img/case5013_39.png,/data/shared/CataractData/semantic_segmentation/Annotations/Images-and-Supervisely-Annotations/case_5013/mask_anatomy_inst/case5013_39.png
39,/data/shared/CataractData/semantic_segmentation/Annotations/Images-and-Supervisely-Annotations/case_5013/img/case5013_40.png,/data/shared/CataractData/semantic_segmentation/Annotations/Images-and-Supervisely-Annotations/case_5013/mask_anatomy_inst/case5013_40.png
40,/data/shared/CataractData/semantic_segmentation/Annotations/Images-and-Supervisely-Annotations/case_5013/img/case5013_41.png,/data/shared/CataractData/semantic_segmentation/Annotations/Images-and-Supervisely-Annotations/case_5013/mask_anatomy_inst/case5013_41.png
41,/data/shared/CataractData/semantic_segmentation/Annotations/Images-and-Supervisely-Annotations/case_5013/img/case5013_42.png,/data/shared/CataractData/semantic_segmentation/Annotations/Images-and-Supervisely-Annotations/case_5013/mask_anatomy_inst/case5013_42.png
42,/data/shared/CataractData/semantic_segmentation/Annotations/Images-and-Supervisely-Annotations/case_5013/img/case5013_43.png,/data/shared/CataractData/semantic_segmentation/Annotations/Images-and-Supervisely-Annotations/case_5013/mask_anatomy_inst/case5013_43.png
43,/data/shared/CataractData/semantic_segmentation/Annotations/Images-and-Supervisely-Annotations/case_5013/img/case5013_44.png,/data/shared/CataractData/semantic_segmentation/Annotations/Images-and-Supervisely-Annotations/case_5013/mask_anatomy_inst/case5013_44.png
44,/data/shared/CataractData/semantic_segmentation/Annotations/Images-and-Supervisely-Annotations/case_5013/img/case5013_45.png,/data/shared/CataractData/semantic_segmentation/Annotations/Images-and-Supervisely-Annotations/case_5013/mask_anatomy_inst/case5013_45.png
45,/data/shared/CataractData/semantic_segmentation/Annotations/Images-and-Supervisely-Annotations/case_5013/img/case5013_46.png,/data/shared/CataractData/semantic_segmentation/Annotations/Images-and-Supervisely-Annotations/case_5013/mask_anatomy_inst/case5013_46.png
46,/data/shared/CataractData/semantic_segmentation/Annotations/Images-and-Supervisely-Annotations/case_5013/img/case5013_47.png,/data/shared/CataractData/semantic_segmentation/Annotations/Images-and-Supervisely-Annotations/case_5013/mask_anatomy_inst/case5013_47.png
47,/data/shared/CataractData/semantic_segmentation/Annotations/Images-and-Supervisely-Annotations/case_5013/img/case5013_48.png,/data/shared/CataractData/semantic_segmentation/Annotations/Images-and-Supervisely-Annotations/case_5013/mask_anatomy_inst/case5013_48.png
48,/data/shared/CataractData/semantic_segmentation/Annotations/Images-and-Supervisely-Annotations/case_5013/img/case5013_49.png,/data/shared/CataractData/semantic_segmentation/Annotations/Images-and-Supervisely-Annotations/case_5013/mask_anatomy_inst/case5013_49.png
49,/data/shared/CataractData/semantic_segmentation/Annotations/Images-and-Supervisely-Annotations/case_5013/img/case5013_50.png,/data/shared/CataractData/semantic_segmentation/Annotations/Images-and-Supervisely-Annotations/case_5013/mask_anatomy_inst/case5013_50.png
50,/data/shared/CataractData/semantic_segmentation/Annotations/Images-and-Supervisely-Annotations/case_5013/img/case5013_51.png,/data/shared/CataractData/semantic_segmentation/Annotations/Images-and-Supervisely-Annotations/case_5013/mask_anatomy_inst/case5013_51.png
51,/data/shared/CataractData/semantic_segmentation/Annotations/Images-and-Supervisely-Annotations/case_5013/img/case5013_52.png,/data/shared/CataractData/semantic_segmentation/Annotations/Images-and-Supervisely-Annotations/case_5013/mask_anatomy_inst/case5013_52.png
52,/data/shared/CataractData/semantic_segmentation/Annotations/Images-and-Supervisely-Annotations/case_5013/img/case5013_53.png,/data/shared/CataractData/semantic_segmentation/Annotations/Images-and-Supervisely-Annotations/case_5013/mask_anatomy_inst/case5013_53.png
53,/data/shared/CataractData/semantic_segmentation/Annotations/Images-and-Supervisely-Annotations/case_5013/img/case5013_54.png,/data/shared/CataractData/semantic_segmentation/Annotations/Images-and-Supervisely-Annotations/case_5013/mask_anatomy_inst/case5013_54.png
54,/data/shared/CataractData/semantic_segmentation/Annotations/Images-and-Supervisely-Annotations/case_5013/img/case5013_55.png,/data/shared/CataractData/semantic_segmentation/Annotations/Images-and-Supervisely-Annotations/case_5013/mask_anatomy_inst/case5013_55.png
55,/data/shared/CataractData/semantic_segmentation/Annotations/Images-and-Supervisely-Annotations/case_5013/img/case5013_56.png,/data/shared/CataractData/semantic_segmentation/Annotations/Images-and-Supervisely-Annotations/case_5013/mask_anatomy_inst/case5013_56.png
56,/data/shared/CataractData/semantic_segmentation/Annotations/Images-and-Supervisely-Annotations/case_5013/img/case5013_57.png,/data/shared/CataractData/semantic_segmentation/Annotations/Images-and-Supervisely-Annotations/case_5013/mask_anatomy_inst/case5013_57.png
57,/data/shared/CataractData/semantic_segmentation/Annotations/Images-and-Supervisely-Annotations/case_5013/img/case5013_58.png,/data/shared/CataractData/semantic_segmentation/Annotations/Images-and-Supervisely-Annotations/case_5013/mask_anatomy_inst/case5013_58.png
58,/data/shared/CataractData/semantic_segmentation/Annotations/Images-and-Supervisely-Annotations/case_5013/img/case5013_59.png,/data/shared/CataractData/semantic_segmentation/Annotations/Images-and-Supervisely-Annotations/case_5013/mask_anatomy_inst/case5013_59.png
59,/data/shared/CataractData/semantic_segmentation/Annotations/Images-and-Supervisely-Annotations/case_5013/img/case5013_60.png,/data/shared/CataractData/semantic_segmentation/Annotations/Images-and-Supervisely-Annotations/case_5013/mask_anatomy_inst/case5013_60.png
60,/data/shared/CataractData/semantic_segmentation/Annotations/Images-and-Supervisely-Annotations/case_5013/img/case5013_61.png,/data/shared/CataractData/semantic_segmentation/Annotations/Images-and-Supervisely-Annotations/case_5013/mask_anatomy_inst/case5013_61.png
61,/data/shared/CataractData/semantic_segmentation/Annotations/Images-and-Supervisely-Annotations/case_5013/img/case5013_62.png,/data/shared/CataractData/semantic_segmentation/Annotations/Images-and-Supervisely-Annotations/case_5013/mask_anatomy_inst/case5013_62.png
62,/data/shared/CataractData/semantic_segmentation/Annotations/Images-and-Supervisely-Annotations/case_5013/img/case5013_63.png,/data/shared/CataractData/semantic_segmentation/Annotations/Images-and-Supervisely-Annotations/case_5013/mask_anatomy_inst/case5013_63.png
63,/data/shared/CataractData/semantic_segmentation/Annotations/Images-and-Supervisely-Annotations/case_5013/img/case5013_64.png,/data/shared/CataractData/semantic_segmentation/Annotations/Images-and-Supervisely-Annotations/case_5013/mask_anatomy_inst/case5013_64.png
64,/data/shared/CataractData/semantic_segmentation/Annotations/Images-and-Supervisely-Annotations/case_5013/img/case5013_65.png,/data/shared/CataractData/semantic_segmentation/Annotations/Images-and-Supervisely-Annotations/case_5013/mask_anatomy_inst/case5013_65.png
65,/data/shared/CataractData/semantic_segmentation/Annotations/Images-and-Supervisely-Annotations/case_5013/img/case5013_66.png,/data/shared/CataractData/semantic_segmentation/Annotations/Images-and-Supervisely-Annotations/case_5013/mask_anatomy_inst/case5013_66.png
66,/data/shared/CataractData/semantic_segmentation/Annotations/Images-and-Supervisely-Annotations/case_5013/img/case5013_67.png,/data/shared/CataractData/semantic_segmentation/Annotations/Images-and-Supervisely-Annotations/case_5013/mask_anatomy_inst/case5013_67.png
67,/data/shared/CataractData/semantic_segmentation/Annotations/Images-and-Supervisely-Annotations/case_5013/img/case5013_68.png,/data/shared/CataractData/semantic_segmentation/Annotations/Images-and-Supervisely-Annotations/case_5013/mask_anatomy_inst/case5013_68.png
68,/data/shared/CataractData/semantic_segmentation/Annotations/Images-and-Supervisely-Annotations/case_5013/img/case5013_69.png,/data/shared/CataractData/semantic_segmentation/Annotations/Images-and-Supervisely-Annotations/case_5013/mask_anatomy_inst/case5013_69.png
69,/data/shared/CataractData/semantic_segmentation/Annotations/Images-and-Supervisely-Annotations/case_5014/img/case5014_01.png,/data/shared/CataractData/semantic_segmentation/Annotations/Images-and-Supervisely-Annotations/case_5014/mask_anatomy_inst/case5014_01.png
70,/data/shared/CataractData/semantic_segmentation/Annotations/Images-and-Supervisely-Annotations/case_5014/img/case5014_02.png,/data/shared/CataractData/semantic_segmentation/Annotations/Images-and-Supervisely-Annotations/case_5014/mask_anatomy_inst/case5014_02.png
71,/data/shared/CataractData/semantic_segmentation/Annotations/Images-and-Supervisely-Annotations/case_5014/img/case5014_03.png,/data/shared/CataractData/semantic_segmentation/Annotations/Images-and-Supervisely-Annotations/case_5014/mask_anatomy_inst/case5014_03.png
72,/data/shared/CataractData/semantic_segmentation/Annotations/Images-and-Supervisely-Annotations/case_5014/img/case5014_04.png,/data/shared/CataractData/semantic_segmentation/Annotations/Images-and-Supervisely-Annotations/case_5014/mask_anatomy_inst/case5014_04.png
73,/data/shared/CataractData/semantic_segmentation/Annotations/Images-and-Supervisely-Annotations/case_5014/img/case5014_05.png,/data/shared/CataractData/semantic_segmentation/Annotations/Images-and-Supervisely-Annotations/case_5014/mask_anatomy_inst/case5014_05.png
74,/data/shared/CataractData/semantic_segmentation/Annotations/Images-and-Supervisely-Annotations/case_5014/img/case5014_06.png,/data/shared/CataractData/semantic_segmentation/Annotations/Images-and-Supervisely-Annotations/case_5014/mask_anatomy_inst/case5014_06.png
75,/data/shared/CataractData/semantic_segmentation/Annotations/Images-and-Supervisely-Annotations/case_5014/img/case5014_07.png,/data/shared/CataractData/semantic_segmentation/Annotations/Images-and-Supervisely-Annotations/case_5014/mask_anatomy_inst/case5014_07.png
76,/data/shared/CataractData/semantic_segmentation/Annotations/Images-and-Supervisely-Annotations/case_5014/img/case5014_08.png,/data/shared/CataractData/semantic_segmentation/Annotations/Images-and-Supervisely-Annotations/case_5014/mask_anatomy_inst/case5014_08.png
77,/data/shared/CataractData/semantic_segmentation/Annotations/Images-and-Supervisely-Annotations/case_5014/img/case5014_09.png,/data/shared/CataractData/semantic_segmentation/Annotations/Images-and-Supervisely-Annotations/case_5014/mask_anatomy_inst/case5014_09.png
78,/data/shared/CataractData/semantic_segmentation/Annotations/Images-and-Supervisely-Annotations/case_5014/img/case5014_10.png,/data/shared/CataractData/semantic_segmentation/Annotations/Images-and-Supervisely-Annotations/case_5014/mask_anatomy_inst/case5014_10.png
79,/data/shared/CataractData/semantic_segmentation/Annotations/Images-and-Supervisely-Annotations/case_5014/img/case5014_11.png,/data/shared/CataractData/semantic_segmentation/Annotations/Images-and-Supervisely-Annotations/case_5014/mask_anatomy_inst/case5014_11.png
80,/data/shared/CataractData/semantic_segmentation/Annotations/Images-and-Supervisely-Annotations/case_5014/img/case5014_12.png,/data/shared/CataractData/semantic_segmentation/Annotations/Images-and-Supervisely-Annotations/case_5014/mask_anatomy_inst/case5014_12.png
81,/data/shared/CataractData/semantic_segmentation/Annotations/Images-and-Supervisely-Annotations/case_5014/img/case5014_13.png,/data/shared/CataractData/semantic_segmentation/Annotations/Images-and-Supervisely-Annotations/case_5014/mask_anatomy_inst/case5014_13.png
82,/data/shared/CataractData/semantic_segmentation/Annotations/Images-and-Supervisely-Annotations/case_5014/img/case5014_14.png,/data/shared/CataractData/semantic_segmentation/Annotations/Images-and-Supervisely-Annotations/case_5014/mask_anatomy_inst/case5014_14.png
83,/data/shared/CataractData/semantic_segmentation/Annotations/Images-and-Supervisely-Annotations/case_5014/img/case5014_15.png,/data/shared/CataractData/semantic_segmentation/Annotations/Images-and-Supervisely-Annotations/case_5014/mask_anatomy_inst/case5014_15.png
84,/data/shared/CataractData/semantic_segmentation/Annotations/Images-and-Supervisely-Annotations/case_5014/img/case5014_16.png,/data/shared/CataractData/semantic_segmentation/Annotations/Images-and-Supervisely-Annotations/case_5014/mask_anatomy_inst/case5014_16.png
85,/data/shared/CataractData/semantic_segmentation/Annotations/Images-and-Supervisely-Annotations/case_5014/img/case5014_17.png,/data/shared/CataractData/semantic_segmentation/Annotations/Images-and-Supervisely-Annotations/case_5014/mask_anatomy_inst/case5014_17.png
86,/data/shared/CataractData/semantic_segmentation/Annotations/Images-and-Supervisely-Annotations/case_5014/img/case5014_18.png,/data/shared/CataractData/semantic_segmentation/Annotations/Images-and-Supervisely-Annotations/case_5014/mask_anatomy_inst/case5014_18.png
87,/data/shared/CataractData/semantic_segmentation/Annotations/Images-and-Supervisely-Annotations/case_5014/img/case5014_19.png,/data/shared/CataractData/semantic_segmentation/Annotations/Images-and-Supervisely-Annotations/case_5014/mask_anatomy_inst/case5014_19.png
88,/data/shared/CataractData/semantic_segmentation/Annotations/Images-and-Supervisely-Annotations/case_5014/img/case5014_20.png,/data/shared/CataractData/semantic_segmentation/Annotations/Images-and-Supervisely-Annotations/case_5014/mask_anatomy_inst/case5014_20.png
89,/data/shared/CataractData/semantic_segmentation/Annotations/Images-and-Supervisely-Annotations/case_5014/img/case5014_21.png,/data/shared/CataractData/semantic_segmentation/Annotations/Images-and-Supervisely-Annotations/case_5014/mask_anatomy_inst/case5014_21.png
90,/data/shared/CataractData/semantic_segmentation/Annotations/Images-and-Supervisely-Annotations/case_5014/img/case5014_22.png,/data/shared/CataractData/semantic_segmentation/Annotations/Images-and-Supervisely-Annotations/case_5014/mask_anatomy_inst/case5014_22.png
91,/data/shared/CataractData/semantic_segmentation/Annotations/Images-and-Supervisely-Annotations/case_5014/img/case5014_23.png,/data/shared/CataractData/semantic_segmentation/Annotations/Images-and-Supervisely-Annotations/case_5014/mask_anatomy_inst/case5014_23.png
92,/data/shared/CataractData/semantic_segmentation/Annotations/Images-and-Supervisely-Annotations/case_5014/img/case5014_24.png,/data/shared/CataractData/semantic_segmentation/Annotations/Images-and-Supervisely-Annotations/case_5014/mask_anatomy_inst/case5014_24.png
93,/data/shared/CataractData/semantic_segmentation/Annotations/Images-and-Supervisely-Annotations/case_5014/img/case5014_25.png,/data/shared/CataractData/semantic_segmentation/Annotations/Images-and-Supervisely-Annotations/case_5014/mask_anatomy_inst/case5014_25.png
94,/data/shared/CataractData/semantic_segmentation/Annotations/Images-and-Supervisely-Annotations/case_5014/img/case5014_26.png,/data/shared/CataractData/semantic_segmentation/Annotations/Images-and-Supervisely-Annotations/case_5014/mask_anatomy_inst/case5014_26.png
95,/data/shared/CataractData/semantic_segmentation/Annotations/Images-and-Supervisely-Annotations/case_5014/img/case5014_27.png,/data/shared/CataractData/semantic_segmentation/Annotations/Images-and-Supervisely-Annotations/case_5014/mask_anatomy_inst/case5014_27.png
96,/data/shared/CataractData/semantic_segmentation/Annotations/Images-and-Supervisely-Annotations/case_5014/img/case5014_28.png,/data/shared/CataractData/semantic_segmentation/Annotations/Images-and-Supervisely-Annotations/case_5014/mask_anatomy_inst/case5014_28.png
97,/data/shared/CataractData/semantic_segmentation/Annotations/Images-and-Supervisely-Annotations/case_5014/img/case5014_29.png,/data/shared/CataractData/semantic_segmentation/Annotations/Images-and-Supervisely-Annotations/case_5014/mask_anatomy_inst/case5014_29.png
98,/data/shared/CataractData/semantic_segmentation/Annotations/Images-and-Supervisely-Annotations/case_5014/img/case5014_30.png,/data/shared/CataractData/semantic_segmentation/Annotations/Images-and-Supervisely-Annotations/case_5014/mask_anatomy_inst/case5014_30.png
99,/data/shared/CataractData/semantic_segmentation/Annotations/Images-and-Supervisely-Annotations/case_5014/img/case5014_31.png,/data/shared/CataractData/semantic_segmentation/Annotations/Images-and-Supervisely-Annotations/case_5014/mask_anatomy_inst/case5014_31.png
100,/data/shared/CataractData/semantic_segmentation/Annotations/Images-and-Supervisely-Annotations/case_5014/img/case5014_32.png,/data/shared/CataractData/semantic_segmentation/Annotations/Images-and-Supervisely-Annotations/case_5014/mask_anatomy_inst/case5014_32.png
101,/data/shared/CataractData/semantic_segmentation/Annotations/Images-and-Supervisely-Annotations/case_5014/img/case5014_33.png,/data/shared/CataractData/semantic_segmentation/Annotations/Images-and-Supervisely-Annotations/case_5014/mask_anatomy_inst/case5014_33.png
102,/data/shared/CataractData/semantic_segmentation/Annotations/Images-and-Supervisely-Annotations/case_5014/img/case5014_34.png,/data/shared/CataractData/semantic_segmentation/Annotations/Images-and-Supervisely-Annotations/case_5014/mask_anatomy_inst/case5014_34.png
103,/data/shared/CataractData/semantic_segmentation/Annotations/Images-and-Supervisely-Annotations/case_5014/img/case5014_35.png,/data/shared/CataractData/semantic_segmentation/Annotations/Images-and-Supervisely-Annotations/case_5014/mask_anatomy_inst/case5014_35.png
104,/data/shared/CataractData/semantic_segmentation/Annotations/Images-and-Supervisely-Annotations/case_5014/img/case5014_36.png,/data/shared/CataractData/semantic_segmentation/Annotations/Images-and-Supervisely-Annotations/case_5014/mask_anatomy_inst/case5014_36.png
105,/data/shared/CataractData/semantic_segmentation/Annotations/Images-and-Supervisely-Annotations/case_5014/img/case5014_37.png,/data/shared/CataractData/semantic_segmentation/Annotations/Images-and-Supervisely-Annotations/case_5014/mask_anatomy_inst/case5014_37.png
106,/data/shared/CataractData/semantic_segmentation/Annotations/Images-and-Supervisely-Annotations/case_5014/img/case5014_38.png,/data/shared/CataractData/semantic_segmentation/Annotations/Images-and-Supervisely-Annotations/case_5014/mask_anatomy_inst/case5014_38.png
107,/data/shared/CataractData/semantic_segmentation/Annotations/Images-and-Supervisely-Annotations/case_5014/img/case5014_39.png,/data/shared/CataractData/semantic_segmentation/Annotations/Images-and-Supervisely-Annotations/case_5014/mask_anatomy_inst/case5014_39.png
108,/data/shared/CataractData/semantic_segmentation/Annotations/Images-and-Supervisely-Annotations/case_5014/img/case5014_40.png,/data/shared/CataractData/semantic_segmentation/Annotations/Images-and-Supervisely-Annotations/case_5014/mask_anatomy_inst/case5014_40.png
109,/data/shared/CataractData/semantic_segmentation/Annotations/Images-and-Supervisely-Annotations/case_5014/img/case5014_41.png,/data/shared/CataractData/semantic_segmentation/Annotations/Images-and-Supervisely-Annotations/case_5014/mask_anatomy_inst/case5014_41.png
110,/data/shared/CataractData/semantic_segmentation/Annotations/Images-and-Supervisely-Annotations/case_5014/img/case5014_42.png,/data/shared/CataractData/semantic_segmentation/Annotations/Images-and-Supervisely-Annotations/case_5014/mask_anatomy_inst/case5014_42.png
111,/data/shared/CataractData/semantic_segmentation/Annotations/Images-and-Supervisely-Annotations/case_5014/img/case5014_43.png,/data/shared/CataractData/semantic_segmentation/Annotations/Images-and-Supervisely-Annotations/case_5014/mask_anatomy_inst/case5014_43.png
112,/data/shared/CataractData/semantic_segmentation/Annotations/Images-and-Supervisely-Annotations/case_5014/img/case5014_44.png,/data/shared/CataractData/semantic_segmentation/Annotations/Images-and-Supervisely-Annotations/case_5014/mask_anatomy_inst/case5014_44.png
113,/data/shared/CataractData/semantic_segmentation/Annotations/Images-and-Supervisely-Annotations/case_5014/img/case5014_45.png,/data/shared/CataractData/semantic_segmentation/Annotations/Images-and-Supervisely-Annotations/case_5014/mask_anatomy_inst/case5014_45.png
114,/data/shared/CataractData/semantic_segmentation/Annotations/Images-and-Supervisely-Annotations/case_5014/img/case5014_46.png,/data/shared/CataractData/semantic_segmentation/Annotations/Images-and-Supervisely-Annotations/case_5014/mask_anatomy_inst/case5014_46.png
115,/data/shared/CataractData/semantic_segmentation/Annotations/Images-and-Supervisely-Annotations/case_5014/img/case5014_47.png,/data/shared/CataractData/semantic_segmentation/Annotations/Images-and-Supervisely-Annotations/case_5014/mask_anatomy_inst/case5014_47.png
116,/data/shared/CataractData/semantic_segmentation/Annotations/Images-and-Supervisely-Annotations/case_5014/img/case5014_48.png,/data/shared/CataractData/semantic_segmentation/Annotations/Images-and-Supervisely-Annotations/case_5014/mask_anatomy_inst/case5014_48.png
117,/data/shared/CataractData/semantic_segmentation/Annotations/Images-and-Supervisely-Annotations/case_5014/img/case5014_49.png,/data/shared/CataractData/semantic_segmentation/Annotations/Images-and-Supervisely-Annotations/case_5014/mask_anatomy_inst/case5014_49.png
118,/data/shared/CataractData/semantic_segmentation/Annotations/Images-and-Supervisely-Annotations/case_5014/img/case5014_50.png,/data/shared/CataractData/semantic_segmentation/Annotations/Images-and-Supervisely-Annotations/case_5014/mask_anatomy_inst/case5014_50.png
119,/data/shared/CataractData/semantic_segmentation/Annotations/Images-and-Supervisely-Annotations/case_5014/img/case5014_51.png,/data/shared/CataractData/semantic_segmentation/Annotations/Images-and-Supervisely-Annotations/case_5014/mask_anatomy_inst/case5014_51.png
120,/data/shared/CataractData/semantic_segmentation/Annotations/Images-and-Supervisely-Annotations/case_5014/img/case5014_52.png,/data/shared/CataractData/semantic_segmentation/Annotations/Images-and-Supervisely-Annotations/case_5014/mask_anatomy_inst/case5014_52.png
121,/data/shared/CataractData/semantic_segmentation/Annotations/Images-and-Supervisely-Annotations/case_5014/img/case5014_53.png,/data/shared/CataractData/semantic_segmentation/Annotations/Images-and-Supervisely-Annotations/case_5014/mask_anatomy_inst/case5014_53.png
122,/data/shared/CataractData/semantic_segmentation/Annotations/Images-and-Supervisely-Annotations/case_5014/img/case5014_54.png,/data/shared/CataractData/semantic_segmentation/Annotations/Images-and-Supervisely-Annotations/case_5014/mask_anatomy_inst/case5014_54.png
123,/data/shared/CataractData/semantic_segmentation/Annotations/Images-and-Supervisely-Annotations/case_5014/img/case5014_55.png,/data/shared/CataractData/semantic_segmentation/Annotations/Images-and-Supervisely-Annotations/case_5014/mask_anatomy_inst/case5014_55.png
124,/data/shared/CataractData/semantic_segmentation/Annotations/Images-and-Supervisely-Annotations/case_5014/img/case5014_56.png,/data/shared/CataractData/semantic_segmentation/Annotations/Images-and-Supervisely-Annotations/case_5014/mask_anatomy_inst/case5014_56.png
125,/data/shared/CataractData/semantic_segmentation/Annotations/Images-and-Supervisely-Annotations/case_5014/img/case5014_57.png,/data/shared/CataractData/semantic_segmentation/Annotations/Images-and-Supervisely-Annotations/case_5014/mask_anatomy_inst/case5014_57.png
126,/data/shared/CataractData/semantic_segmentation/Annotations/Images-and-Supervisely-Annotations/case_5014/img/case5014_58.png,/data/shared/CataractData/semantic_segmentation/Annotations/Images-and-Supervisely-Annotations/case_5014/mask_anatomy_inst/case5014_58.png
127,/data/shared/CataractData/semantic_segmentation/Annotations/Images-and-Supervisely-Annotations/case_5014/img/case5014_59.png,/data/shared/CataractData/semantic_segmentation/Annotations/Images-and-Supervisely-Annotations/case_5014/mask_anatomy_inst/case5014_59.png
128,/data/shared/CataractData/semantic_segmentation/Annotations/Images-and-Supervisely-Annotations/case_5014/img/case5014_60.png,/data/shared/CataractData/semantic_segmentation/Annotations/Images-and-Supervisely-Annotations/case_5014/mask_anatomy_inst/case5014_60.png
129,/data/shared/CataractData/semantic_segmentation/Annotations/Images-and-Supervisely-Annotations/case_5014/img/case5014_61.png,/data/shared/CataractData/semantic_segmentation/Annotations/Images-and-Supervisely-Annotations/case_5014/mask_anatomy_inst/case5014_61.png
130,/data/shared/CataractData/semantic_segmentation/Annotations/Images-and-Supervisely-Annotations/case_5014/img/case5014_62.png,/data/shared/CataractData/semantic_segmentation/Annotations/Images-and-Supervisely-Annotations/case_5014/mask_anatomy_inst/case5014_62.png
131,/data/shared/CataractData/semantic_segmentation/Annotations/Images-and-Supervisely-Annotations/case_5014/img/case5014_63.png,/data/shared/CataractData/semantic_segmentation/Annotations/Images-and-Supervisely-Annotations/case_5014/mask_anatomy_inst/case5014_63.png
132,/data/shared/CataractData/semantic_segmentation/Annotations/Images-and-Supervisely-Annotations/case_5014/img/case5014_64.png,/data/shared/CataractData/semantic_segmentation/Annotations/Images-and-Supervisely-Annotations/case_5014/mask_anatomy_inst/case5014_64.png
133,/data/shared/CataractData/semantic_segmentation/Annotations/Images-and-Supervisely-Annotations/case_5014/img/case5014_65.png,/data/shared/CataractData/semantic_segmentation/Annotations/Images-and-Supervisely-Annotations/case_5014/mask_anatomy_inst/case5014_65.png
134,/data/shared/CataractData/semantic_segmentation/Annotations/Images-and-Supervisely-Annotations/case_5014/img/case5014_66.png,/data/shared/CataractData/semantic_segmentation/Annotations/Images-and-Supervisely-Annotations/case_5014/mask_anatomy_inst/case5014_66.png
135,/data/shared/CataractData/semantic_segmentation/Annotations/Images-and-Supervisely-Annotations/case_5014/img/case5014_67.png,/data/shared/CataractData/semantic_segmentation/Annotations/Images-and-Supervisely-Annotations/case_5014/mask_anatomy_inst/case5014_67.png
136,/data/shared/CataractData/semantic_segmentation/Annotations/Images-and-Supervisely-Annotations/case_5014/img/case5014_68.png,/data/shared/CataractData/semantic_segmentation/Annotations/Images-and-Supervisely-Annotations/case_5014/mask_anatomy_inst/case5014_68.png
137,/data/shared/CataractData/semantic_segmentation/Annotations/Images-and-Supervisely-Annotations/case_5014/img/case5014_69.png,/data/shared/CataractData/semantic_segmentation/Annotations/Images-and-Supervisely-Annotations/case_5014/mask_anatomy_inst/case5014_69.png
138,/data/shared/CataractData/semantic_segmentation/Annotations/Images-and-Supervisely-Annotations/case_5014/img/case5014_70.png,/data/shared/CataractData/semantic_segmentation/Annotations/Images-and-Supervisely-Annotations/case_5014/mask_anatomy_inst/case5014_70.png
139,/data/shared/CataractData/semantic_segmentation/Annotations/Images-and-Supervisely-Annotations/case_5014/img/case5014_71.png,/data/shared/CataractData/semantic_segmentation/Annotations/Images-and-Supervisely-Annotations/case_5014/mask_anatomy_inst/case5014_71.png
140,/data/shared/CataractData/semantic_segmentation/Annotations/Images-and-Supervisely-Annotations/case_5014/img/case5014_72.png,/data/shared/CataractData/semantic_segmentation/Annotations/Images-and-Supervisely-Annotations/case_5014/mask_anatomy_inst/case5014_72.png
141,/data/shared/CataractData/semantic_segmentation/Annotations/Images-and-Supervisely-Annotations/case_5014/img/case5014_73.png,/data/shared/CataractData/semantic_segmentation/Annotations/Images-and-Supervisely-Annotations/case_5014/mask_anatomy_inst/case5014_73.png
142,/data/shared/CataractData/semantic_segmentation/Annotations/Images-and-Supervisely-Annotations/case_5014/img/case5014_74.png,/data/shared/CataractData/semantic_segmentation/Annotations/Images-and-Supervisely-Annotations/case_5014/mask_anatomy_inst/case5014_74.png
143,/data/shared/CataractData/semantic_segmentation/Annotations/Images-and-Supervisely-Annotations/case_5014/img/case5014_75.png,/data/shared/CataractData/semantic_segmentation/Annotations/Images-and-Supervisely-Annotations/case_5014/mask_anatomy_inst/case5014_75.png
144,/data/shared/CataractData/semantic_segmentation/Annotations/Images-and-Supervisely-Annotations/case_5014/img/case5014_76.png,/data/shared/CataractData/semantic_segmentation/Annotations/Images-and-Supervisely-Annotations/case_5014/mask_anatomy_inst/case5014_76.png
145,/data/shared/CataractData/semantic_segmentation/Annotations/Images-and-Supervisely-Annotations/case_5014/img/case5014_77.png,/data/shared/CataractData/semantic_segmentation/Annotations/Images-and-Supervisely-Annotations/case_5014/mask_anatomy_inst/case5014_77.png
146,/data/shared/CataractData/semantic_segmentation/Annotations/Images-and-Supervisely-Annotations/case_5014/img/case5014_78.png,/data/shared/CataractData/semantic_segmentation/Annotations/Images-and-Supervisely-Annotations/case_5014/mask_anatomy_inst/case5014_78.png
147,/data/shared/CataractData/semantic_segmentation/Annotations/Images-and-Supervisely-Annotations/case_5014/img/case5014_79.png,/data/shared/CataractData/semantic_segmentation/Annotations/Images-and-Supervisely-Annotations/case_5014/mask_anatomy_inst/case5014_79.png
148,/data/shared/CataractData/semantic_segmentation/Annotations/Images-and-Supervisely-Annotations/case_5014/img/case5014_80.png,/data/shared/CataractData/semantic_segmentation/Annotations/Images-and-Supervisely-Annotations/case_5014/mask_anatomy_inst/case5014_80.png
149,/data/shared/CataractData/semantic_segmentation/Annotations/Images-and-Supervisely-Annotations/case_5015/img/case5015_01.png,/data/shared/CataractData/semantic_segmentation/Annotations/Images-and-Supervisely-Annotations/case_5015/mask_anatomy_inst/case5015_01.png
150,/data/shared/CataractData/semantic_segmentation/Annotations/Images-and-Supervisely-Annotations/case_5015/img/case5015_02.png,/data/shared/CataractData/semantic_segmentation/Annotations/Images-and-Supervisely-Annotations/case_5015/mask_anatomy_inst/case5015_02.png
151,/data/shared/CataractData/semantic_segmentation/Annotations/Images-and-Supervisely-Annotations/case_5015/img/case5015_03.png,/data/shared/CataractData/semantic_segmentation/Annotations/Images-and-Supervisely-Annotations/case_5015/mask_anatomy_inst/case5015_03.png
152,/data/shared/CataractData/semantic_segmentation/Annotations/Images-and-Supervisely-Annotations/case_5015/img/case5015_04.png,/data/shared/CataractData/semantic_segmentation/Annotations/Images-and-Supervisely-Annotations/case_5015/mask_anatomy_inst/case5015_04.png
153,/data/shared/CataractData/semantic_segmentation/Annotations/Images-and-Supervisely-Annotations/case_5015/img/case5015_05.png,/data/shared/CataractData/semantic_segmentation/Annotations/Images-and-Supervisely-Annotations/case_5015/mask_anatomy_inst/case5015_05.png
154,/data/shared/CataractData/semantic_segmentation/Annotations/Images-and-Supervisely-Annotations/case_5015/img/case5015_06.png,/data/shared/CataractData/semantic_segmentation/Annotations/Images-and-Supervisely-Annotations/case_5015/mask_anatomy_inst/case5015_06.png
155,/data/shared/CataractData/semantic_segmentation/Annotations/Images-and-Supervisely-Annotations/case_5015/img/case5015_07.png,/data/shared/CataractData/semantic_segmentation/Annotations/Images-and-Supervisely-Annotations/case_5015/mask_anatomy_inst/case5015_07.png
156,/data/shared/CataractData/semantic_segmentation/Annotations/Images-and-Supervisely-Annotations/case_5015/img/case5015_08.png,/data/shared/CataractData/semantic_segmentation/Annotations/Images-and-Supervisely-Annotations/case_5015/mask_anatomy_inst/case5015_08.png
157,/data/shared/CataractData/semantic_segmentation/Annotations/Images-and-Supervisely-Annotations/case_5015/img/case5015_09.png,/data/shared/CataractData/semantic_segmentation/Annotations/Images-and-Supervisely-Annotations/case_5015/mask_anatomy_inst/case5015_09.png
158,/data/shared/CataractData/semantic_segmentation/Annotations/Images-and-Supervisely-Annotations/case_5015/img/case5015_10.png,/data/shared/CataractData/semantic_segmentation/Annotations/Images-and-Supervisely-Annotations/case_5015/mask_anatomy_inst/case5015_10.png
159,/data/shared/CataractData/semantic_segmentation/Annotations/Images-and-Supervisely-Annotations/case_5015/img/case5015_11.png,/data/shared/CataractData/semantic_segmentation/Annotations/Images-and-Supervisely-Annotations/case_5015/mask_anatomy_inst/case5015_11.png
160,/data/shared/CataractData/semantic_segmentation/Annotations/Images-and-Supervisely-Annotations/case_5015/img/case5015_12.png,/data/shared/CataractData/semantic_segmentation/Annotations/Images-and-Supervisely-Annotations/case_5015/mask_anatomy_inst/case5015_12.png
161,/data/shared/CataractData/semantic_segmentation/Annotations/Images-and-Supervisely-Annotations/case_5015/img/case5015_13.png,/data/shared/CataractData/semantic_segmentation/Annotations/Images-and-Supervisely-Annotations/case_5015/mask_anatomy_inst/case5015_13.png
162,/data/shared/CataractData/semantic_segmentation/Annotations/Images-and-Supervisely-Annotations/case_5015/img/case5015_14.png,/data/shared/CataractData/semantic_segmentation/Annotations/Images-and-Supervisely-Annotations/case_5015/mask_anatomy_inst/case5015_14.png
163,/data/shared/CataractData/semantic_segmentation/Annotations/Images-and-Supervisely-Annotations/case_5015/img/case5015_15.png,/data/shared/CataractData/semantic_segmentation/Annotations/Images-and-Supervisely-Annotations/case_5015/mask_anatomy_inst/case5015_15.png
164,/data/shared/CataractData/semantic_segmentation/Annotations/Images-and-Supervisely-Annotations/case_5015/img/case5015_16.png,/data/shared/CataractData/semantic_segmentation/Annotations/Images-and-Supervisely-Annotations/case_5015/mask_anatomy_inst/case5015_16.png
165,/data/shared/CataractData/semantic_segmentation/Annotations/Images-and-Supervisely-Annotations/case_5015/img/case5015_17.png,/data/shared/CataractData/semantic_segmentation/Annotations/Images-and-Supervisely-Annotations/case_5015/mask_anatomy_inst/case5015_17.png
166,/data/shared/CataractData/semantic_segmentation/Annotations/Images-and-Supervisely-Annotations/case_5015/img/case5015_18.png,/data/shared/CataractData/semantic_segmentation/Annotations/Images-and-Supervisely-Annotations/case_5015/mask_anatomy_inst/case5015_18.png
167,/data/shared/CataractData/semantic_segmentation/Annotations/Images-and-Supervisely-Annotations/case_5015/img/case5015_19.png,/data/shared/CataractData/semantic_segmentation/Annotations/Images-and-Supervisely-Annotations/case_5015/mask_anatomy_inst/case5015_19.png
168,/data/shared/CataractData/semantic_segmentation/Annotations/Images-and-Supervisely-Annotations/case_5015/img/case5015_20.png,/data/shared/CataractData/semantic_segmentation/Annotations/Images-and-Supervisely-Annotations/case_5015/mask_anatomy_inst/case5015_20.png
169,/data/shared/CataractData/semantic_segmentation/Annotations/Images-and-Supervisely-Annotations/case_5015/img/case5015_21.png,/data/shared/CataractData/semantic_segmentation/Annotations/Images-and-Supervisely-Annotations/case_5015/mask_anatomy_inst/case5015_21.png
170,/data/shared/CataractData/semantic_segmentation/Annotations/Images-and-Supervisely-Annotations/case_5015/img/case5015_22.png,/data/shared/CataractData/semantic_segmentation/Annotations/Images-and-Supervisely-Annotations/case_5015/mask_anatomy_inst/case5015_22.png
171,/data/shared/CataractData/semantic_segmentation/Annotations/Images-and-Supervisely-Annotations/case_5015/img/case5015_23.png,/data/shared/CataractData/semantic_segmentation/Annotations/Images-and-Supervisely-Annotations/case_5015/mask_anatomy_inst/case5015_23.png
172,/data/shared/CataractData/semantic_segmentation/Annotations/Images-and-Supervisely-Annotations/case_5015/img/case5015_24.png,/data/shared/CataractData/semantic_segmentation/Annotations/Images-and-Supervisely-Annotations/case_5015/mask_anatomy_inst/case5015_24.png
173,/data/shared/CataractData/semantic_segmentation/Annotations/Images-and-Supervisely-Annotations/case_5015/img/case5015_25.png,/data/shared/CataractData/semantic_segmentation/Annotations/Images-and-Supervisely-Annotations/case_5015/mask_anatomy_inst/case5015_25.png
174,/data/shared/CataractData/semantic_segmentation/Annotations/Images-and-Supervisely-Annotations/case_5015/img/case5015_26.png,/data/shared/CataractData/semantic_segmentation/Annotations/Images-and-Supervisely-Annotations/case_5015/mask_anatomy_inst/case5015_26.png
175,/data/shared/CataractData/semantic_segmentation/Annotations/Images-and-Supervisely-Annotations/case_5015/img/case5015_27.png,/data/shared/CataractData/semantic_segmentation/Annotations/Images-and-Supervisely-Annotations/case_5015/mask_anatomy_inst/case5015_27.png
176,/data/shared/CataractData/semantic_segmentation/Annotations/Images-and-Supervisely-Annotations/case_5015/img/case5015_28.png,/data/shared/CataractData/semantic_segmentation/Annotations/Images-and-Supervisely-Annotations/case_5015/mask_anatomy_inst/case5015_28.png
177,/data/shared/CataractData/semantic_segmentation/Annotations/Images-and-Supervisely-Annotations/case_5015/img/case5015_29.png,/data/shared/CataractData/semantic_segmentation/Annotations/Images-and-Supervisely-Annotations/case_5015/mask_anatomy_inst/case5015_29.png
178,/data/shared/CataractData/semantic_segmentation/Annotations/Images-and-Supervisely-Annotations/case_5015/img/case5015_30.png,/data/shared/CataractData/semantic_segmentation/Annotations/Images-and-Supervisely-Annotations/case_5015/mask_anatomy_inst/case5015_30.png
179,/data/shared/CataractData/semantic_segmentation/Annotations/Images-and-Supervisely-Annotations/case_5015/img/case5015_31.png,/data/shared/CataractData/semantic_segmentation/Annotations/Images-and-Supervisely-Annotations/case_5015/mask_anatomy_inst/case5015_31.png
180,/data/shared/CataractData/semantic_segmentation/Annotations/Images-and-Supervisely-Annotations/case_5015/img/case5015_32.png,/data/shared/CataractData/semantic_segmentation/Annotations/Images-and-Supervisely-Annotations/case_5015/mask_anatomy_inst/case5015_32.png
181,/data/shared/CataractData/semantic_segmentation/Annotations/Images-and-Supervisely-Annotations/case_5015/img/case5015_33.png,/data/shared/CataractData/semantic_segmentation/Annotations/Images-and-Supervisely-Annotations/case_5015/mask_anatomy_inst/case5015_33.png
182,/data/shared/CataractData/semantic_segmentation/Annotations/Images-and-Supervisely-Annotations/case_5015/img/case5015_34.png,/data/shared/CataractData/semantic_segmentation/Annotations/Images-and-Supervisely-Annotations/case_5015/mask_anatomy_inst/case5015_34.png
183,/data/shared/CataractData/semantic_segmentation/Annotations/Images-and-Supervisely-Annotations/case_5015/img/case5015_35.png,/data/shared/CataractData/semantic_segmentation/Annotations/Images-and-Supervisely-Annotations/case_5015/mask_anatomy_inst/case5015_35.png
184,/data/shared/CataractData/semantic_segmentation/Annotations/Images-and-Supervisely-Annotations/case_5015/img/case5015_36.png,/data/shared/CataractData/semantic_segmentation/Annotations/Images-and-Supervisely-Annotations/case_5015/mask_anatomy_inst/case5015_36.png
185,/data/shared/CataractData/semantic_segmentation/Annotations/Images-and-Supervisely-Annotations/case_5015/img/case5015_37.png,/data/shared/CataractData/semantic_segmentation/Annotations/Images-and-Supervisely-Annotations/case_5015/mask_anatomy_inst/case5015_37.png
186,/data/shared/CataractData/semantic_segmentation/Annotations/Images-and-Supervisely-Annotations/case_5015/img/case5015_38.png,/data/shared/CataractData/semantic_segmentation/Annotations/Images-and-Supervisely-Annotations/case_5015/mask_anatomy_inst/case5015_38.png
187,/data/shared/CataractData/semantic_segmentation/Annotations/Images-and-Supervisely-Annotations/case_5015/img/case5015_39.png,/data/shared/CataractData/semantic_segmentation/Annotations/Images-and-Supervisely-Annotations/case_5015/mask_anatomy_inst/case5015_39.png
188,/data/shared/CataractData/semantic_segmentation/Annotations/Images-and-Supervisely-Annotations/case_5015/img/case5015_40.png,/data/shared/CataractData/semantic_segmentation/Annotations/Images-and-Supervisely-Annotations/case_5015/mask_anatomy_inst/case5015_40.png
189,/data/shared/CataractData/semantic_segmentation/Annotations/Images-and-Supervisely-Annotations/case_5015/img/case5015_41.png,/data/shared/CataractData/semantic_segmentation/Annotations/Images-and-Supervisely-Annotations/case_5015/mask_anatomy_inst/case5015_41.png
190,/data/shared/CataractData/semantic_segmentation/Annotations/Images-and-Supervisely-Annotations/case_5015/img/case5015_42.png,/data/shared/CataractData/semantic_segmentation/Annotations/Images-and-Supervisely-Annotations/case_5015/mask_anatomy_inst/case5015_42.png
191,/data/shared/CataractData/semantic_segmentation/Annotations/Images-and-Supervisely-Annotations/case_5015/img/case5015_43.png,/data/shared/CataractData/semantic_segmentation/Annotations/Images-and-Supervisely-Annotations/case_5015/mask_anatomy_inst/case5015_43.png
192,/data/shared/CataractData/semantic_segmentation/Annotations/Images-and-Supervisely-Annotations/case_5015/img/case5015_44.png,/data/shared/CataractData/semantic_segmentation/Annotations/Images-and-Supervisely-Annotations/case_5015/mask_anatomy_inst/case5015_44.png
193,/data/shared/CataractData/semantic_segmentation/Annotations/Images-and-Supervisely-Annotations/case_5015/img/case5015_45.png,/data/shared/CataractData/semantic_segmentation/Annotations/Images-and-Supervisely-Annotations/case_5015/mask_anatomy_inst/case5015_45.png
194,/data/shared/CataractData/semantic_segmentation/Annotations/Images-and-Supervisely-Annotations/case_5015/img/case5015_46.png,/data/shared/CataractData/semantic_segmentation/Annotations/Images-and-Supervisely-Annotations/case_5015/mask_anatomy_inst/case5015_46.png
195,/data/shared/CataractData/semantic_segmentation/Annotations/Images-and-Supervisely-Annotations/case_5015/img/case5015_47.png,/data/shared/CataractData/semantic_segmentation/Annotations/Images-and-Supervisely-Annotations/case_5015/mask_anatomy_inst/case5015_47.png
196,/data/shared/CataractData/semantic_segmentation/Annotations/Images-and-Supervisely-Annotations/case_5015/img/case5015_48.png,/data/shared/CataractData/semantic_segmentation/Annotations/Images-and-Supervisely-Annotations/case_5015/mask_anatomy_inst/case5015_48.png
197,/data/shared/CataractData/semantic_segmentation/Annotations/Images-and-Supervisely-Annotations/case_5015/img/case5015_49.png,/data/shared/CataractData/semantic_segmentation/Annotations/Images-and-Supervisely-Annotations/case_5015/mask_anatomy_inst/case5015_49.png
198,/data/shared/CataractData/semantic_segmentation/Annotations/Images-and-Supervisely-Annotations/case_5015/img/case5015_50.png,/data/shared/CataractData/semantic_segmentation/Annotations/Images-and-Supervisely-Annotations/case_5015/mask_anatomy_inst/case5015_50.png
199,/data/shared/CataractData/semantic_segmentation/Annotations/Images-and-Supervisely-Annotations/case_5015/img/case5015_51.png,/data/shared/CataractData/semantic_segmentation/Annotations/Images-and-Supervisely-Annotations/case_5015/mask_anatomy_inst/case5015_51.png
200,/data/shared/CataractData/semantic_segmentation/Annotations/Images-and-Supervisely-Annotations/case_5015/img/case5015_52.png,/data/shared/CataractData/semantic_segmentation/Annotations/Images-and-Supervisely-Annotations/case_5015/mask_anatomy_inst/case5015_52.png
201,/data/shared/CataractData/semantic_segmentation/Annotations/Images-and-Supervisely-Annotations/case_5015/img/case5015_53.png,/data/shared/CataractData/semantic_segmentation/Annotations/Images-and-Supervisely-Annotations/case_5015/mask_anatomy_inst/case5015_53.png
202,/data/shared/CataractData/semantic_segmentation/Annotations/Images-and-Supervisely-Annotations/case_5015/img/case5015_54.png,/data/shared/CataractData/semantic_segmentation/Annotations/Images-and-Supervisely-Annotations/case_5015/mask_anatomy_inst/case5015_54.png
203,/data/shared/CataractData/semantic_segmentation/Annotations/Images-and-Supervisely-Annotations/case_5015/img/case5015_55.png,/data/shared/CataractData/semantic_segmentation/Annotations/Images-and-Supervisely-Annotations/case_5015/mask_anatomy_inst/case5015_55.png
204,/data/shared/CataractData/semantic_segmentation/Annotations/Images-and-Supervisely-Annotations/case_5015/img/case5015_56.png,/data/shared/CataractData/semantic_segmentation/Annotations/Images-and-Supervisely-Annotations/case_5015/mask_anatomy_inst/case5015_56.png
205,/data/shared/CataractData/semantic_segmentation/Annotations/Images-and-Supervisely-Annotations/case_5015/img/case5015_57.png,/data/shared/CataractData/semantic_segmentation/Annotations/Images-and-Supervisely-Annotations/case_5015/mask_anatomy_inst/case5015_57.png
206,/data/shared/CataractData/semantic_segmentation/Annotations/Images-and-Supervisely-Annotations/case_5015/img/case5015_58.png,/data/shared/CataractData/semantic_segmentation/Annotations/Images-and-Supervisely-Annotations/case_5015/mask_anatomy_inst/case5015_58.png
207,/data/shared/CataractData/semantic_segmentation/Annotations/Images-and-Supervisely-Annotations/case_5015/img/case5015_59.png,/data/shared/CataractData/semantic_segmentation/Annotations/Images-and-Supervisely-Annotations/case_5015/mask_anatomy_inst/case5015_59.png
208,/data/shared/CataractData/semantic_segmentation/Annotations/Images-and-Supervisely-Annotations/case_5015/img/case5015_60.png,/data/shared/CataractData/semantic_segmentation/Annotations/Images-and-Supervisely-Annotations/case_5015/mask_anatomy_inst/case5015_60.png
209,/data/shared/CataractData/semantic_segmentation/Annotations/Images-and-Supervisely-Annotations/case_5015/img/case5015_61.png,/data/shared/CataractData/semantic_segmentation/Annotations/Images-and-Supervisely-Annotations/case_5015/mask_anatomy_inst/case5015_61.png
210,/data/shared/CataractData/semantic_segmentation/Annotations/Images-and-Supervisely-Annotations/case_5015/img/case5015_62.png,/data/shared/CataractData/semantic_segmentation/Annotations/Images-and-Supervisely-Annotations/case_5015/mask_anatomy_inst/case5015_62.png
211,/data/shared/CataractData/semantic_segmentation/Annotations/Images-and-Supervisely-Annotations/case_5015/img/case5015_63.png,/data/shared/CataractData/semantic_segmentation/Annotations/Images-and-Supervisely-Annotations/case_5015/mask_anatomy_inst/case5015_63.png
212,/data/shared/CataractData/semantic_segmentation/Annotations/Images-and-Supervisely-Annotations/case_5015/img/case5015_64.png,/data/shared/CataractData/semantic_segmentation/Annotations/Images-and-Supervisely-Annotations/case_5015/mask_anatomy_inst/case5015_64.png
213,/data/shared/CataractData/semantic_segmentation/Annotations/Images-and-Supervisely-Annotations/case_5015/img/case5015_65.png,/data/shared/CataractData/semantic_segmentation/Annotations/Images-and-Supervisely-Annotations/case_5015/mask_anatomy_inst/case5015_65.png
214,/data/shared/CataractData/semantic_segmentation/Annotations/Images-and-Supervisely-Annotations/case_5015/img/case5015_66.png,/data/shared/CataractData/semantic_segmentation/Annotations/Images-and-Supervisely-Annotations/case_5015/mask_anatomy_inst/case5015_66.png
215,/data/shared/CataractData/semantic_segmentation/Annotations/Images-and-Supervisely-Annotations/case_5015/img/case5015_67.png,/data/shared/CataractData/semantic_segmentation/Annotations/Images-and-Supervisely-Annotations/case_5015/mask_anatomy_inst/case5015_67.png
216,/data/shared/CataractData/semantic_segmentation/Annotations/Images-and-Supervisely-Annotations/case_5015/img/case5015_68.png,/data/shared/CataractData/semantic_segmentation/Annotations/Images-and-Supervisely-Annotations/case_5015/mask_anatomy_inst/case5015_68.png
217,/data/shared/CataractData/semantic_segmentation/Annotations/Images-and-Supervisely-Annotations/case_5017/img/case5017_01.png,/data/shared/CataractData/semantic_segmentation/Annotations/Images-and-Supervisely-Annotations/case_5017/mask_anatomy_inst/case5017_01.png
218,/data/shared/CataractData/semantic_segmentation/Annotations/Images-and-Supervisely-Annotations/case_5017/img/case5017_02.png,/data/shared/CataractData/semantic_segmentation/Annotations/Images-and-Supervisely-Annotations/case_5017/mask_anatomy_inst/case5017_02.png
219,/data/shared/CataractData/semantic_segmentation/Annotations/Images-and-Supervisely-Annotations/case_5017/img/case5017_03.png,/data/shared/CataractData/semantic_segmentation/Annotations/Images-and-Supervisely-Annotations/case_5017/mask_anatomy_inst/case5017_03.png
220,/data/shared/CataractData/semantic_segmentation/Annotations/Images-and-Supervisely-Annotations/case_5017/img/case5017_04.png,/data/shared/CataractData/semantic_segmentation/Annotations/Images-and-Supervisely-Annotations/case_5017/mask_anatomy_inst/case5017_04.png
221,/data/shared/CataractData/semantic_segmentation/Annotations/Images-and-Supervisely-Annotations/case_5017/img/case5017_05.png,/data/shared/CataractData/semantic_segmentation/Annotations/Images-and-Supervisely-Annotations/case_5017/mask_anatomy_inst/case5017_05.png
222,/data/shared/CataractData/semantic_segmentation/Annotations/Images-and-Supervisely-Annotations/case_5017/img/case5017_06.png,/data/shared/CataractData/semantic_segmentation/Annotations/Images-and-Supervisely-Annotations/case_5017/mask_anatomy_inst/case5017_06.png
223,/data/shared/CataractData/semantic_segmentation/Annotations/Images-and-Supervisely-Annotations/case_5017/img/case5017_07.png,/data/shared/CataractData/semantic_segmentation/Annotations/Images-and-Supervisely-Annotations/case_5017/mask_anatomy_inst/case5017_07.png
224,/data/shared/CataractData/semantic_segmentation/Annotations/Images-and-Supervisely-Annotations/case_5017/img/case5017_08.png,/data/shared/CataractData/semantic_segmentation/Annotations/Images-and-Supervisely-Annotations/case_5017/mask_anatomy_inst/case5017_08.png
225,/data/shared/CataractData/semantic_segmentation/Annotations/Images-and-Supervisely-Annotations/case_5017/img/case5017_09.png,/data/shared/CataractData/semantic_segmentation/Annotations/Images-and-Supervisely-Annotations/case_5017/mask_anatomy_inst/case5017_09.png
226,/data/shared/CataractData/semantic_segmentation/Annotations/Images-and-Supervisely-Annotations/case_5017/img/case5017_10.png,/data/shared/CataractData/semantic_segmentation/Annotations/Images-and-Supervisely-Annotations/case_5017/mask_anatomy_inst/case5017_10.png
227,/data/shared/CataractData/semantic_segmentation/Annotations/Images-and-Supervisely-Annotations/case_5017/img/case5017_11.png,/data/shared/CataractData/semantic_segmentation/Annotations/Images-and-Supervisely-Annotations/case_5017/mask_anatomy_inst/case5017_11.png
228,/data/shared/CataractData/semantic_segmentation/Annotations/Images-and-Supervisely-Annotations/case_5017/img/case5017_12.png,/data/shared/CataractData/semantic_segmentation/Annotations/Images-and-Supervisely-Annotations/case_5017/mask_anatomy_inst/case5017_12.png
229,/data/shared/CataractData/semantic_segmentation/Annotations/Images-and-Supervisely-Annotations/case_5017/img/case5017_13.png,/data/shared/CataractData/semantic_segmentation/Annotations/Images-and-Supervisely-Annotations/case_5017/mask_anatomy_inst/case5017_13.png
230,/data/shared/CataractData/semantic_segmentation/Annotations/Images-and-Supervisely-Annotations/case_5017/img/case5017_14.png,/data/shared/CataractData/semantic_segmentation/Annotations/Images-and-Supervisely-Annotations/case_5017/mask_anatomy_inst/case5017_14.png
231,/data/shared/CataractData/semantic_segmentation/Annotations/Images-and-Supervisely-Annotations/case_5017/img/case5017_15.png,/data/shared/CataractData/semantic_segmentation/Annotations/Images-and-Supervisely-Annotations/case_5017/mask_anatomy_inst/case5017_15.png
232,/data/shared/CataractData/semantic_segmentation/Annotations/Images-and-Supervisely-Annotations/case_5017/img/case5017_16.png,/data/shared/CataractData/semantic_segmentation/Annotations/Images-and-Supervisely-Annotations/case_5017/mask_anatomy_inst/case5017_16.png
233,/data/shared/CataractData/semantic_segmentation/Annotations/Images-and-Supervisely-Annotations/case_5017/img/case5017_17.png,/data/shared/CataractData/semantic_segmentation/Annotations/Images-and-Supervisely-Annotations/case_5017/mask_anatomy_inst/case5017_17.png
234,/data/shared/CataractData/semantic_segmentation/Annotations/Images-and-Supervisely-Annotations/case_5017/img/case5017_18.png,/data/shared/CataractData/semantic_segmentation/Annotations/Images-and-Supervisely-Annotations/case_5017/mask_anatomy_inst/case5017_18.png
235,/data/shared/CataractData/semantic_segmentation/Annotations/Images-and-Supervisely-Annotations/case_5017/img/case5017_19.png,/data/shared/CataractData/semantic_segmentation/Annotations/Images-and-Supervisely-Annotations/case_5017/mask_anatomy_inst/case5017_19.png
236,/data/shared/CataractData/semantic_segmentation/Annotations/Images-and-Supervisely-Annotations/case_5017/img/case5017_20.png,/data/shared/CataractData/semantic_segmentation/Annotations/Images-and-Supervisely-Annotations/case_5017/mask_anatomy_inst/case5017_20.png
237,/data/shared/CataractData/semantic_segmentation/Annotations/Images-and-Supervisely-Annotations/case_5017/img/case5017_21.png,/data/shared/CataractData/semantic_segmentation/Annotations/Images-and-Supervisely-Annotations/case_5017/mask_anatomy_inst/case5017_21.png
238,/data/shared/CataractData/semantic_segmentation/Annotations/Images-and-Supervisely-Annotations/case_5017/img/case5017_22.png,/data/shared/CataractData/semantic_segmentation/Annotations/Images-and-Supervisely-Annotations/case_5017/mask_anatomy_inst/case5017_22.png
239,/data/shared/CataractData/semantic_segmentation/Annotations/Images-and-Supervisely-Annotations/case_5017/img/case5017_23.png,/data/shared/CataractData/semantic_segmentation/Annotations/Images-and-Supervisely-Annotations/case_5017/mask_anatomy_inst/case5017_23.png
240,/data/shared/CataractData/semantic_segmentation/Annotations/Images-and-Supervisely-Annotations/case_5017/img/case5017_24.png,/data/shared/CataractData/semantic_segmentation/Annotations/Images-and-Supervisely-Annotations/case_5017/mask_anatomy_inst/case5017_24.png
241,/data/shared/CataractData/semantic_segmentation/Annotations/Images-and-Supervisely-Annotations/case_5017/img/case5017_25.png,/data/shared/CataractData/semantic_segmentation/Annotations/Images-and-Supervisely-Annotations/case_5017/mask_anatomy_inst/case5017_25.png
242,/data/shared/CataractData/semantic_segmentation/Annotations/Images-and-Supervisely-Annotations/case_5017/img/case5017_26.png,/data/shared/CataractData/semantic_segmentation/Annotations/Images-and-Supervisely-Annotations/case_5017/mask_anatomy_inst/case5017_26.png
243,/data/shared/CataractData/semantic_segmentation/Annotations/Images-and-Supervisely-Annotations/case_5017/img/case5017_27.png,/data/shared/CataractData/semantic_segmentation/Annotations/Images-and-Supervisely-Annotations/case_5017/mask_anatomy_inst/case5017_27.png
244,/data/shared/CataractData/semantic_segmentation/Annotations/Images-and-Supervisely-Annotations/case_5017/img/case5017_28.png,/data/shared/CataractData/semantic_segmentation/Annotations/Images-and-Supervisely-Annotations/case_5017/mask_anatomy_inst/case5017_28.png
245,/data/shared/CataractData/semantic_segmentation/Annotations/Images-and-Supervisely-Annotations/case_5017/img/case5017_29.png,/data/shared/CataractData/semantic_segmentation/Annotations/Images-and-Supervisely-Annotations/case_5017/mask_anatomy_inst/case5017_29.png
246,/data/shared/CataractData/semantic_segmentation/Annotations/Images-and-Supervisely-Annotations/case_5017/img/case5017_30.png,/data/shared/CataractData/semantic_segmentation/Annotations/Images-and-Supervisely-Annotations/case_5017/mask_anatomy_inst/case5017_30.png
247,/data/shared/CataractData/semantic_segmentation/Annotations/Images-and-Supervisely-Annotations/case_5017/img/case5017_31.png,/data/shared/CataractData/semantic_segmentation/Annotations/Images-and-Supervisely-Annotations/case_5017/mask_anatomy_inst/case5017_31.png
248,/data/shared/CataractData/semantic_segmentation/Annotations/Images-and-Supervisely-Annotations/case_5017/img/case5017_32.png,/data/shared/CataractData/semantic_segmentation/Annotations/Images-and-Supervisely-Annotations/case_5017/mask_anatomy_inst/case5017_32.png
249,/data/shared/CataractData/semantic_segmentation/Annotations/Images-and-Supervisely-Annotations/case_5017/img/case5017_33.png,/data/shared/CataractData/semantic_segmentation/Annotations/Images-and-Supervisely-Annotations/case_5017/mask_anatomy_inst/case5017_33.png
250,/data/shared/CataractData/semantic_segmentation/Annotations/Images-and-Supervisely-Annotations/case_5017/img/case5017_34.png,/data/shared/CataractData/semantic_segmentation/Annotations/Images-and-Supervisely-Annotations/case_5017/mask_anatomy_inst/case5017_34.png
251,/data/shared/CataractData/semantic_segmentation/Annotations/Images-and-Supervisely-Annotations/case_5017/img/case5017_35.png,/data/shared/CataractData/semantic_segmentation/Annotations/Images-and-Supervisely-Annotations/case_5017/mask_anatomy_inst/case5017_35.png
252,/data/shared/CataractData/semantic_segmentation/Annotations/Images-and-Supervisely-Annotations/case_5017/img/case5017_36.png,/data/shared/CataractData/semantic_segmentation/Annotations/Images-and-Supervisely-Annotations/case_5017/mask_anatomy_inst/case5017_36.png
253,/data/shared/CataractData/semantic_segmentation/Annotations/Images-and-Supervisely-Annotations/case_5017/img/case5017_37.png,/data/shared/CataractData/semantic_segmentation/Annotations/Images-and-Supervisely-Annotations/case_5017/mask_anatomy_inst/case5017_37.png
254,/data/shared/CataractData/semantic_segmentation/Annotations/Images-and-Supervisely-Annotations/case_5017/img/case5017_38.png,/data/shared/CataractData/semantic_segmentation/Annotations/Images-and-Supervisely-Annotations/case_5017/mask_anatomy_inst/case5017_38.png
255,/data/shared/CataractData/semantic_segmentation/Annotations/Images-and-Supervisely-Annotations/case_5017/img/case5017_39.png,/data/shared/CataractData/semantic_segmentation/Annotations/Images-and-Supervisely-Annotations/case_5017/mask_anatomy_inst/case5017_39.png
256,/data/shared/CataractData/semantic_segmentation/Annotations/Images-and-Supervisely-Annotations/case_5017/img/case5017_40.png,/data/shared/CataractData/semantic_segmentation/Annotations/Images-and-Supervisely-Annotations/case_5017/mask_anatomy_inst/case5017_40.png
257,/data/shared/CataractData/semantic_segmentation/Annotations/Images-and-Supervisely-Annotations/case_5017/img/case5017_41.png,/data/shared/CataractData/semantic_segmentation/Annotations/Images-and-Supervisely-Annotations/case_5017/mask_anatomy_inst/case5017_41.png
258,/data/shared/CataractData/semantic_segmentation/Annotations/Images-and-Supervisely-Annotations/case_5017/img/case5017_42.png,/data/shared/CataractData/semantic_segmentation/Annotations/Images-and-Supervisely-Annotations/case_5017/mask_anatomy_inst/case5017_42.png
259,/data/shared/CataractData/semantic_segmentation/Annotations/Images-and-Supervisely-Annotations/case_5017/img/case5017_43.png,/data/shared/CataractData/semantic_segmentation/Annotations/Images-and-Supervisely-Annotations/case_5017/mask_anatomy_inst/case5017_43.png
260,/data/shared/CataractData/semantic_segmentation/Annotations/Images-and-Supervisely-Annotations/case_5017/img/case5017_44.png,/data/shared/CataractData/semantic_segmentation/Annotations/Images-and-Supervisely-Annotations/case_5017/mask_anatomy_inst/case5017_44.png
261,/data/shared/CataractData/semantic_segmentation/Annotations/Images-and-Supervisely-Annotations/case_5017/img/case5017_45.png,/data/shared/CataractData/semantic_segmentation/Annotations/Images-and-Supervisely-Annotations/case_5017/mask_anatomy_inst/case5017_45.png
262,/data/shared/CataractData/semantic_segmentation/Annotations/Images-and-Supervisely-Annotations/case_5017/img/case5017_46.png,/data/shared/CataractData/semantic_segmentation/Annotations/Images-and-Supervisely-Annotations/case_5017/mask_anatomy_inst/case5017_46.png
263,/data/shared/CataractData/semantic_segmentation/Annotations/Images-and-Supervisely-Annotations/case_5017/img/case5017_47.png,/data/shared/CataractData/semantic_segmentation/Annotations/Images-and-Supervisely-Annotations/case_5017/mask_anatomy_inst/case5017_47.png
264,/data/shared/CataractData/semantic_segmentation/Annotations/Images-and-Supervisely-Annotations/case_5017/img/case5017_48.png,/data/shared/CataractData/semantic_segmentation/Annotations/Images-and-Supervisely-Annotations/case_5017/mask_anatomy_inst/case5017_48.png
265,/data/shared/CataractData/semantic_segmentation/Annotations/Images-and-Supervisely-Annotations/case_5017/img/case5017_49.png,/data/shared/CataractData/semantic_segmentation/Annotations/Images-and-Supervisely-Annotations/case_5017/mask_anatomy_inst/case5017_49.png
266,/data/shared/CataractData/semantic_segmentation/Annotations/Images-and-Supervisely-Annotations/case_5017/img/case5017_50.png,/data/shared/CataractData/semantic_segmentation/Annotations/Images-and-Supervisely-Annotations/case_5017/mask_anatomy_inst/case5017_50.png
267,/data/shared/CataractData/semantic_segmentation/Annotations/Images-and-Supervisely-Annotations/case_5017/img/case5017_51.png,/data/shared/CataractData/semantic_segmentation/Annotations/Images-and-Supervisely-Annotations/case_5017/mask_anatomy_inst/case5017_51.png
268,/data/shared/CataractData/semantic_segmentation/Annotations/Images-and-Supervisely-Annotations/case_5017/img/case5017_52.png,/data/shared/CataractData/semantic_segmentation/Annotations/Images-and-Supervisely-Annotations/case_5017/mask_anatomy_inst/case5017_52.png
269,/data/shared/CataractData/semantic_segmentation/Annotations/Images-and-Supervisely-Annotations/case_5017/img/case5017_53.png,/data/shared/CataractData/semantic_segmentation/Annotations/Images-and-Supervisely-Annotations/case_5017/mask_anatomy_inst/case5017_53.png
270,/data/shared/CataractData/semantic_segmentation/Annotations/Images-and-Supervisely-Annotations/case_5017/img/case5017_54.png,/data/shared/CataractData/semantic_segmentation/Annotations/Images-and-Supervisely-Annotations/case_5017/mask_anatomy_inst/case5017_54.png
271,/data/shared/CataractData/semantic_segmentation/Annotations/Images-and-Supervisely-Annotations/case_5017/img/case5017_55.png,/data/shared/CataractData/semantic_segmentation/Annotations/Images-and-Supervisely-Annotations/case_5017/mask_anatomy_inst/case5017_55.png
272,/data/shared/CataractData/semantic_segmentation/Annotations/Images-and-Supervisely-Annotations/case_5017/img/case5017_56.png,/data/shared/CataractData/semantic_segmentation/Annotations/Images-and-Supervisely-Annotations/case_5017/mask_anatomy_inst/case5017_56.png
273,/data/shared/CataractData/semantic_segmentation/Annotations/Images-and-Supervisely-Annotations/case_5017/img/case5017_57.png,/data/shared/CataractData/semantic_segmentation/Annotations/Images-and-Supervisely-Annotations/case_5017/mask_anatomy_inst/case5017_57.png
274,/data/shared/CataractData/semantic_segmentation/Annotations/Images-and-Supervisely-Annotations/case_5017/img/case5017_58.png,/data/shared/CataractData/semantic_segmentation/Annotations/Images-and-Supervisely-Annotations/case_5017/mask_anatomy_inst/case5017_58.png
275,/data/shared/CataractData/semantic_segmentation/Annotations/Images-and-Supervisely-Annotations/case_5017/img/case5017_59.png,/data/shared/CataractData/semantic_segmentation/Annotations/Images-and-Supervisely-Annotations/case_5017/mask_anatomy_inst/case5017_59.png
276,/data/shared/CataractData/semantic_segmentation/Annotations/Images-and-Supervisely-Annotations/case_5017/img/case5017_60.png,/data/shared/CataractData/semantic_segmentation/Annotations/Images-and-Supervisely-Annotations/case_5017/mask_anatomy_inst/case5017_60.png
277,/data/shared/CataractData/semantic_segmentation/Annotations/Images-and-Supervisely-Annotations/case_5017/img/case5017_61.png,/data/shared/CataractData/semantic_segmentation/Annotations/Images-and-Supervisely-Annotations/case_5017/mask_anatomy_inst/case5017_61.png
278,/data/shared/CataractData/semantic_segmentation/Annotations/Images-and-Supervisely-Annotations/case_5017/img/case5017_62.png,/data/shared/CataractData/semantic_segmentation/Annotations/Images-and-Supervisely-Annotations/case_5017/mask_anatomy_inst/case5017_62.png
279,/data/shared/CataractData/semantic_segmentation/Annotations/Images-and-Supervisely-Annotations/case_5017/img/case5017_63.png,/data/shared/CataractData/semantic_segmentation/Annotations/Images-and-Supervisely-Annotations/case_5017/mask_anatomy_inst/case5017_63.png
280,/data/shared/CataractData/semantic_segmentation/Annotations/Images-and-Supervisely-Annotations/case_5017/img/case5017_64.png,/data/shared/CataractData/semantic_segmentation/Annotations/Images-and-Supervisely-Annotations/case_5017/mask_anatomy_inst/case5017_64.png
281,/data/shared/CataractData/semantic_segmentation/Annotations/Images-and-Supervisely-Annotations/case_5017/img/case5017_65.png,/data/shared/CataractData/semantic_segmentation/Annotations/Images-and-Supervisely-Annotations/case_5017/mask_anatomy_inst/case5017_65.png
282,/data/shared/CataractData/semantic_segmentation/Annotations/Images-and-Supervisely-Annotations/case_5017/img/case5017_66.png,/data/shared/CataractData/semantic_segmentation/Annotations/Images-and-Supervisely-Annotations/case_5017/mask_anatomy_inst/case5017_66.png
283,/data/shared/CataractData/semantic_segmentation/Annotations/Images-and-Supervisely-Annotations/case_5017/img/case5017_67.png,/data/shared/CataractData/semantic_segmentation/Annotations/Images-and-Supervisely-Annotations/case_5017/mask_anatomy_inst/case5017_67.png
284,/data/shared/CataractData/semantic_segmentation/Annotations/Images-and-Supervisely-Annotations/case_5017/img/case5017_68.png,/data/shared/CataractData/semantic_segmentation/Annotations/Images-and-Supervisely-Annotations/case_5017/mask_anatomy_inst/case5017_68.png
285,/data/shared/CataractData/semantic_segmentation/Annotations/Images-and-Supervisely-Annotations/case_5017/img/case5017_69.png,/data/shared/CataractData/semantic_segmentation/Annotations/Images-and-Supervisely-Annotations/case_5017/mask_anatomy_inst/case5017_69.png
286,/data/shared/CataractData/semantic_segmentation/Annotations/Images-and-Supervisely-Annotations/case_5032/img/case5032_01.png,/data/shared/CataractData/semantic_segmentation/Annotations/Images-and-Supervisely-Annotations/case_5032/mask_anatomy_inst/case5032_01.png
287,/data/shared/CataractData/semantic_segmentation/Annotations/Images-and-Supervisely-Annotations/case_5032/img/case5032_02.png,/data/shared/CataractData/semantic_segmentation/Annotations/Images-and-Supervisely-Annotations/case_5032/mask_anatomy_inst/case5032_02.png
288,/data/shared/CataractData/semantic_segmentation/Annotations/Images-and-Supervisely-Annotations/case_5032/img/case5032_03.png,/data/shared/CataractData/semantic_segmentation/Annotations/Images-and-Supervisely-Annotations/case_5032/mask_anatomy_inst/case5032_03.png
289,/data/shared/CataractData/semantic_segmentation/Annotations/Images-and-Supervisely-Annotations/case_5032/img/case5032_04.png,/data/shared/CataractData/semantic_segmentation/Annotations/Images-and-Supervisely-Annotations/case_5032/mask_anatomy_inst/case5032_04.png
290,/data/shared/CataractData/semantic_segmentation/Annotations/Images-and-Supervisely-Annotations/case_5032/img/case5032_05.png,/data/shared/CataractData/semantic_segmentation/Annotations/Images-and-Supervisely-Annotations/case_5032/mask_anatomy_inst/case5032_05.png
291,/data/shared/CataractData/semantic_segmentation/Annotations/Images-and-Supervisely-Annotations/case_5032/img/case5032_06.png,/data/shared/CataractData/semantic_segmentation/Annotations/Images-and-Supervisely-Annotations/case_5032/mask_anatomy_inst/case5032_06.png
292,/data/shared/CataractData/semantic_segmentation/Annotations/Images-and-Supervisely-Annotations/case_5032/img/case5032_07.png,/data/shared/CataractData/semantic_segmentation/Annotations/Images-and-Supervisely-Annotations/case_5032/mask_anatomy_inst/case5032_07.png
293,/data/shared/CataractData/semantic_segmentation/Annotations/Images-and-Supervisely-Annotations/case_5032/img/case5032_08.png,/data/shared/CataractData/semantic_segmentation/Annotations/Images-and-Supervisely-Annotations/case_5032/mask_anatomy_inst/case5032_08.png
294,/data/shared/CataractData/semantic_segmentation/Annotations/Images-and-Supervisely-Annotations/case_5032/img/case5032_09.png,/data/shared/CataractData/semantic_segmentation/Annotations/Images-and-Supervisely-Annotations/case_5032/mask_anatomy_inst/case5032_09.png
295,/data/shared/CataractData/semantic_segmentation/Annotations/Images-and-Supervisely-Annotations/case_5032/img/case5032_10.png,/data/shared/CataractData/semantic_segmentation/Annotations/Images-and-Supervisely-Annotations/case_5032/mask_anatomy_inst/case5032_10.png
296,/data/shared/CataractData/semantic_segmentation/Annotations/Images-and-Supervisely-Annotations/case_5032/img/case5032_11.png,/data/shared/CataractData/semantic_segmentation/Annotations/Images-and-Supervisely-Annotations/case_5032/mask_anatomy_inst/case5032_11.png
297,/data/shared/CataractData/semantic_segmentation/Annotations/Images-and-Supervisely-Annotations/case_5032/img/case5032_12.png,/data/shared/CataractData/semantic_segmentation/Annotations/Images-and-Supervisely-Annotations/case_5032/mask_anatomy_inst/case5032_12.png
298,/data/shared/CataractData/semantic_segmentation/Annotations/Images-and-Supervisely-Annotations/case_5032/img/case5032_13.png,/data/shared/CataractData/semantic_segmentation/Annotations/Images-and-Supervisely-Annotations/case_5032/mask_anatomy_inst/case5032_13.png
299,/data/shared/CataractData/semantic_segmentation/Annotations/Images-and-Supervisely-Annotations/case_5032/img/case5032_14.png,/data/shared/CataractData/semantic_segmentation/Annotations/Images-and-Supervisely-Annotations/case_5032/mask_anatomy_inst/case5032_14.png
300,/data/shared/CataractData/semantic_segmentation/Annotations/Images-and-Supervisely-Annotations/case_5032/img/case5032_15.png,/data/shared/CataractData/semantic_segmentation/Annotations/Images-and-Supervisely-Annotations/case_5032/mask_anatomy_inst/case5032_15.png
301,/data/shared/CataractData/semantic_segmentation/Annotations/Images-and-Supervisely-Annotations/case_5032/img/case5032_16.png,/data/shared/CataractData/semantic_segmentation/Annotations/Images-and-Supervisely-Annotations/case_5032/mask_anatomy_inst/case5032_16.png
302,/data/shared/CataractData/semantic_segmentation/Annotations/Images-and-Supervisely-Annotations/case_5032/img/case5032_17.png,/data/shared/CataractData/semantic_segmentation/Annotations/Images-and-Supervisely-Annotations/case_5032/mask_anatomy_inst/case5032_17.png
303,/data/shared/CataractData/semantic_segmentation/Annotations/Images-and-Supervisely-Annotations/case_5032/img/case5032_18.png,/data/shared/CataractData/semantic_segmentation/Annotations/Images-and-Supervisely-Annotations/case_5032/mask_anatomy_inst/case5032_18.png
304,/data/shared/CataractData/semantic_segmentation/Annotations/Images-and-Supervisely-Annotations/case_5032/img/case5032_19.png,/data/shared/CataractData/semantic_segmentation/Annotations/Images-and-Supervisely-Annotations/case_5032/mask_anatomy_inst/case5032_19.png
305,/data/shared/CataractData/semantic_segmentation/Annotations/Images-and-Supervisely-Annotations/case_5032/img/case5032_20.png,/data/shared/CataractData/semantic_segmentation/Annotations/Images-and-Supervisely-Annotations/case_5032/mask_anatomy_inst/case5032_20.png
306,/data/shared/CataractData/semantic_segmentation/Annotations/Images-and-Supervisely-Annotations/case_5032/img/case5032_21.png,/data/shared/CataractData/semantic_segmentation/Annotations/Images-and-Supervisely-Annotations/case_5032/mask_anatomy_inst/case5032_21.png
307,/data/shared/CataractData/semantic_segmentation/Annotations/Images-and-Supervisely-Annotations/case_5032/img/case5032_22.png,/data/shared/CataractData/semantic_segmentation/Annotations/Images-and-Supervisely-Annotations/case_5032/mask_anatomy_inst/case5032_22.png
308,/data/shared/CataractData/semantic_segmentation/Annotations/Images-and-Supervisely-Annotations/case_5032/img/case5032_23.png,/data/shared/CataractData/semantic_segmentation/Annotations/Images-and-Supervisely-Annotations/case_5032/mask_anatomy_inst/case5032_23.png
309,/data/shared/CataractData/semantic_segmentation/Annotations/Images-and-Supervisely-Annotations/case_5032/img/case5032_24.png,/data/shared/CataractData/semantic_segmentation/Annotations/Images-and-Supervisely-Annotations/case_5032/mask_anatomy_inst/case5032_24.png
310,/data/shared/CataractData/semantic_segmentation/Annotations/Images-and-Supervisely-Annotations/case_5032/img/case5032_25.png,/data/shared/CataractData/semantic_segmentation/Annotations/Images-and-Supervisely-Annotations/case_5032/mask_anatomy_inst/case5032_25.png
311,/data/shared/CataractData/semantic_segmentation/Annotations/Images-and-Supervisely-Annotations/case_5032/img/case5032_26.png,/data/shared/CataractData/semantic_segmentation/Annotations/Images-and-Supervisely-Annotations/case_5032/mask_anatomy_inst/case5032_26.png
312,/data/shared/CataractData/semantic_segmentation/Annotations/Images-and-Supervisely-Annotations/case_5032/img/case5032_27.png,/data/shared/CataractData/semantic_segmentation/Annotations/Images-and-Supervisely-Annotations/case_5032/mask_anatomy_inst/case5032_27.png
313,/data/shared/CataractData/semantic_segmentation/Annotations/Images-and-Supervisely-Annotations/case_5032/img/case5032_28.png,/data/shared/CataractData/semantic_segmentation/Annotations/Images-and-Supervisely-Annotations/case_5032/mask_anatomy_inst/case5032_28.png
314,/data/shared/CataractData/semantic_segmentation/Annotations/Images-and-Supervisely-Annotations/case_5032/img/case5032_29.png,/data/shared/CataractData/semantic_segmentation/Annotations/Images-and-Supervisely-Annotations/case_5032/mask_anatomy_inst/case5032_29.png
315,/data/shared/CataractData/semantic_segmentation/Annotations/Images-and-Supervisely-Annotations/case_5032/img/case5032_30.png,/data/shared/CataractData/semantic_segmentation/Annotations/Images-and-Supervisely-Annotations/case_5032/mask_anatomy_inst/case5032_30.png
316,/data/shared/CataractData/semantic_segmentation/Annotations/Images-and-Supervisely-Annotations/case_5032/img/case5032_31.png,/data/shared/CataractData/semantic_segmentation/Annotations/Images-and-Supervisely-Annotations/case_5032/mask_anatomy_inst/case5032_31.png
317,/data/shared/CataractData/semantic_segmentation/Annotations/Images-and-Supervisely-Annotations/case_5032/img/case5032_32.png,/data/shared/CataractData/semantic_segmentation/Annotations/Images-and-Supervisely-Annotations/case_5032/mask_anatomy_inst/case5032_32.png
318,/data/shared/CataractData/semantic_segmentation/Annotations/Images-and-Supervisely-Annotations/case_5032/img/case5032_33.png,/data/shared/CataractData/semantic_segmentation/Annotations/Images-and-Supervisely-Annotations/case_5032/mask_anatomy_inst/case5032_33.png
319,/data/shared/CataractData/semantic_segmentation/Annotations/Images-and-Supervisely-Annotations/case_5032/img/case5032_34.png,/data/shared/CataractData/semantic_segmentation/Annotations/Images-and-Supervisely-Annotations/case_5032/mask_anatomy_inst/case5032_34.png
320,/data/shared/CataractData/semantic_segmentation/Annotations/Images-and-Supervisely-Annotations/case_5032/img/case5032_35.png,/data/shared/CataractData/semantic_segmentation/Annotations/Images-and-Supervisely-Annotations/case_5032/mask_anatomy_inst/case5032_35.png
321,/data/shared/CataractData/semantic_segmentation/Annotations/Images-and-Supervisely-Annotations/case_5032/img/case5032_36.png,/data/shared/CataractData/semantic_segmentation/Annotations/Images-and-Supervisely-Annotations/case_5032/mask_anatomy_inst/case5032_36.png
322,/data/shared/CataractData/semantic_segmentation/Annotations/Images-and-Supervisely-Annotations/case_5032/img/case5032_37.png,/data/shared/CataractData/semantic_segmentation/Annotations/Images-and-Supervisely-Annotations/case_5032/mask_anatomy_inst/case5032_37.png
323,/data/shared/CataractData/semantic_segmentation/Annotations/Images-and-Supervisely-Annotations/case_5032/img/case5032_38.png,/data/shared/CataractData/semantic_segmentation/Annotations/Images-and-Supervisely-Annotations/case_5032/mask_anatomy_inst/case5032_38.png
324,/data/shared/CataractData/semantic_segmentation/Annotations/Images-and-Supervisely-Annotations/case_5032/img/case5032_39.png,/data/shared/CataractData/semantic_segmentation/Annotations/Images-and-Supervisely-Annotations/case_5032/mask_anatomy_inst/case5032_39.png
325,/data/shared/CataractData/semantic_segmentation/Annotations/Images-and-Supervisely-Annotations/case_5032/img/case5032_40.png,/data/shared/CataractData/semantic_segmentation/Annotations/Images-and-Supervisely-Annotations/case_5032/mask_anatomy_inst/case5032_40.png
326,/data/shared/CataractData/semantic_segmentation/Annotations/Images-and-Supervisely-Annotations/case_5032/img/case5032_41.png,/data/shared/CataractData/semantic_segmentation/Annotations/Images-and-Supervisely-Annotations/case_5032/mask_anatomy_inst/case5032_41.png
327,/data/shared/CataractData/semantic_segmentation/Annotations/Images-and-Supervisely-Annotations/case_5032/img/case5032_42.png,/data/shared/CataractData/semantic_segmentation/Annotations/Images-and-Supervisely-Annotations/case_5032/mask_anatomy_inst/case5032_42.png
328,/data/shared/CataractData/semantic_segmentation/Annotations/Images-and-Supervisely-Annotations/case_5032/img/case5032_43.png,/data/shared/CataractData/semantic_segmentation/Annotations/Images-and-Supervisely-Annotations/case_5032/mask_anatomy_inst/case5032_43.png
329,/data/shared/CataractData/semantic_segmentation/Annotations/Images-and-Supervisely-Annotations/case_5032/img/case5032_44.png,/data/shared/CataractData/semantic_segmentation/Annotations/Images-and-Supervisely-Annotations/case_5032/mask_anatomy_inst/case5032_44.png
330,/data/shared/CataractData/semantic_segmentation/Annotations/Images-and-Supervisely-Annotations/case_5032/img/case5032_45.png,/data/shared/CataractData/semantic_segmentation/Annotations/Images-and-Supervisely-Annotations/case_5032/mask_anatomy_inst/case5032_45.png
331,/data/shared/CataractData/semantic_segmentation/Annotations/Images-and-Supervisely-Annotations/case_5032/img/case5032_46.png,/data/shared/CataractData/semantic_segmentation/Annotations/Images-and-Supervisely-Annotations/case_5032/mask_anatomy_inst/case5032_46.png
332,/data/shared/CataractData/semantic_segmentation/Annotations/Images-and-Supervisely-Annotations/case_5032/img/case5032_47.png,/data/shared/CataractData/semantic_segmentation/Annotations/Images-and-Supervisely-Annotations/case_5032/mask_anatomy_inst/case5032_47.png
333,/data/shared/CataractData/semantic_segmentation/Annotations/Images-and-Supervisely-Annotations/case_5032/img/case5032_48.png,/data/shared/CataractData/semantic_segmentation/Annotations/Images-and-Supervisely-Annotations/case_5032/mask_anatomy_inst/case5032_48.png
334,/data/shared/CataractData/semantic_segmentation/Annotations/Images-and-Supervisely-Annotations/case_5032/img/case5032_49.png,/data/shared/CataractData/semantic_segmentation/Annotations/Images-and-Supervisely-Annotations/case_5032/mask_anatomy_inst/case5032_49.png
335,/data/shared/CataractData/semantic_segmentation/Annotations/Images-and-Supervisely-Annotations/case_5032/img/case5032_50.png,/data/shared/CataractData/semantic_segmentation/Annotations/Images-and-Supervisely-Annotations/case_5032/mask_anatomy_inst/case5032_50.png
336,/data/shared/CataractData/semantic_segmentation/Annotations/Images-and-Supervisely-Annotations/case_5032/img/case5032_51.png,/data/shared/CataractData/semantic_segmentation/Annotations/Images-and-Supervisely-Annotations/case_5032/mask_anatomy_inst/case5032_51.png
337,/data/shared/CataractData/semantic_segmentation/Annotations/Images-and-Supervisely-Annotations/case_5032/img/case5032_52.png,/data/shared/CataractData/semantic_segmentation/Annotations/Images-and-Supervisely-Annotations/case_5032/mask_anatomy_inst/case5032_52.png
338,/data/shared/CataractData/semantic_segmentation/Annotations/Images-and-Supervisely-Annotations/case_5032/img/case5032_53.png,/data/shared/CataractData/semantic_segmentation/Annotations/Images-and-Supervisely-Annotations/case_5032/mask_anatomy_inst/case5032_53.png
339,/data/shared/CataractData/semantic_segmentation/Annotations/Images-and-Supervisely-Annotations/case_5032/img/case5032_54.png,/data/shared/CataractData/semantic_segmentation/Annotations/Images-and-Supervisely-Annotations/case_5032/mask_anatomy_inst/case5032_54.png
340,/data/shared/CataractData/semantic_segmentation/Annotations/Images-and-Supervisely-Annotations/case_5032/img/case5032_55.png,/data/shared/CataractData/semantic_segmentation/Annotations/Images-and-Supervisely-Annotations/case_5032/mask_anatomy_inst/case5032_55.png
341,/data/shared/CataractData/semantic_segmentation/Annotations/Images-and-Supervisely-Annotations/case_5032/img/case5032_56.png,/data/shared/CataractData/semantic_segmentation/Annotations/Images-and-Supervisely-Annotations/case_5032/mask_anatomy_inst/case5032_56.png
342,/data/shared/CataractData/semantic_segmentation/Annotations/Images-and-Supervisely-Annotations/case_5032/img/case5032_57.png,/data/shared/CataractData/semantic_segmentation/Annotations/Images-and-Supervisely-Annotations/case_5032/mask_anatomy_inst/case5032_57.png
343,/data/shared/CataractData/semantic_segmentation/Annotations/Images-and-Supervisely-Annotations/case_5032/img/case5032_58.png,/data/shared/CataractData/semantic_segmentation/Annotations/Images-and-Supervisely-Annotations/case_5032/mask_anatomy_inst/case5032_58.png
344,/data/shared/CataractData/semantic_segmentation/Annotations/Images-and-Supervisely-Annotations/case_5032/img/case5032_59.png,/data/shared/CataractData/semantic_segmentation/Annotations/Images-and-Supervisely-Annotations/case_5032/mask_anatomy_inst/case5032_59.png
345,/data/shared/CataractData/semantic_segmentation/Annotations/Images-and-Supervisely-Annotations/case_5032/img/case5032_60.png,/data/shared/CataractData/semantic_segmentation/Annotations/Images-and-Supervisely-Annotations/case_5032/mask_anatomy_inst/case5032_60.png
346,/data/shared/CataractData/semantic_segmentation/Annotations/Images-and-Supervisely-Annotations/case_5032/img/case5032_61.png,/data/shared/CataractData/semantic_segmentation/Annotations/Images-and-Supervisely-Annotations/case_5032/mask_anatomy_inst/case5032_61.png
347,/data/shared/CataractData/semantic_segmentation/Annotations/Images-and-Supervisely-Annotations/case_5057/img/case5057_01.png,/data/shared/CataractData/semantic_segmentation/Annotations/Images-and-Supervisely-Annotations/case_5057/mask_anatomy_inst/case5057_01.png
348,/data/shared/CataractData/semantic_segmentation/Annotations/Images-and-Supervisely-Annotations/case_5057/img/case5057_02.png,/data/shared/CataractData/semantic_segmentation/Annotations/Images-and-Supervisely-Annotations/case_5057/mask_anatomy_inst/case5057_02.png
349,/data/shared/CataractData/semantic_segmentation/Annotations/Images-and-Supervisely-Annotations/case_5057/img/case5057_03.png,/data/shared/CataractData/semantic_segmentation/Annotations/Images-and-Supervisely-Annotations/case_5057/mask_anatomy_inst/case5057_03.png
350,/data/shared/CataractData/semantic_segmentation/Annotations/Images-and-Supervisely-Annotations/case_5057/img/case5057_04.png,/data/shared/CataractData/semantic_segmentation/Annotations/Images-and-Supervisely-Annotations/case_5057/mask_anatomy_inst/case5057_04.png
351,/data/shared/CataractData/semantic_segmentation/Annotations/Images-and-Supervisely-Annotations/case_5057/img/case5057_05.png,/data/shared/CataractData/semantic_segmentation/Annotations/Images-and-Supervisely-Annotations/case_5057/mask_anatomy_inst/case5057_05.png
352,/data/shared/CataractData/semantic_segmentation/Annotations/Images-and-Supervisely-Annotations/case_5057/img/case5057_06.png,/data/shared/CataractData/semantic_segmentation/Annotations/Images-and-Supervisely-Annotations/case_5057/mask_anatomy_inst/case5057_06.png
353,/data/shared/CataractData/semantic_segmentation/Annotations/Images-and-Supervisely-Annotations/case_5057/img/case5057_07.png,/data/shared/CataractData/semantic_segmentation/Annotations/Images-and-Supervisely-Annotations/case_5057/mask_anatomy_inst/case5057_07.png
354,/data/shared/CataractData/semantic_segmentation/Annotations/Images-and-Supervisely-Annotations/case_5057/img/case5057_08.png,/data/shared/CataractData/semantic_segmentation/Annotations/Images-and-Supervisely-Annotations/case_5057/mask_anatomy_inst/case5057_08.png
355,/data/shared/CataractData/semantic_segmentation/Annotations/Images-and-Supervisely-Annotations/case_5057/img/case5057_09.png,/data/shared/CataractData/semantic_segmentation/Annotations/Images-and-Supervisely-Annotations/case_5057/mask_anatomy_inst/case5057_09.png
356,/data/shared/CataractData/semantic_segmentation/Annotations/Images-and-Supervisely-Annotations/case_5057/img/case5057_10.png,/data/shared/CataractData/semantic_segmentation/Annotations/Images-and-Supervisely-Annotations/case_5057/mask_anatomy_inst/case5057_10.png
357,/data/shared/CataractData/semantic_segmentation/Annotations/Images-and-Supervisely-Annotations/case_5057/img/case5057_11.png,/data/shared/CataractData/semantic_segmentation/Annotations/Images-and-Supervisely-Annotations/case_5057/mask_anatomy_inst/case5057_11.png
358,/data/shared/CataractData/semantic_segmentation/Annotations/Images-and-Supervisely-Annotations/case_5057/img/case5057_12.png,/data/shared/CataractData/semantic_segmentation/Annotations/Images-and-Supervisely-Annotations/case_5057/mask_anatomy_inst/case5057_12.png
359,/data/shared/CataractData/semantic_segmentation/Annotations/Images-and-Supervisely-Annotations/case_5057/img/case5057_13.png,/data/shared/CataractData/semantic_segmentation/Annotations/Images-and-Supervisely-Annotations/case_5057/mask_anatomy_inst/case5057_13.png
360,/data/shared/CataractData/semantic_segmentation/Annotations/Images-and-Supervisely-Annotations/case_5057/img/case5057_14.png,/data/shared/CataractData/semantic_segmentation/Annotations/Images-and-Supervisely-Annotations/case_5057/mask_anatomy_inst/case5057_14.png
361,/data/shared/CataractData/semantic_segmentation/Annotations/Images-and-Supervisely-Annotations/case_5057/img/case5057_15.png,/data/shared/CataractData/semantic_segmentation/Annotations/Images-and-Supervisely-Annotations/case_5057/mask_anatomy_inst/case5057_15.png
362,/data/shared/CataractData/semantic_segmentation/Annotations/Images-and-Supervisely-Annotations/case_5057/img/case5057_16.png,/data/shared/CataractData/semantic_segmentation/Annotations/Images-and-Supervisely-Annotations/case_5057/mask_anatomy_inst/case5057_16.png
363,/data/shared/CataractData/semantic_segmentation/Annotations/Images-and-Supervisely-Annotations/case_5057/img/case5057_17.png,/data/shared/CataractData/semantic_segmentation/Annotations/Images-and-Supervisely-Annotations/case_5057/mask_anatomy_inst/case5057_17.png
364,/data/shared/CataractData/semantic_segmentation/Annotations/Images-and-Supervisely-Annotations/case_5057/img/case5057_18.png,/data/shared/CataractData/semantic_segmentation/Annotations/Images-and-Supervisely-Annotations/case_5057/mask_anatomy_inst/case5057_18.png
365,/data/shared/CataractData/semantic_segmentation/Annotations/Images-and-Supervisely-Annotations/case_5057/img/case5057_19.png,/data/shared/CataractData/semantic_segmentation/Annotations/Images-and-Supervisely-Annotations/case_5057/mask_anatomy_inst/case5057_19.png
366,/data/shared/CataractData/semantic_segmentation/Annotations/Images-and-Supervisely-Annotations/case_5057/img/case5057_20.png,/data/shared/CataractData/semantic_segmentation/Annotations/Images-and-Supervisely-Annotations/case_5057/mask_anatomy_inst/case5057_20.png
367,/data/shared/CataractData/semantic_segmentation/Annotations/Images-and-Supervisely-Annotations/case_5057/img/case5057_21.png,/data/shared/CataractData/semantic_segmentation/Annotations/Images-and-Supervisely-Annotations/case_5057/mask_anatomy_inst/case5057_21.png
368,/data/shared/CataractData/semantic_segmentation/Annotations/Images-and-Supervisely-Annotations/case_5057/img/case5057_22.png,/data/shared/CataractData/semantic_segmentation/Annotations/Images-and-Supervisely-Annotations/case_5057/mask_anatomy_inst/case5057_22.png
369,/data/shared/CataractData/semantic_segmentation/Annotations/Images-and-Supervisely-Annotations/case_5057/img/case5057_23.png,/data/shared/CataractData/semantic_segmentation/Annotations/Images-and-Supervisely-Annotations/case_5057/mask_anatomy_inst/case5057_23.png
370,/data/shared/CataractData/semantic_segmentation/Annotations/Images-and-Supervisely-Annotations/case_5057/img/case5057_24.png,/data/shared/CataractData/semantic_segmentation/Annotations/Images-and-Supervisely-Annotations/case_5057/mask_anatomy_inst/case5057_24.png
371,/data/shared/CataractData/semantic_segmentation/Annotations/Images-and-Supervisely-Annotations/case_5057/img/case5057_25.png,/data/shared/CataractData/semantic_segmentation/Annotations/Images-and-Supervisely-Annotations/case_5057/mask_anatomy_inst/case5057_25.png
372,/data/shared/CataractData/semantic_segmentation/Annotations/Images-and-Supervisely-Annotations/case_5057/img/case5057_26.png,/data/shared/CataractData/semantic_segmentation/Annotations/Images-and-Supervisely-Annotations/case_5057/mask_anatomy_inst/case5057_26.png
373,/data/shared/CataractData/semantic_segmentation/Annotations/Images-and-Supervisely-Annotations/case_5057/img/case5057_27.png,/data/shared/CataractData/semantic_segmentation/Annotations/Images-and-Supervisely-Annotations/case_5057/mask_anatomy_inst/case5057_27.png
374,/data/shared/CataractData/semantic_segmentation/Annotations/Images-and-Supervisely-Annotations/case_5057/img/case5057_28.png,/data/shared/CataractData/semantic_segmentation/Annotations/Images-and-Supervisely-Annotations/case_5057/mask_anatomy_inst/case5057_28.png
375,/data/shared/CataractData/semantic_segmentation/Annotations/Images-and-Supervisely-Annotations/case_5057/img/case5057_29.png,/data/shared/CataractData/semantic_segmentation/Annotations/Images-and-Supervisely-Annotations/case_5057/mask_anatomy_inst/case5057_29.png
376,/data/shared/CataractData/semantic_segmentation/Annotations/Images-and-Supervisely-Annotations/case_5057/img/case5057_30.png,/data/shared/CataractData/semantic_segmentation/Annotations/Images-and-Supervisely-Annotations/case_5057/mask_anatomy_inst/case5057_30.png
377,/data/shared/CataractData/semantic_segmentation/Annotations/Images-and-Supervisely-Annotations/case_5057/img/case5057_31.png,/data/shared/CataractData/semantic_segmentation/Annotations/Images-and-Supervisely-Annotations/case_5057/mask_anatomy_inst/case5057_31.png
378,/data/shared/CataractData/semantic_segmentation/Annotations/Images-and-Supervisely-Annotations/case_5057/img/case5057_32.png,/data/shared/CataractData/semantic_segmentation/Annotations/Images-and-Supervisely-Annotations/case_5057/mask_anatomy_inst/case5057_32.png
379,/data/shared/CataractData/semantic_segmentation/Annotations/Images-and-Supervisely-Annotations/case_5057/img/case5057_33.png,/data/shared/CataractData/semantic_segmentation/Annotations/Images-and-Supervisely-Annotations/case_5057/mask_anatomy_inst/case5057_33.png
380,/data/shared/CataractData/semantic_segmentation/Annotations/Images-and-Supervisely-Annotations/case_5057/img/case5057_34.png,/data/shared/CataractData/semantic_segmentation/Annotations/Images-and-Supervisely-Annotations/case_5057/mask_anatomy_inst/case5057_34.png
381,/data/shared/CataractData/semantic_segmentation/Annotations/Images-and-Supervisely-Annotations/case_5057/img/case5057_35.png,/data/shared/CataractData/semantic_segmentation/Annotations/Images-and-Supervisely-Annotations/case_5057/mask_anatomy_inst/case5057_35.png
382,/data/shared/CataractData/semantic_segmentation/Annotations/Images-and-Supervisely-Annotations/case_5057/img/case5057_36.png,/data/shared/CataractData/semantic_segmentation/Annotations/Images-and-Supervisely-Annotations/case_5057/mask_anatomy_inst/case5057_36.png
383,/data/shared/CataractData/semantic_segmentation/Annotations/Images-and-Supervisely-Annotations/case_5057/img/case5057_37.png,/data/shared/CataractData/semantic_segmentation/Annotations/Images-and-Supervisely-Annotations/case_5057/mask_anatomy_inst/case5057_37.png
384,/data/shared/CataractData/semantic_segmentation/Annotations/Images-and-Supervisely-Annotations/case_5057/img/case5057_38.png,/data/shared/CataractData/semantic_segmentation/Annotations/Images-and-Supervisely-Annotations/case_5057/mask_anatomy_inst/case5057_38.png
385,/data/shared/CataractData/semantic_segmentation/Annotations/Images-and-Supervisely-Annotations/case_5057/img/case5057_39.png,/data/shared/CataractData/semantic_segmentation/Annotations/Images-and-Supervisely-Annotations/case_5057/mask_anatomy_inst/case5057_39.png
386,/data/shared/CataractData/semantic_segmentation/Annotations/Images-and-Supervisely-Annotations/case_5057/img/case5057_40.png,/data/shared/CataractData/semantic_segmentation/Annotations/Images-and-Supervisely-Annotations/case_5057/mask_anatomy_inst/case5057_40.png
387,/data/shared/CataractData/semantic_segmentation/Annotations/Images-and-Supervisely-Annotations/case_5057/img/case5057_41.png,/data/shared/CataractData/semantic_segmentation/Annotations/Images-and-Supervisely-Annotations/case_5057/mask_anatomy_inst/case5057_41.png
388,/data/shared/CataractData/semantic_segmentation/Annotations/Images-and-Supervisely-Annotations/case_5057/img/case5057_42.png,/data/shared/CataractData/semantic_segmentation/Annotations/Images-and-Supervisely-Annotations/case_5057/mask_anatomy_inst/case5057_42.png
389,/data/shared/CataractData/semantic_segmentation/Annotations/Images-and-Supervisely-Annotations/case_5057/img/case5057_43.png,/data/shared/CataractData/semantic_segmentation/Annotations/Images-and-Supervisely-Annotations/case_5057/mask_anatomy_inst/case5057_43.png
390,/data/shared/CataractData/semantic_segmentation/Annotations/Images-and-Supervisely-Annotations/case_5057/img/case5057_44.png,/data/shared/CataractData/semantic_segmentation/Annotations/Images-and-Supervisely-Annotations/case_5057/mask_anatomy_inst/case5057_44.png
391,/data/shared/CataractData/semantic_segmentation/Annotations/Images-and-Supervisely-Annotations/case_5057/img/case5057_45.png,/data/shared/CataractData/semantic_segmentation/Annotations/Images-and-Supervisely-Annotations/case_5057/mask_anatomy_inst/case5057_45.png
392,/data/shared/CataractData/semantic_segmentation/Annotations/Images-and-Supervisely-Annotations/case_5057/img/case5057_46.png,/data/shared/CataractData/semantic_segmentation/Annotations/Images-and-Supervisely-Annotations/case_5057/mask_anatomy_inst/case5057_46.png
393,/data/shared/CataractData/semantic_segmentation/Annotations/Images-and-Supervisely-Annotations/case_5057/img/case5057_47.png,/data/shared/CataractData/semantic_segmentation/Annotations/Images-and-Supervisely-Annotations/case_5057/mask_anatomy_inst/case5057_47.png
394,/data/shared/CataractData/semantic_segmentation/Annotations/Images-and-Supervisely-Annotations/case_5057/img/case5057_48.png,/data/shared/CataractData/semantic_segmentation/Annotations/Images-and-Supervisely-Annotations/case_5057/mask_anatomy_inst/case5057_48.png
395,/data/shared/CataractData/semantic_segmentation/Annotations/Images-and-Supervisely-Annotations/case_5057/img/case5057_49.png,/data/shared/CataractData/semantic_segmentation/Annotations/Images-and-Supervisely-Annotations/case_5057/mask_anatomy_inst/case5057_49.png
396,/data/shared/CataractData/semantic_segmentation/Annotations/Images-and-Supervisely-Annotations/case_5057/img/case5057_50.png,/data/shared/CataractData/semantic_segmentation/Annotations/Images-and-Supervisely-Annotations/case_5057/mask_anatomy_inst/case5057_50.png
397,/data/shared/CataractData/semantic_segmentation/Annotations/Images-and-Supervisely-Annotations/case_5057/img/case5057_51.png,/data/shared/CataractData/semantic_segmentation/Annotations/Images-and-Supervisely-Annotations/case_5057/mask_anatomy_inst/case5057_51.png
398,/data/shared/CataractData/semantic_segmentation/Annotations/Images-and-Supervisely-Annotations/case_5057/img/case5057_52.png,/data/shared/CataractData/semantic_segmentation/Annotations/Images-and-Supervisely-Annotations/case_5057/mask_anatomy_inst/case5057_52.png
399,/data/shared/CataractData/semantic_segmentation/Annotations/Images-and-Supervisely-Annotations/case_5057/img/case5057_53.png,/data/shared/CataractData/semantic_segmentation/Annotations/Images-and-Supervisely-Annotations/case_5057/mask_anatomy_inst/case5057_53.png
400,/data/shared/CataractData/semantic_segmentation/Annotations/Images-and-Supervisely-Annotations/case_5057/img/case5057_54.png,/data/shared/CataractData/semantic_segmentation/Annotations/Images-and-Supervisely-Annotations/case_5057/mask_anatomy_inst/case5057_54.png
401,/data/shared/CataractData/semantic_segmentation/Annotations/Images-and-Supervisely-Annotations/case_5057/img/case5057_55.png,/data/shared/CataractData/semantic_segmentation/Annotations/Images-and-Supervisely-Annotations/case_5057/mask_anatomy_inst/case5057_55.png
402,/data/shared/CataractData/semantic_segmentation/Annotations/Images-and-Supervisely-Annotations/case_5057/img/case5057_56.png,/data/shared/CataractData/semantic_segmentation/Annotations/Images-and-Supervisely-Annotations/case_5057/mask_anatomy_inst/case5057_56.png
403,/data/shared/CataractData/semantic_segmentation/Annotations/Images-and-Supervisely-Annotations/case_5057/img/case5057_57.png,/data/shared/CataractData/semantic_segmentation/Annotations/Images-and-Supervisely-Annotations/case_5057/mask_anatomy_inst/case5057_57.png
404,/data/shared/CataractData/semantic_segmentation/Annotations/Images-and-Supervisely-Annotations/case_5057/img/case5057_58.png,/data/shared/CataractData/semantic_segmentation/Annotations/Images-and-Supervisely-Annotations/case_5057/mask_anatomy_inst/case5057_58.png
405,/data/shared/CataractData/semantic_segmentation/Annotations/Images-and-Supervisely-Annotations/case_5057/img/case5057_59.png,/data/shared/CataractData/semantic_segmentation/Annotations/Images-and-Supervisely-Annotations/case_5057/mask_anatomy_inst/case5057_59.png
406,/data/shared/CataractData/semantic_segmentation/Annotations/Images-and-Supervisely-Annotations/case_5057/img/case5057_60.png,/data/shared/CataractData/semantic_segmentation/Annotations/Images-and-Supervisely-Annotations/case_5057/mask_anatomy_inst/case5057_60.png
407,/data/shared/CataractData/semantic_segmentation/Annotations/Images-and-Supervisely-Annotations/case_5057/img/case5057_61.png,/data/shared/CataractData/semantic_segmentation/Annotations/Images-and-Supervisely-Annotations/case_5057/mask_anatomy_inst/case5057_61.png
408,/data/shared/CataractData/semantic_segmentation/Annotations/Images-and-Supervisely-Annotations/case_5057/img/case5057_62.png,/data/shared/CataractData/semantic_segmentation/Annotations/Images-and-Supervisely-Annotations/case_5057/mask_anatomy_inst/case5057_62.png
409,/data/shared/CataractData/semantic_segmentation/Annotations/Images-and-Supervisely-Annotations/case_5057/img/case5057_63.png,/data/shared/CataractData/semantic_segmentation/Annotations/Images-and-Supervisely-Annotations/case_5057/mask_anatomy_inst/case5057_63.png
410,/data/shared/CataractData/semantic_segmentation/Annotations/Images-and-Supervisely-Annotations/case_5057/img/case5057_64.png,/data/shared/CataractData/semantic_segmentation/Annotations/Images-and-Supervisely-Annotations/case_5057/mask_anatomy_inst/case5057_64.png
411,/data/shared/CataractData/semantic_segmentation/Annotations/Images-and-Supervisely-Annotations/case_5057/img/case5057_65.png,/data/shared/CataractData/semantic_segmentation/Annotations/Images-and-Supervisely-Annotations/case_5057/mask_anatomy_inst/case5057_65.png
412,/data/shared/CataractData/semantic_segmentation/Annotations/Images-and-Supervisely-Annotations/case_5057/img/case5057_66.png,/data/shared/CataractData/semantic_segmentation/Annotations/Images-and-Supervisely-Annotations/case_5057/mask_anatomy_inst/case5057_66.png
413,/data/shared/CataractData/semantic_segmentation/Annotations/Images-and-Supervisely-Annotations/case_5057/img/case5057_67.png,/data/shared/CataractData/semantic_segmentation/Annotations/Images-and-Supervisely-Annotations/case_5057/mask_anatomy_inst/case5057_67.png
414,/data/shared/CataractData/semantic_segmentation/Annotations/Images-and-Supervisely-Annotations/case_5057/img/case5057_68.png,/data/shared/CataractData/semantic_segmentation/Annotations/Images-and-Supervisely-Annotations/case_5057/mask_anatomy_inst/case5057_68.png
415,/data/shared/CataractData/semantic_segmentation/Annotations/Images-and-Supervisely-Annotations/case_5057/img/case5057_69.png,/data/shared/CataractData/semantic_segmentation/Annotations/Images-and-Supervisely-Annotations/case_5057/mask_anatomy_inst/case5057_69.png
416,/data/shared/CataractData/semantic_segmentation/Annotations/Images-and-Supervisely-Annotations/case_5057/img/case5057_70.png,/data/shared/CataractData/semantic_segmentation/Annotations/Images-and-Supervisely-Annotations/case_5057/mask_anatomy_inst/case5057_70.png
417,/data/shared/CataractData/semantic_segmentation/Annotations/Images-and-Supervisely-Annotations/case_5057/img/case5057_71.png,/data/shared/CataractData/semantic_segmentation/Annotations/Images-and-Supervisely-Annotations/case_5057/mask_anatomy_inst/case5057_71.png
418,/data/shared/CataractData/semantic_segmentation/Annotations/Images-and-Supervisely-Annotations/case_5057/img/case5057_72.png,/data/shared/CataractData/semantic_segmentation/Annotations/Images-and-Supervisely-Annotations/case_5057/mask_anatomy_inst/case5057_72.png
419,/data/shared/CataractData/semantic_segmentation/Annotations/Images-and-Supervisely-Annotations/case_5058/img/case5058_01.png,/data/shared/CataractData/semantic_segmentation/Annotations/Images-and-Supervisely-Annotations/case_5058/mask_anatomy_inst/case5058_01.png
420,/data/shared/CataractData/semantic_segmentation/Annotations/Images-and-Supervisely-Annotations/case_5058/img/case5058_02.png,/data/shared/CataractData/semantic_segmentation/Annotations/Images-and-Supervisely-Annotations/case_5058/mask_anatomy_inst/case5058_02.png
421,/data/shared/CataractData/semantic_segmentation/Annotations/Images-and-Supervisely-Annotations/case_5058/img/case5058_03.png,/data/shared/CataractData/semantic_segmentation/Annotations/Images-and-Supervisely-Annotations/case_5058/mask_anatomy_inst/case5058_03.png
422,/data/shared/CataractData/semantic_segmentation/Annotations/Images-and-Supervisely-Annotations/case_5058/img/case5058_04.png,/data/shared/CataractData/semantic_segmentation/Annotations/Images-and-Supervisely-Annotations/case_5058/mask_anatomy_inst/case5058_04.png
423,/data/shared/CataractData/semantic_segmentation/Annotations/Images-and-Supervisely-Annotations/case_5058/img/case5058_05.png,/data/shared/CataractData/semantic_segmentation/Annotations/Images-and-Supervisely-Annotations/case_5058/mask_anatomy_inst/case5058_05.png
424,/data/shared/CataractData/semantic_segmentation/Annotations/Images-and-Supervisely-Annotations/case_5058/img/case5058_06.png,/data/shared/CataractData/semantic_segmentation/Annotations/Images-and-Supervisely-Annotations/case_5058/mask_anatomy_inst/case5058_06.png
425,/data/shared/CataractData/semantic_segmentation/Annotations/Images-and-Supervisely-Annotations/case_5058/img/case5058_07.png,/data/shared/CataractData/semantic_segmentation/Annotations/Images-and-Supervisely-Annotations/case_5058/mask_anatomy_inst/case5058_07.png
426,/data/shared/CataractData/semantic_segmentation/Annotations/Images-and-Supervisely-Annotations/case_5058/img/case5058_08.png,/data/shared/CataractData/semantic_segmentation/Annotations/Images-and-Supervisely-Annotations/case_5058/mask_anatomy_inst/case5058_08.png
427,/data/shared/CataractData/semantic_segmentation/Annotations/Images-and-Supervisely-Annotations/case_5058/img/case5058_09.png,/data/shared/CataractData/semantic_segmentation/Annotations/Images-and-Supervisely-Annotations/case_5058/mask_anatomy_inst/case5058_09.png
428,/data/shared/CataractData/semantic_segmentation/Annotations/Images-and-Supervisely-Annotations/case_5058/img/case5058_10.png,/data/shared/CataractData/semantic_segmentation/Annotations/Images-and-Supervisely-Annotations/case_5058/mask_anatomy_inst/case5058_10.png
429,/data/shared/CataractData/semantic_segmentation/Annotations/Images-and-Supervisely-Annotations/case_5058/img/case5058_11.png,/data/shared/CataractData/semantic_segmentation/Annotations/Images-and-Supervisely-Annotations/case_5058/mask_anatomy_inst/case5058_11.png
430,/data/shared/CataractData/semantic_segmentation/Annotations/Images-and-Supervisely-Annotations/case_5058/img/case5058_12.png,/data/shared/CataractData/semantic_segmentation/Annotations/Images-and-Supervisely-Annotations/case_5058/mask_anatomy_inst/case5058_12.png
431,/data/shared/CataractData/semantic_segmentation/Annotations/Images-and-Supervisely-Annotations/case_5058/img/case5058_13.png,/data/shared/CataractData/semantic_segmentation/Annotations/Images-and-Supervisely-Annotations/case_5058/mask_anatomy_inst/case5058_13.png
432,/data/shared/CataractData/semantic_segmentation/Annotations/Images-and-Supervisely-Annotations/case_5058/img/case5058_14.png,/data/shared/CataractData/semantic_segmentation/Annotations/Images-and-Supervisely-Annotations/case_5058/mask_anatomy_inst/case5058_14.png
433,/data/shared/CataractData/semantic_segmentation/Annotations/Images-and-Supervisely-Annotations/case_5058/img/case5058_15.png,/data/shared/CataractData/semantic_segmentation/Annotations/Images-and-Supervisely-Annotations/case_5058/mask_anatomy_inst/case5058_15.png
434,/data/shared/CataractData/semantic_segmentation/Annotations/Images-and-Supervisely-Annotations/case_5058/img/case5058_16.png,/data/shared/CataractData/semantic_segmentation/Annotations/Images-and-Supervisely-Annotations/case_5058/mask_anatomy_inst/case5058_16.png
435,/data/shared/CataractData/semantic_segmentation/Annotations/Images-and-Supervisely-Annotations/case_5058/img/case5058_17.png,/data/shared/CataractData/semantic_segmentation/Annotations/Images-and-Supervisely-Annotations/case_5058/mask_anatomy_inst/case5058_17.png
436,/data/shared/CataractData/semantic_segmentation/Annotations/Images-and-Supervisely-Annotations/case_5058/img/case5058_18.png,/data/shared/CataractData/semantic_segmentation/Annotations/Images-and-Supervisely-Annotations/case_5058/mask_anatomy_inst/case5058_18.png
437,/data/shared/CataractData/semantic_segmentation/Annotations/Images-and-Supervisely-Annotations/case_5058/img/case5058_19.png,/data/shared/CataractData/semantic_segmentation/Annotations/Images-and-Supervisely-Annotations/case_5058/mask_anatomy_inst/case5058_19.png
438,/data/shared/CataractData/semantic_segmentation/Annotations/Images-and-Supervisely-Annotations/case_5058/img/case5058_20.png,/data/shared/CataractData/semantic_segmentation/Annotations/Images-and-Supervisely-Annotations/case_5058/mask_anatomy_inst/case5058_20.png
439,/data/shared/CataractData/semantic_segmentation/Annotations/Images-and-Supervisely-Annotations/case_5058/img/case5058_21.png,/data/shared/CataractData/semantic_segmentation/Annotations/Images-and-Supervisely-Annotations/case_5058/mask_anatomy_inst/case5058_21.png
440,/data/shared/CataractData/semantic_segmentation/Annotations/Images-and-Supervisely-Annotations/case_5058/img/case5058_22.png,/data/shared/CataractData/semantic_segmentation/Annotations/Images-and-Supervisely-Annotations/case_5058/mask_anatomy_inst/case5058_22.png
441,/data/shared/CataractData/semantic_segmentation/Annotations/Images-and-Supervisely-Annotations/case_5058/img/case5058_23.png,/data/shared/CataractData/semantic_segmentation/Annotations/Images-and-Supervisely-Annotations/case_5058/mask_anatomy_inst/case5058_23.png
442,/data/shared/CataractData/semantic_segmentation/Annotations/Images-and-Supervisely-Annotations/case_5058/img/case5058_24.png,/data/shared/CataractData/semantic_segmentation/Annotations/Images-and-Supervisely-Annotations/case_5058/mask_anatomy_inst/case5058_24.png
443,/data/shared/CataractData/semantic_segmentation/Annotations/Images-and-Supervisely-Annotations/case_5058/img/case5058_25.png,/data/shared/CataractData/semantic_segmentation/Annotations/Images-and-Supervisely-Annotations/case_5058/mask_anatomy_inst/case5058_25.png
444,/data/shared/CataractData/semantic_segmentation/Annotations/Images-and-Supervisely-Annotations/case_5058/img/case5058_26.png,/data/shared/CataractData/semantic_segmentation/Annotations/Images-and-Supervisely-Annotations/case_5058/mask_anatomy_inst/case5058_26.png
445,/data/shared/CataractData/semantic_segmentation/Annotations/Images-and-Supervisely-Annotations/case_5058/img/case5058_27.png,/data/shared/CataractData/semantic_segmentation/Annotations/Images-and-Supervisely-Annotations/case_5058/mask_anatomy_inst/case5058_27.png
446,/data/shared/CataractData/semantic_segmentation/Annotations/Images-and-Supervisely-Annotations/case_5058/img/case5058_28.png,/data/shared/CataractData/semantic_segmentation/Annotations/Images-and-Supervisely-Annotations/case_5058/mask_anatomy_inst/case5058_28.png
447,/data/shared/CataractData/semantic_segmentation/Annotations/Images-and-Supervisely-Annotations/case_5058/img/case5058_29.png,/data/shared/CataractData/semantic_segmentation/Annotations/Images-and-Supervisely-Annotations/case_5058/mask_anatomy_inst/case5058_29.png
448,/data/shared/CataractData/semantic_segmentation/Annotations/Images-and-Supervisely-Annotations/case_5058/img/case5058_30.png,/data/shared/CataractData/semantic_segmentation/Annotations/Images-and-Supervisely-Annotations/case_5058/mask_anatomy_inst/case5058_30.png
449,/data/shared/CataractData/semantic_segmentation/Annotations/Images-and-Supervisely-Annotations/case_5058/img/case5058_31.png,/data/shared/CataractData/semantic_segmentation/Annotations/Images-and-Supervisely-Annotations/case_5058/mask_anatomy_inst/case5058_31.png
450,/data/shared/CataractData/semantic_segmentation/Annotations/Images-and-Supervisely-Annotations/case_5058/img/case5058_32.png,/data/shared/CataractData/semantic_segmentation/Annotations/Images-and-Supervisely-Annotations/case_5058/mask_anatomy_inst/case5058_32.png
451,/data/shared/CataractData/semantic_segmentation/Annotations/Images-and-Supervisely-Annotations/case_5058/img/case5058_33.png,/data/shared/CataractData/semantic_segmentation/Annotations/Images-and-Supervisely-Annotations/case_5058/mask_anatomy_inst/case5058_33.png
452,/data/shared/CataractData/semantic_segmentation/Annotations/Images-and-Supervisely-Annotations/case_5058/img/case5058_34.png,/data/shared/CataractData/semantic_segmentation/Annotations/Images-and-Supervisely-Annotations/case_5058/mask_anatomy_inst/case5058_34.png
453,/data/shared/CataractData/semantic_segmentation/Annotations/Images-and-Supervisely-Annotations/case_5058/img/case5058_35.png,/data/shared/CataractData/semantic_segmentation/Annotations/Images-and-Supervisely-Annotations/case_5058/mask_anatomy_inst/case5058_35.png
454,/data/shared/CataractData/semantic_segmentation/Annotations/Images-and-Supervisely-Annotations/case_5058/img/case5058_36.png,/data/shared/CataractData/semantic_segmentation/Annotations/Images-and-Supervisely-Annotations/case_5058/mask_anatomy_inst/case5058_36.png
455,/data/shared/CataractData/semantic_segmentation/Annotations/Images-and-Supervisely-Annotations/case_5058/img/case5058_37.png,/data/shared/CataractData/semantic_segmentation/Annotations/Images-and-Supervisely-Annotations/case_5058/mask_anatomy_inst/case5058_37.png
456,/data/shared/CataractData/semantic_segmentation/Annotations/Images-and-Supervisely-Annotations/case_5058/img/case5058_38.png,/data/shared/CataractData/semantic_segmentation/Annotations/Images-and-Supervisely-Annotations/case_5058/mask_anatomy_inst/case5058_38.png
457,/data/shared/CataractData/semantic_segmentation/Annotations/Images-and-Supervisely-Annotations/case_5058/img/case5058_39.png,/data/shared/CataractData/semantic_segmentation/Annotations/Images-and-Supervisely-Annotations/case_5058/mask_anatomy_inst/case5058_39.png
458,/data/shared/CataractData/semantic_segmentation/Annotations/Images-and-Supervisely-Annotations/case_5058/img/case5058_40.png,/data/shared/CataractData/semantic_segmentation/Annotations/Images-and-Supervisely-Annotations/case_5058/mask_anatomy_inst/case5058_40.png
459,/data/shared/CataractData/semantic_segmentation/Annotations/Images-and-Supervisely-Annotations/case_5058/img/case5058_41.png,/data/shared/CataractData/semantic_segmentation/Annotations/Images-and-Supervisely-Annotations/case_5058/mask_anatomy_inst/case5058_41.png
460,/data/shared/CataractData/semantic_segmentation/Annotations/Images-and-Supervisely-Annotations/case_5058/img/case5058_42.png,/data/shared/CataractData/semantic_segmentation/Annotations/Images-and-Supervisely-Annotations/case_5058/mask_anatomy_inst/case5058_42.png
461,/data/shared/CataractData/semantic_segmentation/Annotations/Images-and-Supervisely-Annotations/case_5058/img/case5058_43.png,/data/shared/CataractData/semantic_segmentation/Annotations/Images-and-Supervisely-Annotations/case_5058/mask_anatomy_inst/case5058_43.png
462,/data/shared/CataractData/semantic_segmentation/Annotations/Images-and-Supervisely-Annotations/case_5058/img/case5058_44.png,/data/shared/CataractData/semantic_segmentation/Annotations/Images-and-Supervisely-Annotations/case_5058/mask_anatomy_inst/case5058_44.png
463,/data/shared/CataractData/semantic_segmentation/Annotations/Images-and-Supervisely-Annotations/case_5058/img/case5058_45.png,/data/shared/CataractData/semantic_segmentation/Annotations/Images-and-Supervisely-Annotations/case_5058/mask_anatomy_inst/case5058_45.png
464,/data/shared/CataractData/semantic_segmentation/Annotations/Images-and-Supervisely-Annotations/case_5058/img/case5058_46.png,/data/shared/CataractData/semantic_segmentation/Annotations/Images-and-Supervisely-Annotations/case_5058/mask_anatomy_inst/case5058_46.png
465,/data/shared/CataractData/semantic_segmentation/Annotations/Images-and-Supervisely-Annotations/case_5058/img/case5058_47.png,/data/shared/CataractData/semantic_segmentation/Annotations/Images-and-Supervisely-Annotations/case_5058/mask_anatomy_inst/case5058_47.png
466,/data/shared/CataractData/semantic_segmentation/Annotations/Images-and-Supervisely-Annotations/case_5058/img/case5058_48.png,/data/shared/CataractData/semantic_segmentation/Annotations/Images-and-Supervisely-Annotations/case_5058/mask_anatomy_inst/case5058_48.png
467,/data/shared/CataractData/semantic_segmentation/Annotations/Images-and-Supervisely-Annotations/case_5058/img/case5058_49.png,/data/shared/CataractData/semantic_segmentation/Annotations/Images-and-Supervisely-Annotations/case_5058/mask_anatomy_inst/case5058_49.png
468,/data/shared/CataractData/semantic_segmentation/Annotations/Images-and-Supervisely-Annotations/case_5058/img/case5058_50.png,/data/shared/CataractData/semantic_segmentation/Annotations/Images-and-Supervisely-Annotations/case_5058/mask_anatomy_inst/case5058_50.png
469,/data/shared/CataractData/semantic_segmentation/Annotations/Images-and-Supervisely-Annotations/case_5058/img/case5058_51.png,/data/shared/CataractData/semantic_segmentation/Annotations/Images-and-Supervisely-Annotations/case_5058/mask_anatomy_inst/case5058_51.png
470,/data/shared/CataractData/semantic_segmentation/Annotations/Images-and-Supervisely-Annotations/case_5058/img/case5058_52.png,/data/shared/CataractData/semantic_segmentation/Annotations/Images-and-Supervisely-Annotations/case_5058/mask_anatomy_inst/case5058_52.png
471,/data/shared/CataractData/semantic_segmentation/Annotations/Images-and-Supervisely-Annotations/case_5058/img/case5058_53.png,/data/shared/CataractData/semantic_segmentation/Annotations/Images-and-Supervisely-Annotations/case_5058/mask_anatomy_inst/case5058_53.png
472,/data/shared/CataractData/semantic_segmentation/Annotations/Images-and-Supervisely-Annotations/case_5058/img/case5058_54.png,/data/shared/CataractData/semantic_segmentation/Annotations/Images-and-Supervisely-Annotations/case_5058/mask_anatomy_inst/case5058_54.png
473,/data/shared/CataractData/semantic_segmentation/Annotations/Images-and-Supervisely-Annotations/case_5058/img/case5058_55.png,/data/shared/CataractData/semantic_segmentation/Annotations/Images-and-Supervisely-Annotations/case_5058/mask_anatomy_inst/case5058_55.png
474,/data/shared/CataractData/semantic_segmentation/Annotations/Images-and-Supervisely-Annotations/case_5058/img/case5058_56.png,/data/shared/CataractData/semantic_segmentation/Annotations/Images-and-Supervisely-Annotations/case_5058/mask_anatomy_inst/case5058_56.png
475,/data/shared/CataractData/semantic_segmentation/Annotations/Images-and-Supervisely-Annotations/case_5058/img/case5058_57.png,/data/shared/CataractData/semantic_segmentation/Annotations/Images-and-Supervisely-Annotations/case_5058/mask_anatomy_inst/case5058_57.png
476,/data/shared/CataractData/semantic_segmentation/Annotations/Images-and-Supervisely-Annotations/case_5058/img/case5058_58.png,/data/shared/CataractData/semantic_segmentation/Annotations/Images-and-Supervisely-Annotations/case_5058/mask_anatomy_inst/case5058_58.png
477,/data/shared/CataractData/semantic_segmentation/Annotations/Images-and-Supervisely-Annotations/case_5058/img/case5058_59.png,/data/shared/CataractData/semantic_segmentation/Annotations/Images-and-Supervisely-Annotations/case_5058/mask_anatomy_inst/case5058_59.png
478,/data/shared/CataractData/semantic_segmentation/Annotations/Images-and-Supervisely-Annotations/case_5058/img/case5058_60.png,/data/shared/CataractData/semantic_segmentation/Annotations/Images-and-Supervisely-Annotations/case_5058/mask_anatomy_inst/case5058_60.png
479,/data/shared/CataractData/semantic_segmentation/Annotations/Images-and-Supervisely-Annotations/case_5058/img/case5058_61.png,/data/shared/CataractData/semantic_segmentation/Annotations/Images-and-Supervisely-Annotations/case_5058/mask_anatomy_inst/case5058_61.png
480,/data/shared/CataractData/semantic_segmentation/Annotations/Images-and-Supervisely-Annotations/case_5058/img/case5058_62.png,/data/shared/CataractData/semantic_segmentation/Annotations/Images-and-Supervisely-Annotations/case_5058/mask_anatomy_inst/case5058_62.png
481,/data/shared/CataractData/semantic_segmentation/Annotations/Images-and-Supervisely-Annotations/case_5058/img/case5058_63.png,/data/shared/CataractData/semantic_segmentation/Annotations/Images-and-Supervisely-Annotations/case_5058/mask_anatomy_inst/case5058_63.png
482,/data/shared/CataractData/semantic_segmentation/Annotations/Images-and-Supervisely-Annotations/case_5058/img/case5058_64.png,/data/shared/CataractData/semantic_segmentation/Annotations/Images-and-Supervisely-Annotations/case_5058/mask_anatomy_inst/case5058_64.png
483,/data/shared/CataractData/semantic_segmentation/Annotations/Images-and-Supervisely-Annotations/case_5058/img/case5058_65.png,/data/shared/CataractData/semantic_segmentation/Annotations/Images-and-Supervisely-Annotations/case_5058/mask_anatomy_inst/case5058_65.png
484,/data/shared/CataractData/semantic_segmentation/Annotations/Images-and-Supervisely-Annotations/case_5058/img/case5058_66.png,/data/shared/CataractData/semantic_segmentation/Annotations/Images-and-Supervisely-Annotations/case_5058/mask_anatomy_inst/case5058_66.png
485,/data/shared/CataractData/semantic_segmentation/Annotations/Images-and-Supervisely-Annotations/case_5058/img/case5058_67.png,/data/shared/CataractData/semantic_segmentation/Annotations/Images-and-Supervisely-Annotations/case_5058/mask_anatomy_inst/case5058_67.png
486,/data/shared/CataractData/semantic_segmentation/Annotations/Images-and-Supervisely-Annotations/case_5058/img/case5058_68.png,/data/shared/CataractData/semantic_segmentation/Annotations/Images-and-Supervisely-Annotations/case_5058/mask_anatomy_inst/case5058_68.png
487,/data/shared/CataractData/semantic_segmentation/Annotations/Images-and-Supervisely-Annotations/case_5058/img/case5058_69.png,/data/shared/CataractData/semantic_segmentation/Annotations/Images-and-Supervisely-Annotations/case_5058/mask_anatomy_inst/case5058_69.png
488,/data/shared/CataractData/semantic_segmentation/Annotations/Images-and-Supervisely-Annotations/case_5058/img/case5058_70.png,/data/shared/CataractData/semantic_segmentation/Annotations/Images-and-Supervisely-Annotations/case_5058/mask_anatomy_inst/case5058_70.png
489,/data/shared/CataractData/semantic_segmentation/Annotations/Images-and-Supervisely-Annotations/case_5058/img/case5058_71.png,/data/shared/CataractData/semantic_segmentation/Annotations/Images-and-Supervisely-Annotations/case_5058/mask_anatomy_inst/case5058_71.png
490,/data/shared/CataractData/semantic_segmentation/Annotations/Images-and-Supervisely-Annotations/case_5058/img/case5058_72.png,/data/shared/CataractData/semantic_segmentation/Annotations/Images-and-Supervisely-Annotations/case_5058/mask_anatomy_inst/case5058_72.png
491,/data/shared/CataractData/semantic_segmentation/Annotations/Images-and-Supervisely-Annotations/case_5058/img/case5058_73.png,/data/shared/CataractData/semantic_segmentation/Annotations/Images-and-Supervisely-Annotations/case_5058/mask_anatomy_inst/case5058_73.png
492,/data/shared/CataractData/semantic_segmentation/Annotations/Images-and-Supervisely-Annotations/case_5058/img/case5058_74.png,/data/shared/CataractData/semantic_segmentation/Annotations/Images-and-Supervisely-Annotations/case_5058/mask_anatomy_inst/case5058_74.png
493,/data/shared/CataractData/semantic_segmentation/Annotations/Images-and-Supervisely-Annotations/case_5058/img/case5058_75.png,/data/shared/CataractData/semantic_segmentation/Annotations/Images-and-Supervisely-Annotations/case_5058/mask_anatomy_inst/case5058_75.png
494,/data/shared/CataractData/semantic_segmentation/Annotations/Images-and-Supervisely-Annotations/case_5058/img/case5058_76.png,/data/shared/CataractData/semantic_segmentation/Annotations/Images-and-Supervisely-Annotations/case_5058/mask_anatomy_inst/case5058_76.png
495,/data/shared/CataractData/semantic_segmentation/Annotations/Images-and-Supervisely-Annotations/case_5058/img/case5058_77.png,/data/shared/CataractData/semantic_segmentation/Annotations/Images-and-Supervisely-Annotations/case_5058/mask_anatomy_inst/case5058_77.png
496,/data/shared/CataractData/semantic_segmentation/Annotations/Images-and-Supervisely-Annotations/case_5058/img/case5058_78.png,/data/shared/CataractData/semantic_segmentation/Annotations/Images-and-Supervisely-Annotations/case_5058/mask_anatomy_inst/case5058_78.png
497,/data/shared/CataractData/semantic_segmentation/Annotations/Images-and-Supervisely-Annotations/case_5058/img/case5058_79.png,/data/shared/CataractData/semantic_segmentation/Annotations/Images-and-Supervisely-Annotations/case_5058/mask_anatomy_inst/case5058_79.png
498,/data/shared/CataractData/semantic_segmentation/Annotations/Images-and-Supervisely-Annotations/case_5058/img/case5058_80.png,/data/shared/CataractData/semantic_segmentation/Annotations/Images-and-Supervisely-Annotations/case_5058/mask_anatomy_inst/case5058_80.png
499,/data/shared/CataractData/semantic_segmentation/Annotations/Images-and-Supervisely-Annotations/case_5058/img/case5058_81.png,/data/shared/CataractData/semantic_segmentation/Annotations/Images-and-Supervisely-Annotations/case_5058/mask_anatomy_inst/case5058_81.png
500,/data/shared/CataractData/semantic_segmentation/Annotations/Images-and-Supervisely-Annotations/case_5063/img/case5063_01.png,/data/shared/CataractData/semantic_segmentation/Annotations/Images-and-Supervisely-Annotations/case_5063/mask_anatomy_inst/case5063_01.png
501,/data/shared/CataractData/semantic_segmentation/Annotations/Images-and-Supervisely-Annotations/case_5063/img/case5063_02.png,/data/shared/CataractData/semantic_segmentation/Annotations/Images-and-Supervisely-Annotations/case_5063/mask_anatomy_inst/case5063_02.png
502,/data/shared/CataractData/semantic_segmentation/Annotations/Images-and-Supervisely-Annotations/case_5063/img/case5063_03.png,/data/shared/CataractData/semantic_segmentation/Annotations/Images-and-Supervisely-Annotations/case_5063/mask_anatomy_inst/case5063_03.png
503,/data/shared/CataractData/semantic_segmentation/Annotations/Images-and-Supervisely-Annotations/case_5063/img/case5063_04.png,/data/shared/CataractData/semantic_segmentation/Annotations/Images-and-Supervisely-Annotations/case_5063/mask_anatomy_inst/case5063_04.png
504,/data/shared/CataractData/semantic_segmentation/Annotations/Images-and-Supervisely-Annotations/case_5063/img/case5063_05.png,/data/shared/CataractData/semantic_segmentation/Annotations/Images-and-Supervisely-Annotations/case_5063/mask_anatomy_inst/case5063_05.png
505,/data/shared/CataractData/semantic_segmentation/Annotations/Images-and-Supervisely-Annotations/case_5063/img/case5063_06.png,/data/shared/CataractData/semantic_segmentation/Annotations/Images-and-Supervisely-Annotations/case_5063/mask_anatomy_inst/case5063_06.png
506,/data/shared/CataractData/semantic_segmentation/Annotations/Images-and-Supervisely-Annotations/case_5063/img/case5063_07.png,/data/shared/CataractData/semantic_segmentation/Annotations/Images-and-Supervisely-Annotations/case_5063/mask_anatomy_inst/case5063_07.png
507,/data/shared/CataractData/semantic_segmentation/Annotations/Images-and-Supervisely-Annotations/case_5063/img/case5063_08.png,/data/shared/CataractData/semantic_segmentation/Annotations/Images-and-Supervisely-Annotations/case_5063/mask_anatomy_inst/case5063_08.png
508,/data/shared/CataractData/semantic_segmentation/Annotations/Images-and-Supervisely-Annotations/case_5063/img/case5063_09.png,/data/shared/CataractData/semantic_segmentation/Annotations/Images-and-Supervisely-Annotations/case_5063/mask_anatomy_inst/case5063_09.png
509,/data/shared/CataractData/semantic_segmentation/Annotations/Images-and-Supervisely-Annotations/case_5063/img/case5063_10.png,/data/shared/CataractData/semantic_segmentation/Annotations/Images-and-Supervisely-Annotations/case_5063/mask_anatomy_inst/case5063_10.png
510,/data/shared/CataractData/semantic_segmentation/Annotations/Images-and-Supervisely-Annotations/case_5063/img/case5063_11.png,/data/shared/CataractData/semantic_segmentation/Annotations/Images-and-Supervisely-Annotations/case_5063/mask_anatomy_inst/case5063_11.png
511,/data/shared/CataractData/semantic_segmentation/Annotations/Images-and-Supervisely-Annotations/case_5063/img/case5063_12.png,/data/shared/CataractData/semantic_segmentation/Annotations/Images-and-Supervisely-Annotations/case_5063/mask_anatomy_inst/case5063_12.png
512,/data/shared/CataractData/semantic_segmentation/Annotations/Images-and-Supervisely-Annotations/case_5063/img/case5063_13.png,/data/shared/CataractData/semantic_segmentation/Annotations/Images-and-Supervisely-Annotations/case_5063/mask_anatomy_inst/case5063_13.png
513,/data/shared/CataractData/semantic_segmentation/Annotations/Images-and-Supervisely-Annotations/case_5063/img/case5063_14.png,/data/shared/CataractData/semantic_segmentation/Annotations/Images-and-Supervisely-Annotations/case_5063/mask_anatomy_inst/case5063_14.png
514,/data/shared/CataractData/semantic_segmentation/Annotations/Images-and-Supervisely-Annotations/case_5063/img/case5063_15.png,/data/shared/CataractData/semantic_segmentation/Annotations/Images-and-Supervisely-Annotations/case_5063/mask_anatomy_inst/case5063_15.png
515,/data/shared/CataractData/semantic_segmentation/Annotations/Images-and-Supervisely-Annotations/case_5063/img/case5063_16.png,/data/shared/CataractData/semantic_segmentation/Annotations/Images-and-Supervisely-Annotations/case_5063/mask_anatomy_inst/case5063_16.png
516,/data/shared/CataractData/semantic_segmentation/Annotations/Images-and-Supervisely-Annotations/case_5063/img/case5063_17.png,/data/shared/CataractData/semantic_segmentation/Annotations/Images-and-Supervisely-Annotations/case_5063/mask_anatomy_inst/case5063_17.png
517,/data/shared/CataractData/semantic_segmentation/Annotations/Images-and-Supervisely-Annotations/case_5063/img/case5063_18.png,/data/shared/CataractData/semantic_segmentation/Annotations/Images-and-Supervisely-Annotations/case_5063/mask_anatomy_inst/case5063_18.png
518,/data/shared/CataractData/semantic_segmentation/Annotations/Images-and-Supervisely-Annotations/case_5063/img/case5063_19.png,/data/shared/CataractData/semantic_segmentation/Annotations/Images-and-Supervisely-Annotations/case_5063/mask_anatomy_inst/case5063_19.png
519,/data/shared/CataractData/semantic_segmentation/Annotations/Images-and-Supervisely-Annotations/case_5063/img/case5063_20.png,/data/shared/CataractData/semantic_segmentation/Annotations/Images-and-Supervisely-Annotations/case_5063/mask_anatomy_inst/case5063_20.png
520,/data/shared/CataractData/semantic_segmentation/Annotations/Images-and-Supervisely-Annotations/case_5063/img/case5063_21.png,/data/shared/CataractData/semantic_segmentation/Annotations/Images-and-Supervisely-Annotations/case_5063/mask_anatomy_inst/case5063_21.png
521,/data/shared/CataractData/semantic_segmentation/Annotations/Images-and-Supervisely-Annotations/case_5063/img/case5063_22.png,/data/shared/CataractData/semantic_segmentation/Annotations/Images-and-Supervisely-Annotations/case_5063/mask_anatomy_inst/case5063_22.png
522,/data/shared/CataractData/semantic_segmentation/Annotations/Images-and-Supervisely-Annotations/case_5063/img/case5063_23.png,/data/shared/CataractData/semantic_segmentation/Annotations/Images-and-Supervisely-Annotations/case_5063/mask_anatomy_inst/case5063_23.png
523,/data/shared/CataractData/semantic_segmentation/Annotations/Images-and-Supervisely-Annotations/case_5063/img/case5063_24.png,/data/shared/CataractData/semantic_segmentation/Annotations/Images-and-Supervisely-Annotations/case_5063/mask_anatomy_inst/case5063_24.png
524,/data/shared/CataractData/semantic_segmentation/Annotations/Images-and-Supervisely-Annotations/case_5063/img/case5063_25.png,/data/shared/CataractData/semantic_segmentation/Annotations/Images-and-Supervisely-Annotations/case_5063/mask_anatomy_inst/case5063_25.png
525,/data/shared/CataractData/semantic_segmentation/Annotations/Images-and-Supervisely-Annotations/case_5063/img/case5063_26.png,/data/shared/CataractData/semantic_segmentation/Annotations/Images-and-Supervisely-Annotations/case_5063/mask_anatomy_inst/case5063_26.png
526,/data/shared/CataractData/semantic_segmentation/Annotations/Images-and-Supervisely-Annotations/case_5063/img/case5063_27.png,/data/shared/CataractData/semantic_segmentation/Annotations/Images-and-Supervisely-Annotations/case_5063/mask_anatomy_inst/case5063_27.png
527,/data/shared/CataractData/semantic_segmentation/Annotations/Images-and-Supervisely-Annotations/case_5063/img/case5063_28.png,/data/shared/CataractData/semantic_segmentation/Annotations/Images-and-Supervisely-Annotations/case_5063/mask_anatomy_inst/case5063_28.png
528,/data/shared/CataractData/semantic_segmentation/Annotations/Images-and-Supervisely-Annotations/case_5063/img/case5063_29.png,/data/shared/CataractData/semantic_segmentation/Annotations/Images-and-Supervisely-Annotations/case_5063/mask_anatomy_inst/case5063_29.png
529,/data/shared/CataractData/semantic_segmentation/Annotations/Images-and-Supervisely-Annotations/case_5063/img/case5063_30.png,/data/shared/CataractData/semantic_segmentation/Annotations/Images-and-Supervisely-Annotations/case_5063/mask_anatomy_inst/case5063_30.png
530,/data/shared/CataractData/semantic_segmentation/Annotations/Images-and-Supervisely-Annotations/case_5063/img/case5063_31.png,/data/shared/CataractData/semantic_segmentation/Annotations/Images-and-Supervisely-Annotations/case_5063/mask_anatomy_inst/case5063_31.png
531,/data/shared/CataractData/semantic_segmentation/Annotations/Images-and-Supervisely-Annotations/case_5063/img/case5063_32.png,/data/shared/CataractData/semantic_segmentation/Annotations/Images-and-Supervisely-Annotations/case_5063/mask_anatomy_inst/case5063_32.png
532,/data/shared/CataractData/semantic_segmentation/Annotations/Images-and-Supervisely-Annotations/case_5063/img/case5063_33.png,/data/shared/CataractData/semantic_segmentation/Annotations/Images-and-Supervisely-Annotations/case_5063/mask_anatomy_inst/case5063_33.png
533,/data/shared/CataractData/semantic_segmentation/Annotations/Images-and-Supervisely-Annotations/case_5063/img/case5063_34.png,/data/shared/CataractData/semantic_segmentation/Annotations/Images-and-Supervisely-Annotations/case_5063/mask_anatomy_inst/case5063_34.png
534,/data/shared/CataractData/semantic_segmentation/Annotations/Images-and-Supervisely-Annotations/case_5063/img/case5063_35.png,/data/shared/CataractData/semantic_segmentation/Annotations/Images-and-Supervisely-Annotations/case_5063/mask_anatomy_inst/case5063_35.png
535,/data/shared/CataractData/semantic_segmentation/Annotations/Images-and-Supervisely-Annotations/case_5063/img/case5063_36.png,/data/shared/CataractData/semantic_segmentation/Annotations/Images-and-Supervisely-Annotations/case_5063/mask_anatomy_inst/case5063_36.png
536,/data/shared/CataractData/semantic_segmentation/Annotations/Images-and-Supervisely-Annotations/case_5063/img/case5063_37.png,/data/shared/CataractData/semantic_segmentation/Annotations/Images-and-Supervisely-Annotations/case_5063/mask_anatomy_inst/case5063_37.png
537,/data/shared/CataractData/semantic_segmentation/Annotations/Images-and-Supervisely-Annotations/case_5063/img/case5063_38.png,/data/shared/CataractData/semantic_segmentation/Annotations/Images-and-Supervisely-Annotations/case_5063/mask_anatomy_inst/case5063_38.png
538,/data/shared/CataractData/semantic_segmentation/Annotations/Images-and-Supervisely-Annotations/case_5063/img/case5063_39.png,/data/shared/CataractData/semantic_segmentation/Annotations/Images-and-Supervisely-Annotations/case_5063/mask_anatomy_inst/case5063_39.png
539,/data/shared/CataractData/semantic_segmentation/Annotations/Images-and-Supervisely-Annotations/case_5063/img/case5063_40.png,/data/shared/CataractData/semantic_segmentation/Annotations/Images-and-Supervisely-Annotations/case_5063/mask_anatomy_inst/case5063_40.png
540,/data/shared/CataractData/semantic_segmentation/Annotations/Images-and-Supervisely-Annotations/case_5063/img/case5063_41.png,/data/shared/CataractData/semantic_segmentation/Annotations/Images-and-Supervisely-Annotations/case_5063/mask_anatomy_inst/case5063_41.png
541,/data/shared/CataractData/semantic_segmentation/Annotations/Images-and-Supervisely-Annotations/case_5063/img/case5063_42.png,/data/shared/CataractData/semantic_segmentation/Annotations/Images-and-Supervisely-Annotations/case_5063/mask_anatomy_inst/case5063_42.png
542,/data/shared/CataractData/semantic_segmentation/Annotations/Images-and-Supervisely-Annotations/case_5063/img/case5063_43.png,/data/shared/CataractData/semantic_segmentation/Annotations/Images-and-Supervisely-Annotations/case_5063/mask_anatomy_inst/case5063_43.png
543,/data/shared/CataractData/semantic_segmentation/Annotations/Images-and-Supervisely-Annotations/case_5063/img/case5063_44.png,/data/shared/CataractData/semantic_segmentation/Annotations/Images-and-Supervisely-Annotations/case_5063/mask_anatomy_inst/case5063_44.png
544,/data/shared/CataractData/semantic_segmentation/Annotations/Images-and-Supervisely-Annotations/case_5063/img/case5063_45.png,/data/shared/CataractData/semantic_segmentation/Annotations/Images-and-Supervisely-Annotations/case_5063/mask_anatomy_inst/case5063_45.png
545,/data/shared/CataractData/semantic_segmentation/Annotations/Images-and-Supervisely-Annotations/case_5063/img/case5063_46.png,/data/shared/CataractData/semantic_segmentation/Annotations/Images-and-Supervisely-Annotations/case_5063/mask_anatomy_inst/case5063_46.png
546,/data/shared/CataractData/semantic_segmentation/Annotations/Images-and-Supervisely-Annotations/case_5063/img/case5063_47.png,/data/shared/CataractData/semantic_segmentation/Annotations/Images-and-Supervisely-Annotations/case_5063/mask_anatomy_inst/case5063_47.png
547,/data/shared/CataractData/semantic_segmentation/Annotations/Images-and-Supervisely-Annotations/case_5063/img/case5063_48.png,/data/shared/CataractData/semantic_segmentation/Annotations/Images-and-Supervisely-Annotations/case_5063/mask_anatomy_inst/case5063_48.png
548,/data/shared/CataractData/semantic_segmentation/Annotations/Images-and-Supervisely-Annotations/case_5063/img/case5063_49.png,/data/shared/CataractData/semantic_segmentation/Annotations/Images-and-Supervisely-Annotations/case_5063/mask_anatomy_inst/case5063_49.png
549,/data/shared/CataractData/semantic_segmentation/Annotations/Images-and-Supervisely-Annotations/case_5063/img/case5063_50.png,/data/shared/CataractData/semantic_segmentation/Annotations/Images-and-Supervisely-Annotations/case_5063/mask_anatomy_inst/case5063_50.png
550,/data/shared/CataractData/semantic_segmentation/Annotations/Images-and-Supervisely-Annotations/case_5063/img/case5063_51.png,/data/shared/CataractData/semantic_segmentation/Annotations/Images-and-Supervisely-Annotations/case_5063/mask_anatomy_inst/case5063_51.png
551,/data/shared/CataractData/semantic_segmentation/Annotations/Images-and-Supervisely-Annotations/case_5063/img/case5063_52.png,/data/shared/CataractData/semantic_segmentation/Annotations/Images-and-Supervisely-Annotations/case_5063/mask_anatomy_inst/case5063_52.png
552,/data/shared/CataractData/semantic_segmentation/Annotations/Images-and-Supervisely-Annotations/case_5063/img/case5063_53.png,/data/shared/CataractData/semantic_segmentation/Annotations/Images-and-Supervisely-Annotations/case_5063/mask_anatomy_inst/case5063_53.png
553,/data/shared/CataractData/semantic_segmentation/Annotations/Images-and-Supervisely-Annotations/case_5063/img/case5063_54.png,/data/shared/CataractData/semantic_segmentation/Annotations/Images-and-Supervisely-Annotations/case_5063/mask_anatomy_inst/case5063_54.png
554,/data/shared/CataractData/semantic_segmentation/Annotations/Images-and-Supervisely-Annotations/case_5063/img/case5063_55.png,/data/shared/CataractData/semantic_segmentation/Annotations/Images-and-Supervisely-Annotations/case_5063/mask_anatomy_inst/case5063_55.png
555,/data/shared/CataractData/semantic_segmentation/Annotations/Images-and-Supervisely-Annotations/case_5063/img/case5063_56.png,/data/shared/CataractData/semantic_segmentation/Annotations/Images-and-Supervisely-Annotations/case_5063/mask_anatomy_inst/case5063_56.png
556,/data/shared/CataractData/semantic_segmentation/Annotations/Images-and-Supervisely-Annotations/case_5063/img/case5063_57.png,/data/shared/CataractData/semantic_segmentation/Annotations/Images-and-Supervisely-Annotations/case_5063/mask_anatomy_inst/case5063_57.png
557,/data/shared/CataractData/semantic_segmentation/Annotations/Images-and-Supervisely-Annotations/case_5063/img/case5063_58.png,/data/shared/CataractData/semantic_segmentation/Annotations/Images-and-Supervisely-Annotations/case_5063/mask_anatomy_inst/case5063_58.png
558,/data/shared/CataractData/semantic_segmentation/Annotations/Images-and-Supervisely-Annotations/case_5063/img/case5063_59.png,/data/shared/CataractData/semantic_segmentation/Annotations/Images-and-Supervisely-Annotations/case_5063/mask_anatomy_inst/case5063_59.png
559,/data/shared/CataractData/semantic_segmentation/Annotations/Images-and-Supervisely-Annotations/case_5063/img/case5063_60.png,/data/shared/CataractData/semantic_segmentation/Annotations/Images-and-Supervisely-Annotations/case_5063/mask_anatomy_inst/case5063_60.png
560,/data/shared/CataractData/semantic_segmentation/Annotations/Images-and-Supervisely-Annotations/case_5063/img/case5063_61.png,/data/shared/CataractData/semantic_segmentation/Annotations/Images-and-Supervisely-Annotations/case_5063/mask_anatomy_inst/case5063_61.png
561,/data/shared/CataractData/semantic_segmentation/Annotations/Images-and-Supervisely-Annotations/case_5063/img/case5063_62.png,/data/shared/CataractData/semantic_segmentation/Annotations/Images-and-Supervisely-Annotations/case_5063/mask_anatomy_inst/case5063_62.png
562,/data/shared/CataractData/semantic_segmentation/Annotations/Images-and-Supervisely-Annotations/case_5063/img/case5063_63.png,/data/shared/CataractData/semantic_segmentation/Annotations/Images-and-Supervisely-Annotations/case_5063/mask_anatomy_inst/case5063_63.png
563,/data/shared/CataractData/semantic_segmentation/Annotations/Images-and-Supervisely-Annotations/case_5063/img/case5063_64.png,/data/shared/CataractData/semantic_segmentation/Annotations/Images-and-Supervisely-Annotations/case_5063/mask_anatomy_inst/case5063_64.png
564,/data/shared/CataractData/semantic_segmentation/Annotations/Images-and-Supervisely-Annotations/case_5063/img/case5063_65.png,/data/shared/CataractData/semantic_segmentation/Annotations/Images-and-Supervisely-Annotations/case_5063/mask_anatomy_inst/case5063_65.png
565,/data/shared/CataractData/semantic_segmentation/Annotations/Images-and-Supervisely-Annotations/case_5063/img/case5063_66.png,/data/shared/CataractData/semantic_segmentation/Annotations/Images-and-Supervisely-Annotations/case_5063/mask_anatomy_inst/case5063_66.png
566,/data/shared/CataractData/semantic_segmentation/Annotations/Images-and-Supervisely-Annotations/case_5063/img/case5063_67.png,/data/shared/CataractData/semantic_segmentation/Annotations/Images-and-Supervisely-Annotations/case_5063/mask_anatomy_inst/case5063_67.png
567,/data/shared/CataractData/semantic_segmentation/Annotations/Images-and-Supervisely-Annotations/case_5063/img/case5063_68.png,/data/shared/CataractData/semantic_segmentation/Annotations/Images-and-Supervisely-Annotations/case_5063/mask_anatomy_inst/case5063_68.png
568,/data/shared/CataractData/semantic_segmentation/Annotations/Images-and-Supervisely-Annotations/case_5063/img/case5063_69.png,/data/shared/CataractData/semantic_segmentation/Annotations/Images-and-Supervisely-Annotations/case_5063/mask_anatomy_inst/case5063_69.png
569,/data/shared/CataractData/semantic_segmentation/Annotations/Images-and-Supervisely-Annotations/case_5063/img/case5063_70.png,/data/shared/CataractData/semantic_segmentation/Annotations/Images-and-Supervisely-Annotations/case_5063/mask_anatomy_inst/case5063_70.png
570,/data/shared/CataractData/semantic_segmentation/Annotations/Images-and-Supervisely-Annotations/case_5063/img/case5063_71.png,/data/shared/CataractData/semantic_segmentation/Annotations/Images-and-Supervisely-Annotations/case_5063/mask_anatomy_inst/case5063_71.png
571,/data/shared/CataractData/semantic_segmentation/Annotations/Images-and-Supervisely-Annotations/case_5063/img/case5063_72.png,/data/shared/CataractData/semantic_segmentation/Annotations/Images-and-Supervisely-Annotations/case_5063/mask_anatomy_inst/case5063_72.png
572,/data/shared/CataractData/semantic_segmentation/Annotations/Images-and-Supervisely-Annotations/case_5063/img/case5063_73.png,/data/shared/CataractData/semantic_segmentation/Annotations/Images-and-Supervisely-Annotations/case_5063/mask_anatomy_inst/case5063_73.png
573,/data/shared/CataractData/semantic_segmentation/Annotations/Images-and-Supervisely-Annotations/case_5063/img/case5063_74.png,/data/shared/CataractData/semantic_segmentation/Annotations/Images-and-Supervisely-Annotations/case_5063/mask_anatomy_inst/case5063_74.png
574,/data/shared/CataractData/semantic_segmentation/Annotations/Images-and-Supervisely-Annotations/case_5063/img/case5063_75.png,/data/shared/CataractData/semantic_segmentation/Annotations/Images-and-Supervisely-Annotations/case_5063/mask_anatomy_inst/case5063_75.png
575,/data/shared/CataractData/semantic_segmentation/Annotations/Images-and-Supervisely-Annotations/case_5063/img/case5063_76.png,/data/shared/CataractData/semantic_segmentation/Annotations/Images-and-Supervisely-Annotations/case_5063/mask_anatomy_inst/case5063_76.png
576,/data/shared/CataractData/semantic_segmentation/Annotations/Images-and-Supervisely-Annotations/case_5104/img/case5104_01.png,/data/shared/CataractData/semantic_segmentation/Annotations/Images-and-Supervisely-Annotations/case_5104/mask_anatomy_inst/case5104_01.png
577,/data/shared/CataractData/semantic_segmentation/Annotations/Images-and-Supervisely-Annotations/case_5104/img/case5104_02.png,/data/shared/CataractData/semantic_segmentation/Annotations/Images-and-Supervisely-Annotations/case_5104/mask_anatomy_inst/case5104_02.png
578,/data/shared/CataractData/semantic_segmentation/Annotations/Images-and-Supervisely-Annotations/case_5104/img/case5104_03.png,/data/shared/CataractData/semantic_segmentation/Annotations/Images-and-Supervisely-Annotations/case_5104/mask_anatomy_inst/case5104_03.png
579,/data/shared/CataractData/semantic_segmentation/Annotations/Images-and-Supervisely-Annotations/case_5104/img/case5104_04.png,/data/shared/CataractData/semantic_segmentation/Annotations/Images-and-Supervisely-Annotations/case_5104/mask_anatomy_inst/case5104_04.png
580,/data/shared/CataractData/semantic_segmentation/Annotations/Images-and-Supervisely-Annotations/case_5104/img/case5104_05.png,/data/shared/CataractData/semantic_segmentation/Annotations/Images-and-Supervisely-Annotations/case_5104/mask_anatomy_inst/case5104_05.png
581,/data/shared/CataractData/semantic_segmentation/Annotations/Images-and-Supervisely-Annotations/case_5104/img/case5104_06.png,/data/shared/CataractData/semantic_segmentation/Annotations/Images-and-Supervisely-Annotations/case_5104/mask_anatomy_inst/case5104_06.png
582,/data/shared/CataractData/semantic_segmentation/Annotations/Images-and-Supervisely-Annotations/case_5104/img/case5104_07.png,/data/shared/CataractData/semantic_segmentation/Annotations/Images-and-Supervisely-Annotations/case_5104/mask_anatomy_inst/case5104_07.png
583,/data/shared/CataractData/semantic_segmentation/Annotations/Images-and-Supervisely-Annotations/case_5104/img/case5104_08.png,/data/shared/CataractData/semantic_segmentation/Annotations/Images-and-Supervisely-Annotations/case_5104/mask_anatomy_inst/case5104_08.png
584,/data/shared/CataractData/semantic_segmentation/Annotations/Images-and-Supervisely-Annotations/case_5104/img/case5104_09.png,/data/shared/CataractData/semantic_segmentation/Annotations/Images-and-Supervisely-Annotations/case_5104/mask_anatomy_inst/case5104_09.png
585,/data/shared/CataractData/semantic_segmentation/Annotations/Images-and-Supervisely-Annotations/case_5104/img/case5104_10.png,/data/shared/CataractData/semantic_segmentation/Annotations/Images-and-Supervisely-Annotations/case_5104/mask_anatomy_inst/case5104_10.png
586,/data/shared/CataractData/semantic_segmentation/Annotations/Images-and-Supervisely-Annotations/case_5104/img/case5104_100.png,/data/shared/CataractData/semantic_segmentation/Annotations/Images-and-Supervisely-Annotations/case_5104/mask_anatomy_inst/case5104_100.png
587,/data/shared/CataractData/semantic_segmentation/Annotations/Images-and-Supervisely-Annotations/case_5104/img/case5104_101.png,/data/shared/CataractData/semantic_segmentation/Annotations/Images-and-Supervisely-Annotations/case_5104/mask_anatomy_inst/case5104_101.png
588,/data/shared/CataractData/semantic_segmentation/Annotations/Images-and-Supervisely-Annotations/case_5104/img/case5104_102.png,/data/shared/CataractData/semantic_segmentation/Annotations/Images-and-Supervisely-Annotations/case_5104/mask_anatomy_inst/case5104_102.png
589,/data/shared/CataractData/semantic_segmentation/Annotations/Images-and-Supervisely-Annotations/case_5104/img/case5104_103.png,/data/shared/CataractData/semantic_segmentation/Annotations/Images-and-Supervisely-Annotations/case_5104/mask_anatomy_inst/case5104_103.png
590,/data/shared/CataractData/semantic_segmentation/Annotations/Images-and-Supervisely-Annotations/case_5104/img/case5104_104.png,/data/shared/CataractData/semantic_segmentation/Annotations/Images-and-Supervisely-Annotations/case_5104/mask_anatomy_inst/case5104_104.png
591,/data/shared/CataractData/semantic_segmentation/Annotations/Images-and-Supervisely-Annotations/case_5104/img/case5104_105.png,/data/shared/CataractData/semantic_segmentation/Annotations/Images-and-Supervisely-Annotations/case_5104/mask_anatomy_inst/case5104_105.png
592,/data/shared/CataractData/semantic_segmentation/Annotations/Images-and-Supervisely-Annotations/case_5104/img/case5104_106.png,/data/shared/CataractData/semantic_segmentation/Annotations/Images-and-Supervisely-Annotations/case_5104/mask_anatomy_inst/case5104_106.png
593,/data/shared/CataractData/semantic_segmentation/Annotations/Images-and-Supervisely-Annotations/case_5104/img/case5104_107.png,/data/shared/CataractData/semantic_segmentation/Annotations/Images-and-Supervisely-Annotations/case_5104/mask_anatomy_inst/case5104_107.png
594,/data/shared/CataractData/semantic_segmentation/Annotations/Images-and-Supervisely-Annotations/case_5104/img/case5104_108.png,/data/shared/CataractData/semantic_segmentation/Annotations/Images-and-Supervisely-Annotations/case_5104/mask_anatomy_inst/case5104_108.png
595,/data/shared/CataractData/semantic_segmentation/Annotations/Images-and-Supervisely-Annotations/case_5104/img/case5104_109.png,/data/shared/CataractData/semantic_segmentation/Annotations/Images-and-Supervisely-Annotations/case_5104/mask_anatomy_inst/case5104_109.png
596,/data/shared/CataractData/semantic_segmentation/Annotations/Images-and-Supervisely-Annotations/case_5104/img/case5104_11.png,/data/shared/CataractData/semantic_segmentation/Annotations/Images-and-Supervisely-Annotations/case_5104/mask_anatomy_inst/case5104_11.png
597,/data/shared/CataractData/semantic_segmentation/Annotations/Images-and-Supervisely-Annotations/case_5104/img/case5104_110.png,/data/shared/CataractData/semantic_segmentation/Annotations/Images-and-Supervisely-Annotations/case_5104/mask_anatomy_inst/case5104_110.png
598,/data/shared/CataractData/semantic_segmentation/Annotations/Images-and-Supervisely-Annotations/case_5104/img/case5104_111.png,/data/shared/CataractData/semantic_segmentation/Annotations/Images-and-Supervisely-Annotations/case_5104/mask_anatomy_inst/case5104_111.png
599,/data/shared/CataractData/semantic_segmentation/Annotations/Images-and-Supervisely-Annotations/case_5104/img/case5104_112.png,/data/shared/CataractData/semantic_segmentation/Annotations/Images-and-Supervisely-Annotations/case_5104/mask_anatomy_inst/case5104_112.png
600,/data/shared/CataractData/semantic_segmentation/Annotations/Images-and-Supervisely-Annotations/case_5104/img/case5104_113.png,/data/shared/CataractData/semantic_segmentation/Annotations/Images-and-Supervisely-Annotations/case_5104/mask_anatomy_inst/case5104_113.png
601,/data/shared/CataractData/semantic_segmentation/Annotations/Images-and-Supervisely-Annotations/case_5104/img/case5104_114.png,/data/shared/CataractData/semantic_segmentation/Annotations/Images-and-Supervisely-Annotations/case_5104/mask_anatomy_inst/case5104_114.png
602,/data/shared/CataractData/semantic_segmentation/Annotations/Images-and-Supervisely-Annotations/case_5104/img/case5104_115.png,/data/shared/CataractData/semantic_segmentation/Annotations/Images-and-Supervisely-Annotations/case_5104/mask_anatomy_inst/case5104_115.png
603,/data/shared/CataractData/semantic_segmentation/Annotations/Images-and-Supervisely-Annotations/case_5104/img/case5104_116.png,/data/shared/CataractData/semantic_segmentation/Annotations/Images-and-Supervisely-Annotations/case_5104/mask_anatomy_inst/case5104_116.png
604,/data/shared/CataractData/semantic_segmentation/Annotations/Images-and-Supervisely-Annotations/case_5104/img/case5104_117.png,/data/shared/CataractData/semantic_segmentation/Annotations/Images-and-Supervisely-Annotations/case_5104/mask_anatomy_inst/case5104_117.png
605,/data/shared/CataractData/semantic_segmentation/Annotations/Images-and-Supervisely-Annotations/case_5104/img/case5104_118.png,/data/shared/CataractData/semantic_segmentation/Annotations/Images-and-Supervisely-Annotations/case_5104/mask_anatomy_inst/case5104_118.png
606,/data/shared/CataractData/semantic_segmentation/Annotations/Images-and-Supervisely-Annotations/case_5104/img/case5104_119.png,/data/shared/CataractData/semantic_segmentation/Annotations/Images-and-Supervisely-Annotations/case_5104/mask_anatomy_inst/case5104_119.png
607,/data/shared/CataractData/semantic_segmentation/Annotations/Images-and-Supervisely-Annotations/case_5104/img/case5104_12.png,/data/shared/CataractData/semantic_segmentation/Annotations/Images-and-Supervisely-Annotations/case_5104/mask_anatomy_inst/case5104_12.png
608,/data/shared/CataractData/semantic_segmentation/Annotations/Images-and-Supervisely-Annotations/case_5104/img/case5104_120.png,/data/shared/CataractData/semantic_segmentation/Annotations/Images-and-Supervisely-Annotations/case_5104/mask_anatomy_inst/case5104_120.png
609,/data/shared/CataractData/semantic_segmentation/Annotations/Images-and-Supervisely-Annotations/case_5104/img/case5104_121.png,/data/shared/CataractData/semantic_segmentation/Annotations/Images-and-Supervisely-Annotations/case_5104/mask_anatomy_inst/case5104_121.png
610,/data/shared/CataractData/semantic_segmentation/Annotations/Images-and-Supervisely-Annotations/case_5104/img/case5104_122.png,/data/shared/CataractData/semantic_segmentation/Annotations/Images-and-Supervisely-Annotations/case_5104/mask_anatomy_inst/case5104_122.png
611,/data/shared/CataractData/semantic_segmentation/Annotations/Images-and-Supervisely-Annotations/case_5104/img/case5104_123.png,/data/shared/CataractData/semantic_segmentation/Annotations/Images-and-Supervisely-Annotations/case_5104/mask_anatomy_inst/case5104_123.png
612,/data/shared/CataractData/semantic_segmentation/Annotations/Images-and-Supervisely-Annotations/case_5104/img/case5104_124.png,/data/shared/CataractData/semantic_segmentation/Annotations/Images-and-Supervisely-Annotations/case_5104/mask_anatomy_inst/case5104_124.png
613,/data/shared/CataractData/semantic_segmentation/Annotations/Images-and-Supervisely-Annotations/case_5104/img/case5104_125.png,/data/shared/CataractData/semantic_segmentation/Annotations/Images-and-Supervisely-Annotations/case_5104/mask_anatomy_inst/case5104_125.png
614,/data/shared/CataractData/semantic_segmentation/Annotations/Images-and-Supervisely-Annotations/case_5104/img/case5104_126.png,/data/shared/CataractData/semantic_segmentation/Annotations/Images-and-Supervisely-Annotations/case_5104/mask_anatomy_inst/case5104_126.png
615,/data/shared/CataractData/semantic_segmentation/Annotations/Images-and-Supervisely-Annotations/case_5104/img/case5104_127.png,/data/shared/CataractData/semantic_segmentation/Annotations/Images-and-Supervisely-Annotations/case_5104/mask_anatomy_inst/case5104_127.png
616,/data/shared/CataractData/semantic_segmentation/Annotations/Images-and-Supervisely-Annotations/case_5104/img/case5104_128.png,/data/shared/CataractData/semantic_segmentation/Annotations/Images-and-Supervisely-Annotations/case_5104/mask_anatomy_inst/case5104_128.png
617,/data/shared/CataractData/semantic_segmentation/Annotations/Images-and-Supervisely-Annotations/case_5104/img/case5104_129.png,/data/shared/CataractData/semantic_segmentation/Annotations/Images-and-Supervisely-Annotations/case_5104/mask_anatomy_inst/case5104_129.png
618,/data/shared/CataractData/semantic_segmentation/Annotations/Images-and-Supervisely-Annotations/case_5104/img/case5104_13.png,/data/shared/CataractData/semantic_segmentation/Annotations/Images-and-Supervisely-Annotations/case_5104/mask_anatomy_inst/case5104_13.png
619,/data/shared/CataractData/semantic_segmentation/Annotations/Images-and-Supervisely-Annotations/case_5104/img/case5104_130.png,/data/shared/CataractData/semantic_segmentation/Annotations/Images-and-Supervisely-Annotations/case_5104/mask_anatomy_inst/case5104_130.png
620,/data/shared/CataractData/semantic_segmentation/Annotations/Images-and-Supervisely-Annotations/case_5104/img/case5104_131.png,/data/shared/CataractData/semantic_segmentation/Annotations/Images-and-Supervisely-Annotations/case_5104/mask_anatomy_inst/case5104_131.png
621,/data/shared/CataractData/semantic_segmentation/Annotations/Images-and-Supervisely-Annotations/case_5104/img/case5104_132.png,/data/shared/CataractData/semantic_segmentation/Annotations/Images-and-Supervisely-Annotations/case_5104/mask_anatomy_inst/case5104_132.png
622,/data/shared/CataractData/semantic_segmentation/Annotations/Images-and-Supervisely-Annotations/case_5104/img/case5104_133.png,/data/shared/CataractData/semantic_segmentation/Annotations/Images-and-Supervisely-Annotations/case_5104/mask_anatomy_inst/case5104_133.png
623,/data/shared/CataractData/semantic_segmentation/Annotations/Images-and-Supervisely-Annotations/case_5104/img/case5104_134.png,/data/shared/CataractData/semantic_segmentation/Annotations/Images-and-Supervisely-Annotations/case_5104/mask_anatomy_inst/case5104_134.png
624,/data/shared/CataractData/semantic_segmentation/Annotations/Images-and-Supervisely-Annotations/case_5104/img/case5104_135.png,/data/shared/CataractData/semantic_segmentation/Annotations/Images-and-Supervisely-Annotations/case_5104/mask_anatomy_inst/case5104_135.png
625,/data/shared/CataractData/semantic_segmentation/Annotations/Images-and-Supervisely-Annotations/case_5104/img/case5104_136.png,/data/shared/CataractData/semantic_segmentation/Annotations/Images-and-Supervisely-Annotations/case_5104/mask_anatomy_inst/case5104_136.png
626,/data/shared/CataractData/semantic_segmentation/Annotations/Images-and-Supervisely-Annotations/case_5104/img/case5104_137.png,/data/shared/CataractData/semantic_segmentation/Annotations/Images-and-Supervisely-Annotations/case_5104/mask_anatomy_inst/case5104_137.png
627,/data/shared/CataractData/semantic_segmentation/Annotations/Images-and-Supervisely-Annotations/case_5104/img/case5104_138.png,/data/shared/CataractData/semantic_segmentation/Annotations/Images-and-Supervisely-Annotations/case_5104/mask_anatomy_inst/case5104_138.png
628,/data/shared/CataractData/semantic_segmentation/Annotations/Images-and-Supervisely-Annotations/case_5104/img/case5104_139.png,/data/shared/CataractData/semantic_segmentation/Annotations/Images-and-Supervisely-Annotations/case_5104/mask_anatomy_inst/case5104_139.png
629,/data/shared/CataractData/semantic_segmentation/Annotations/Images-and-Supervisely-Annotations/case_5104/img/case5104_14.png,/data/shared/CataractData/semantic_segmentation/Annotations/Images-and-Supervisely-Annotations/case_5104/mask_anatomy_inst/case5104_14.png
630,/data/shared/CataractData/semantic_segmentation/Annotations/Images-and-Supervisely-Annotations/case_5104/img/case5104_140.png,/data/shared/CataractData/semantic_segmentation/Annotations/Images-and-Supervisely-Annotations/case_5104/mask_anatomy_inst/case5104_140.png
631,/data/shared/CataractData/semantic_segmentation/Annotations/Images-and-Supervisely-Annotations/case_5104/img/case5104_141.png,/data/shared/CataractData/semantic_segmentation/Annotations/Images-and-Supervisely-Annotations/case_5104/mask_anatomy_inst/case5104_141.png
632,/data/shared/CataractData/semantic_segmentation/Annotations/Images-and-Supervisely-Annotations/case_5104/img/case5104_142.png,/data/shared/CataractData/semantic_segmentation/Annotations/Images-and-Supervisely-Annotations/case_5104/mask_anatomy_inst/case5104_142.png
633,/data/shared/CataractData/semantic_segmentation/Annotations/Images-and-Supervisely-Annotations/case_5104/img/case5104_143.png,/data/shared/CataractData/semantic_segmentation/Annotations/Images-and-Supervisely-Annotations/case_5104/mask_anatomy_inst/case5104_143.png
634,/data/shared/CataractData/semantic_segmentation/Annotations/Images-and-Supervisely-Annotations/case_5104/img/case5104_144.png,/data/shared/CataractData/semantic_segmentation/Annotations/Images-and-Supervisely-Annotations/case_5104/mask_anatomy_inst/case5104_144.png
635,/data/shared/CataractData/semantic_segmentation/Annotations/Images-and-Supervisely-Annotations/case_5104/img/case5104_145.png,/data/shared/CataractData/semantic_segmentation/Annotations/Images-and-Supervisely-Annotations/case_5104/mask_anatomy_inst/case5104_145.png
636,/data/shared/CataractData/semantic_segmentation/Annotations/Images-and-Supervisely-Annotations/case_5104/img/case5104_146.png,/data/shared/CataractData/semantic_segmentation/Annotations/Images-and-Supervisely-Annotations/case_5104/mask_anatomy_inst/case5104_146.png
637,/data/shared/CataractData/semantic_segmentation/Annotations/Images-and-Supervisely-Annotations/case_5104/img/case5104_147.png,/data/shared/CataractData/semantic_segmentation/Annotations/Images-and-Supervisely-Annotations/case_5104/mask_anatomy_inst/case5104_147.png
638,/data/shared/CataractData/semantic_segmentation/Annotations/Images-and-Supervisely-Annotations/case_5104/img/case5104_148.png,/data/shared/CataractData/semantic_segmentation/Annotations/Images-and-Supervisely-Annotations/case_5104/mask_anatomy_inst/case5104_148.png
639,/data/shared/CataractData/semantic_segmentation/Annotations/Images-and-Supervisely-Annotations/case_5104/img/case5104_149.png,/data/shared/CataractData/semantic_segmentation/Annotations/Images-and-Supervisely-Annotations/case_5104/mask_anatomy_inst/case5104_149.png
640,/data/shared/CataractData/semantic_segmentation/Annotations/Images-and-Supervisely-Annotations/case_5104/img/case5104_15.png,/data/shared/CataractData/semantic_segmentation/Annotations/Images-and-Supervisely-Annotations/case_5104/mask_anatomy_inst/case5104_15.png
641,/data/shared/CataractData/semantic_segmentation/Annotations/Images-and-Supervisely-Annotations/case_5104/img/case5104_150.png,/data/shared/CataractData/semantic_segmentation/Annotations/Images-and-Supervisely-Annotations/case_5104/mask_anatomy_inst/case5104_150.png
642,/data/shared/CataractData/semantic_segmentation/Annotations/Images-and-Supervisely-Annotations/case_5104/img/case5104_151.png,/data/shared/CataractData/semantic_segmentation/Annotations/Images-and-Supervisely-Annotations/case_5104/mask_anatomy_inst/case5104_151.png
643,/data/shared/CataractData/semantic_segmentation/Annotations/Images-and-Supervisely-Annotations/case_5104/img/case5104_152.png,/data/shared/CataractData/semantic_segmentation/Annotations/Images-and-Supervisely-Annotations/case_5104/mask_anatomy_inst/case5104_152.png
644,/data/shared/CataractData/semantic_segmentation/Annotations/Images-and-Supervisely-Annotations/case_5104/img/case5104_153.png,/data/shared/CataractData/semantic_segmentation/Annotations/Images-and-Supervisely-Annotations/case_5104/mask_anatomy_inst/case5104_153.png
645,/data/shared/CataractData/semantic_segmentation/Annotations/Images-and-Supervisely-Annotations/case_5104/img/case5104_154.png,/data/shared/CataractData/semantic_segmentation/Annotations/Images-and-Supervisely-Annotations/case_5104/mask_anatomy_inst/case5104_154.png
646,/data/shared/CataractData/semantic_segmentation/Annotations/Images-and-Supervisely-Annotations/case_5104/img/case5104_155.png,/data/shared/CataractData/semantic_segmentation/Annotations/Images-and-Supervisely-Annotations/case_5104/mask_anatomy_inst/case5104_155.png
647,/data/shared/CataractData/semantic_segmentation/Annotations/Images-and-Supervisely-Annotations/case_5104/img/case5104_156.png,/data/shared/CataractData/semantic_segmentation/Annotations/Images-and-Supervisely-Annotations/case_5104/mask_anatomy_inst/case5104_156.png
648,/data/shared/CataractData/semantic_segmentation/Annotations/Images-and-Supervisely-Annotations/case_5104/img/case5104_157.png,/data/shared/CataractData/semantic_segmentation/Annotations/Images-and-Supervisely-Annotations/case_5104/mask_anatomy_inst/case5104_157.png
649,/data/shared/CataractData/semantic_segmentation/Annotations/Images-and-Supervisely-Annotations/case_5104/img/case5104_158.png,/data/shared/CataractData/semantic_segmentation/Annotations/Images-and-Supervisely-Annotations/case_5104/mask_anatomy_inst/case5104_158.png
650,/data/shared/CataractData/semantic_segmentation/Annotations/Images-and-Supervisely-Annotations/case_5104/img/case5104_159.png,/data/shared/CataractData/semantic_segmentation/Annotations/Images-and-Supervisely-Annotations/case_5104/mask_anatomy_inst/case5104_159.png
651,/data/shared/CataractData/semantic_segmentation/Annotations/Images-and-Supervisely-Annotations/case_5104/img/case5104_16.png,/data/shared/CataractData/semantic_segmentation/Annotations/Images-and-Supervisely-Annotations/case_5104/mask_anatomy_inst/case5104_16.png
652,/data/shared/CataractData/semantic_segmentation/Annotations/Images-and-Supervisely-Annotations/case_5104/img/case5104_160.png,/data/shared/CataractData/semantic_segmentation/Annotations/Images-and-Supervisely-Annotations/case_5104/mask_anatomy_inst/case5104_160.png
653,/data/shared/CataractData/semantic_segmentation/Annotations/Images-and-Supervisely-Annotations/case_5104/img/case5104_161.png,/data/shared/CataractData/semantic_segmentation/Annotations/Images-and-Supervisely-Annotations/case_5104/mask_anatomy_inst/case5104_161.png
654,/data/shared/CataractData/semantic_segmentation/Annotations/Images-and-Supervisely-Annotations/case_5104/img/case5104_162.png,/data/shared/CataractData/semantic_segmentation/Annotations/Images-and-Supervisely-Annotations/case_5104/mask_anatomy_inst/case5104_162.png
655,/data/shared/CataractData/semantic_segmentation/Annotations/Images-and-Supervisely-Annotations/case_5104/img/case5104_163.png,/data/shared/CataractData/semantic_segmentation/Annotations/Images-and-Supervisely-Annotations/case_5104/mask_anatomy_inst/case5104_163.png
656,/data/shared/CataractData/semantic_segmentation/Annotations/Images-and-Supervisely-Annotations/case_5104/img/case5104_164.png,/data/shared/CataractData/semantic_segmentation/Annotations/Images-and-Supervisely-Annotations/case_5104/mask_anatomy_inst/case5104_164.png
657,/data/shared/CataractData/semantic_segmentation/Annotations/Images-and-Supervisely-Annotations/case_5104/img/case5104_165.png,/data/shared/CataractData/semantic_segmentation/Annotations/Images-and-Supervisely-Annotations/case_5104/mask_anatomy_inst/case5104_165.png
658,/data/shared/CataractData/semantic_segmentation/Annotations/Images-and-Supervisely-Annotations/case_5104/img/case5104_166.png,/data/shared/CataractData/semantic_segmentation/Annotations/Images-and-Supervisely-Annotations/case_5104/mask_anatomy_inst/case5104_166.png
659,/data/shared/CataractData/semantic_segmentation/Annotations/Images-and-Supervisely-Annotations/case_5104/img/case5104_167.png,/data/shared/CataractData/semantic_segmentation/Annotations/Images-and-Supervisely-Annotations/case_5104/mask_anatomy_inst/case5104_167.png
660,/data/shared/CataractData/semantic_segmentation/Annotations/Images-and-Supervisely-Annotations/case_5104/img/case5104_168.png,/data/shared/CataractData/semantic_segmentation/Annotations/Images-and-Supervisely-Annotations/case_5104/mask_anatomy_inst/case5104_168.png
661,/data/shared/CataractData/semantic_segmentation/Annotations/Images-and-Supervisely-Annotations/case_5104/img/case5104_169.png,/data/shared/CataractData/semantic_segmentation/Annotations/Images-and-Supervisely-Annotations/case_5104/mask_anatomy_inst/case5104_169.png
662,/data/shared/CataractData/semantic_segmentation/Annotations/Images-and-Supervisely-Annotations/case_5104/img/case5104_17.png,/data/shared/CataractData/semantic_segmentation/Annotations/Images-and-Supervisely-Annotations/case_5104/mask_anatomy_inst/case5104_17.png
663,/data/shared/CataractData/semantic_segmentation/Annotations/Images-and-Supervisely-Annotations/case_5104/img/case5104_170.png,/data/shared/CataractData/semantic_segmentation/Annotations/Images-and-Supervisely-Annotations/case_5104/mask_anatomy_inst/case5104_170.png
664,/data/shared/CataractData/semantic_segmentation/Annotations/Images-and-Supervisely-Annotations/case_5104/img/case5104_171.png,/data/shared/CataractData/semantic_segmentation/Annotations/Images-and-Supervisely-Annotations/case_5104/mask_anatomy_inst/case5104_171.png
665,/data/shared/CataractData/semantic_segmentation/Annotations/Images-and-Supervisely-Annotations/case_5104/img/case5104_172.png,/data/shared/CataractData/semantic_segmentation/Annotations/Images-and-Supervisely-Annotations/case_5104/mask_anatomy_inst/case5104_172.png
666,/data/shared/CataractData/semantic_segmentation/Annotations/Images-and-Supervisely-Annotations/case_5104/img/case5104_173.png,/data/shared/CataractData/semantic_segmentation/Annotations/Images-and-Supervisely-Annotations/case_5104/mask_anatomy_inst/case5104_173.png
667,/data/shared/CataractData/semantic_segmentation/Annotations/Images-and-Supervisely-Annotations/case_5104/img/case5104_174.png,/data/shared/CataractData/semantic_segmentation/Annotations/Images-and-Supervisely-Annotations/case_5104/mask_anatomy_inst/case5104_174.png
668,/data/shared/CataractData/semantic_segmentation/Annotations/Images-and-Supervisely-Annotations/case_5104/img/case5104_175.png,/data/shared/CataractData/semantic_segmentation/Annotations/Images-and-Supervisely-Annotations/case_5104/mask_anatomy_inst/case5104_175.png
669,/data/shared/CataractData/semantic_segmentation/Annotations/Images-and-Supervisely-Annotations/case_5104/img/case5104_176.png,/data/shared/CataractData/semantic_segmentation/Annotations/Images-and-Supervisely-Annotations/case_5104/mask_anatomy_inst/case5104_176.png
670,/data/shared/CataractData/semantic_segmentation/Annotations/Images-and-Supervisely-Annotations/case_5104/img/case5104_177.png,/data/shared/CataractData/semantic_segmentation/Annotations/Images-and-Supervisely-Annotations/case_5104/mask_anatomy_inst/case5104_177.png
671,/data/shared/CataractData/semantic_segmentation/Annotations/Images-and-Supervisely-Annotations/case_5104/img/case5104_178.png,/data/shared/CataractData/semantic_segmentation/Annotations/Images-and-Supervisely-Annotations/case_5104/mask_anatomy_inst/case5104_178.png
672,/data/shared/CataractData/semantic_segmentation/Annotations/Images-and-Supervisely-Annotations/case_5104/img/case5104_179.png,/data/shared/CataractData/semantic_segmentation/Annotations/Images-and-Supervisely-Annotations/case_5104/mask_anatomy_inst/case5104_179.png
673,/data/shared/CataractData/semantic_segmentation/Annotations/Images-and-Supervisely-Annotations/case_5104/img/case5104_18.png,/data/shared/CataractData/semantic_segmentation/Annotations/Images-and-Supervisely-Annotations/case_5104/mask_anatomy_inst/case5104_18.png
674,/data/shared/CataractData/semantic_segmentation/Annotations/Images-and-Supervisely-Annotations/case_5104/img/case5104_180.png,/data/shared/CataractData/semantic_segmentation/Annotations/Images-and-Supervisely-Annotations/case_5104/mask_anatomy_inst/case5104_180.png
675,/data/shared/CataractData/semantic_segmentation/Annotations/Images-and-Supervisely-Annotations/case_5104/img/case5104_181.png,/data/shared/CataractData/semantic_segmentation/Annotations/Images-and-Supervisely-Annotations/case_5104/mask_anatomy_inst/case5104_181.png
676,/data/shared/CataractData/semantic_segmentation/Annotations/Images-and-Supervisely-Annotations/case_5104/img/case5104_182.png,/data/shared/CataractData/semantic_segmentation/Annotations/Images-and-Supervisely-Annotations/case_5104/mask_anatomy_inst/case5104_182.png
677,/data/shared/CataractData/semantic_segmentation/Annotations/Images-and-Supervisely-Annotations/case_5104/img/case5104_183.png,/data/shared/CataractData/semantic_segmentation/Annotations/Images-and-Supervisely-Annotations/case_5104/mask_anatomy_inst/case5104_183.png
678,/data/shared/CataractData/semantic_segmentation/Annotations/Images-and-Supervisely-Annotations/case_5104/img/case5104_184.png,/data/shared/CataractData/semantic_segmentation/Annotations/Images-and-Supervisely-Annotations/case_5104/mask_anatomy_inst/case5104_184.png
679,/data/shared/CataractData/semantic_segmentation/Annotations/Images-and-Supervisely-Annotations/case_5104/img/case5104_19.png,/data/shared/CataractData/semantic_segmentation/Annotations/Images-and-Supervisely-Annotations/case_5104/mask_anatomy_inst/case5104_19.png
680,/data/shared/CataractData/semantic_segmentation/Annotations/Images-and-Supervisely-Annotations/case_5104/img/case5104_20.png,/data/shared/CataractData/semantic_segmentation/Annotations/Images-and-Supervisely-Annotations/case_5104/mask_anatomy_inst/case5104_20.png
681,/data/shared/CataractData/semantic_segmentation/Annotations/Images-and-Supervisely-Annotations/case_5104/img/case5104_22.png,/data/shared/CataractData/semantic_segmentation/Annotations/Images-and-Supervisely-Annotations/case_5104/mask_anatomy_inst/case5104_22.png
682,/data/shared/CataractData/semantic_segmentation/Annotations/Images-and-Supervisely-Annotations/case_5104/img/case5104_23.png,/data/shared/CataractData/semantic_segmentation/Annotations/Images-and-Supervisely-Annotations/case_5104/mask_anatomy_inst/case5104_23.png
683,/data/shared/CataractData/semantic_segmentation/Annotations/Images-and-Supervisely-Annotations/case_5104/img/case5104_24.png,/data/shared/CataractData/semantic_segmentation/Annotations/Images-and-Supervisely-Annotations/case_5104/mask_anatomy_inst/case5104_24.png
684,/data/shared/CataractData/semantic_segmentation/Annotations/Images-and-Supervisely-Annotations/case_5104/img/case5104_25.png,/data/shared/CataractData/semantic_segmentation/Annotations/Images-and-Supervisely-Annotations/case_5104/mask_anatomy_inst/case5104_25.png
685,/data/shared/CataractData/semantic_segmentation/Annotations/Images-and-Supervisely-Annotations/case_5104/img/case5104_26.png,/data/shared/CataractData/semantic_segmentation/Annotations/Images-and-Supervisely-Annotations/case_5104/mask_anatomy_inst/case5104_26.png
686,/data/shared/CataractData/semantic_segmentation/Annotations/Images-and-Supervisely-Annotations/case_5104/img/case5104_27.png,/data/shared/CataractData/semantic_segmentation/Annotations/Images-and-Supervisely-Annotations/case_5104/mask_anatomy_inst/case5104_27.png
687,/data/shared/CataractData/semantic_segmentation/Annotations/Images-and-Supervisely-Annotations/case_5104/img/case5104_28.png,/data/shared/CataractData/semantic_segmentation/Annotations/Images-and-Supervisely-Annotations/case_5104/mask_anatomy_inst/case5104_28.png
688,/data/shared/CataractData/semantic_segmentation/Annotations/Images-and-Supervisely-Annotations/case_5104/img/case5104_29.png,/data/shared/CataractData/semantic_segmentation/Annotations/Images-and-Supervisely-Annotations/case_5104/mask_anatomy_inst/case5104_29.png
689,/data/shared/CataractData/semantic_segmentation/Annotations/Images-and-Supervisely-Annotations/case_5104/img/case5104_30.png,/data/shared/CataractData/semantic_segmentation/Annotations/Images-and-Supervisely-Annotations/case_5104/mask_anatomy_inst/case5104_30.png
690,/data/shared/CataractData/semantic_segmentation/Annotations/Images-and-Supervisely-Annotations/case_5104/img/case5104_31.png,/data/shared/CataractData/semantic_segmentation/Annotations/Images-and-Supervisely-Annotations/case_5104/mask_anatomy_inst/case5104_31.png
691,/data/shared/CataractData/semantic_segmentation/Annotations/Images-and-Supervisely-Annotations/case_5104/img/case5104_32.png,/data/shared/CataractData/semantic_segmentation/Annotations/Images-and-Supervisely-Annotations/case_5104/mask_anatomy_inst/case5104_32.png
692,/data/shared/CataractData/semantic_segmentation/Annotations/Images-and-Supervisely-Annotations/case_5104/img/case5104_33.png,/data/shared/CataractData/semantic_segmentation/Annotations/Images-and-Supervisely-Annotations/case_5104/mask_anatomy_inst/case5104_33.png
693,/data/shared/CataractData/semantic_segmentation/Annotations/Images-and-Supervisely-Annotations/case_5104/img/case5104_34.png,/data/shared/CataractData/semantic_segmentation/Annotations/Images-and-Supervisely-Annotations/case_5104/mask_anatomy_inst/case5104_34.png
694,/data/shared/CataractData/semantic_segmentation/Annotations/Images-and-Supervisely-Annotations/case_5104/img/case5104_35.png,/data/shared/CataractData/semantic_segmentation/Annotations/Images-and-Supervisely-Annotations/case_5104/mask_anatomy_inst/case5104_35.png
695,/data/shared/CataractData/semantic_segmentation/Annotations/Images-and-Supervisely-Annotations/case_5104/img/case5104_36.png,/data/shared/CataractData/semantic_segmentation/Annotations/Images-and-Supervisely-Annotations/case_5104/mask_anatomy_inst/case5104_36.png
696,/data/shared/CataractData/semantic_segmentation/Annotations/Images-and-Supervisely-Annotations/case_5104/img/case5104_37.png,/data/shared/CataractData/semantic_segmentation/Annotations/Images-and-Supervisely-Annotations/case_5104/mask_anatomy_inst/case5104_37.png
697,/data/shared/CataractData/semantic_segmentation/Annotations/Images-and-Supervisely-Annotations/case_5104/img/case5104_38.png,/data/shared/CataractData/semantic_segmentation/Annotations/Images-and-Supervisely-Annotations/case_5104/mask_anatomy_inst/case5104_38.png
698,/data/shared/CataractData/semantic_segmentation/Annotations/Images-and-Supervisely-Annotations/case_5104/img/case5104_39.png,/data/shared/CataractData/semantic_segmentation/Annotations/Images-and-Supervisely-Annotations/case_5104/mask_anatomy_inst/case5104_39.png
699,/data/shared/CataractData/semantic_segmentation/Annotations/Images-and-Supervisely-Annotations/case_5104/img/case5104_40.png,/data/shared/CataractData/semantic_segmentation/Annotations/Images-and-Supervisely-Annotations/case_5104/mask_anatomy_inst/case5104_40.png
700,/data/shared/CataractData/semantic_segmentation/Annotations/Images-and-Supervisely-Annotations/case_5104/img/case5104_41.png,/data/shared/CataractData/semantic_segmentation/Annotations/Images-and-Supervisely-Annotations/case_5104/mask_anatomy_inst/case5104_41.png
701,/data/shared/CataractData/semantic_segmentation/Annotations/Images-and-Supervisely-Annotations/case_5104/img/case5104_42.png,/data/shared/CataractData/semantic_segmentation/Annotations/Images-and-Supervisely-Annotations/case_5104/mask_anatomy_inst/case5104_42.png
702,/data/shared/CataractData/semantic_segmentation/Annotations/Images-and-Supervisely-Annotations/case_5104/img/case5104_43.png,/data/shared/CataractData/semantic_segmentation/Annotations/Images-and-Supervisely-Annotations/case_5104/mask_anatomy_inst/case5104_43.png
703,/data/shared/CataractData/semantic_segmentation/Annotations/Images-and-Supervisely-Annotations/case_5104/img/case5104_44.png,/data/shared/CataractData/semantic_segmentation/Annotations/Images-and-Supervisely-Annotations/case_5104/mask_anatomy_inst/case5104_44.png
704,/data/shared/CataractData/semantic_segmentation/Annotations/Images-and-Supervisely-Annotations/case_5104/img/case5104_45.png,/data/shared/CataractData/semantic_segmentation/Annotations/Images-and-Supervisely-Annotations/case_5104/mask_anatomy_inst/case5104_45.png
705,/data/shared/CataractData/semantic_segmentation/Annotations/Images-and-Supervisely-Annotations/case_5104/img/case5104_46.png,/data/shared/CataractData/semantic_segmentation/Annotations/Images-and-Supervisely-Annotations/case_5104/mask_anatomy_inst/case5104_46.png
706,/data/shared/CataractData/semantic_segmentation/Annotations/Images-and-Supervisely-Annotations/case_5104/img/case5104_47.png,/data/shared/CataractData/semantic_segmentation/Annotations/Images-and-Supervisely-Annotations/case_5104/mask_anatomy_inst/case5104_47.png
707,/data/shared/CataractData/semantic_segmentation/Annotations/Images-and-Supervisely-Annotations/case_5104/img/case5104_48.png,/data/shared/CataractData/semantic_segmentation/Annotations/Images-and-Supervisely-Annotations/case_5104/mask_anatomy_inst/case5104_48.png
708,/data/shared/CataractData/semantic_segmentation/Annotations/Images-and-Supervisely-Annotations/case_5104/img/case5104_49.png,/data/shared/CataractData/semantic_segmentation/Annotations/Images-and-Supervisely-Annotations/case_5104/mask_anatomy_inst/case5104_49.png
709,/data/shared/CataractData/semantic_segmentation/Annotations/Images-and-Supervisely-Annotations/case_5104/img/case5104_50.png,/data/shared/CataractData/semantic_segmentation/Annotations/Images-and-Supervisely-Annotations/case_5104/mask_anatomy_inst/case5104_50.png
710,/data/shared/CataractData/semantic_segmentation/Annotations/Images-and-Supervisely-Annotations/case_5104/img/case5104_51.png,/data/shared/CataractData/semantic_segmentation/Annotations/Images-and-Supervisely-Annotations/case_5104/mask_anatomy_inst/case5104_51.png
711,/data/shared/CataractData/semantic_segmentation/Annotations/Images-and-Supervisely-Annotations/case_5104/img/case5104_52.png,/data/shared/CataractData/semantic_segmentation/Annotations/Images-and-Supervisely-Annotations/case_5104/mask_anatomy_inst/case5104_52.png
712,/data/shared/CataractData/semantic_segmentation/Annotations/Images-and-Supervisely-Annotations/case_5104/img/case5104_53.png,/data/shared/CataractData/semantic_segmentation/Annotations/Images-and-Supervisely-Annotations/case_5104/mask_anatomy_inst/case5104_53.png
713,/data/shared/CataractData/semantic_segmentation/Annotations/Images-and-Supervisely-Annotations/case_5104/img/case5104_54.png,/data/shared/CataractData/semantic_segmentation/Annotations/Images-and-Supervisely-Annotations/case_5104/mask_anatomy_inst/case5104_54.png
714,/data/shared/CataractData/semantic_segmentation/Annotations/Images-and-Supervisely-Annotations/case_5104/img/case5104_55.png,/data/shared/CataractData/semantic_segmentation/Annotations/Images-and-Supervisely-Annotations/case_5104/mask_anatomy_inst/case5104_55.png
715,/data/shared/CataractData/semantic_segmentation/Annotations/Images-and-Supervisely-Annotations/case_5104/img/case5104_56.png,/data/shared/CataractData/semantic_segmentation/Annotations/Images-and-Supervisely-Annotations/case_5104/mask_anatomy_inst/case5104_56.png
716,/data/shared/CataractData/semantic_segmentation/Annotations/Images-and-Supervisely-Annotations/case_5104/img/case5104_57.png,/data/shared/CataractData/semantic_segmentation/Annotations/Images-and-Supervisely-Annotations/case_5104/mask_anatomy_inst/case5104_57.png
717,/data/shared/CataractData/semantic_segmentation/Annotations/Images-and-Supervisely-Annotations/case_5104/img/case5104_58.png,/data/shared/CataractData/semantic_segmentation/Annotations/Images-and-Supervisely-Annotations/case_5104/mask_anatomy_inst/case5104_58.png
718,/data/shared/CataractData/semantic_segmentation/Annotations/Images-and-Supervisely-Annotations/case_5104/img/case5104_59.png,/data/shared/CataractData/semantic_segmentation/Annotations/Images-and-Supervisely-Annotations/case_5104/mask_anatomy_inst/case5104_59.png
719,/data/shared/CataractData/semantic_segmentation/Annotations/Images-and-Supervisely-Annotations/case_5104/img/case5104_60.png,/data/shared/CataractData/semantic_segmentation/Annotations/Images-and-Supervisely-Annotations/case_5104/mask_anatomy_inst/case5104_60.png
720,/data/shared/CataractData/semantic_segmentation/Annotations/Images-and-Supervisely-Annotations/case_5104/img/case5104_61.png,/data/shared/CataractData/semantic_segmentation/Annotations/Images-and-Supervisely-Annotations/case_5104/mask_anatomy_inst/case5104_61.png
721,/data/shared/CataractData/semantic_segmentation/Annotations/Images-and-Supervisely-Annotations/case_5104/img/case5104_62.png,/data/shared/CataractData/semantic_segmentation/Annotations/Images-and-Supervisely-Annotations/case_5104/mask_anatomy_inst/case5104_62.png
722,/data/shared/CataractData/semantic_segmentation/Annotations/Images-and-Supervisely-Annotations/case_5104/img/case5104_63.png,/data/shared/CataractData/semantic_segmentation/Annotations/Images-and-Supervisely-Annotations/case_5104/mask_anatomy_inst/case5104_63.png
723,/data/shared/CataractData/semantic_segmentation/Annotations/Images-and-Supervisely-Annotations/case_5104/img/case5104_64.png,/data/shared/CataractData/semantic_segmentation/Annotations/Images-and-Supervisely-Annotations/case_5104/mask_anatomy_inst/case5104_64.png
724,/data/shared/CataractData/semantic_segmentation/Annotations/Images-and-Supervisely-Annotations/case_5104/img/case5104_65.png,/data/shared/CataractData/semantic_segmentation/Annotations/Images-and-Supervisely-Annotations/case_5104/mask_anatomy_inst/case5104_65.png
725,/data/shared/CataractData/semantic_segmentation/Annotations/Images-and-Supervisely-Annotations/case_5104/img/case5104_66.png,/data/shared/CataractData/semantic_segmentation/Annotations/Images-and-Supervisely-Annotations/case_5104/mask_anatomy_inst/case5104_66.png
726,/data/shared/CataractData/semantic_segmentation/Annotations/Images-and-Supervisely-Annotations/case_5104/img/case5104_67.png,/data/shared/CataractData/semantic_segmentation/Annotations/Images-and-Supervisely-Annotations/case_5104/mask_anatomy_inst/case5104_67.png
727,/data/shared/CataractData/semantic_segmentation/Annotations/Images-and-Supervisely-Annotations/case_5104/img/case5104_68.png,/data/shared/CataractData/semantic_segmentation/Annotations/Images-and-Supervisely-Annotations/case_5104/mask_anatomy_inst/case5104_68.png
728,/data/shared/CataractData/semantic_segmentation/Annotations/Images-and-Supervisely-Annotations/case_5104/img/case5104_69.png,/data/shared/CataractData/semantic_segmentation/Annotations/Images-and-Supervisely-Annotations/case_5104/mask_anatomy_inst/case5104_69.png
729,/data/shared/CataractData/semantic_segmentation/Annotations/Images-and-Supervisely-Annotations/case_5104/img/case5104_70.png,/data/shared/CataractData/semantic_segmentation/Annotations/Images-and-Supervisely-Annotations/case_5104/mask_anatomy_inst/case5104_70.png
730,/data/shared/CataractData/semantic_segmentation/Annotations/Images-and-Supervisely-Annotations/case_5104/img/case5104_71.png,/data/shared/CataractData/semantic_segmentation/Annotations/Images-and-Supervisely-Annotations/case_5104/mask_anatomy_inst/case5104_71.png
731,/data/shared/CataractData/semantic_segmentation/Annotations/Images-and-Supervisely-Annotations/case_5104/img/case5104_72.png,/data/shared/CataractData/semantic_segmentation/Annotations/Images-and-Supervisely-Annotations/case_5104/mask_anatomy_inst/case5104_72.png
732,/data/shared/CataractData/semantic_segmentation/Annotations/Images-and-Supervisely-Annotations/case_5104/img/case5104_73.png,/data/shared/CataractData/semantic_segmentation/Annotations/Images-and-Supervisely-Annotations/case_5104/mask_anatomy_inst/case5104_73.png
733,/data/shared/CataractData/semantic_segmentation/Annotations/Images-and-Supervisely-Annotations/case_5104/img/case5104_74.png,/data/shared/CataractData/semantic_segmentation/Annotations/Images-and-Supervisely-Annotations/case_5104/mask_anatomy_inst/case5104_74.png
734,/data/shared/CataractData/semantic_segmentation/Annotations/Images-and-Supervisely-Annotations/case_5104/img/case5104_75.png,/data/shared/CataractData/semantic_segmentation/Annotations/Images-and-Supervisely-Annotations/case_5104/mask_anatomy_inst/case5104_75.png
735,/data/shared/CataractData/semantic_segmentation/Annotations/Images-and-Supervisely-Annotations/case_5104/img/case5104_76.png,/data/shared/CataractData/semantic_segmentation/Annotations/Images-and-Supervisely-Annotations/case_5104/mask_anatomy_inst/case5104_76.png
736,/data/shared/CataractData/semantic_segmentation/Annotations/Images-and-Supervisely-Annotations/case_5104/img/case5104_77.png,/data/shared/CataractData/semantic_segmentation/Annotations/Images-and-Supervisely-Annotations/case_5104/mask_anatomy_inst/case5104_77.png
737,/data/shared/CataractData/semantic_segmentation/Annotations/Images-and-Supervisely-Annotations/case_5104/img/case5104_78.png,/data/shared/CataractData/semantic_segmentation/Annotations/Images-and-Supervisely-Annotations/case_5104/mask_anatomy_inst/case5104_78.png
738,/data/shared/CataractData/semantic_segmentation/Annotations/Images-and-Supervisely-Annotations/case_5104/img/case5104_79.png,/data/shared/CataractData/semantic_segmentation/Annotations/Images-and-Supervisely-Annotations/case_5104/mask_anatomy_inst/case5104_79.png
739,/data/shared/CataractData/semantic_segmentation/Annotations/Images-and-Supervisely-Annotations/case_5104/img/case5104_80.png,/data/shared/CataractData/semantic_segmentation/Annotations/Images-and-Supervisely-Annotations/case_5104/mask_anatomy_inst/case5104_80.png
740,/data/shared/CataractData/semantic_segmentation/Annotations/Images-and-Supervisely-Annotations/case_5104/img/case5104_81.png,/data/shared/CataractData/semantic_segmentation/Annotations/Images-and-Supervisely-Annotations/case_5104/mask_anatomy_inst/case5104_81.png
741,/data/shared/CataractData/semantic_segmentation/Annotations/Images-and-Supervisely-Annotations/case_5104/img/case5104_82.png,/data/shared/CataractData/semantic_segmentation/Annotations/Images-and-Supervisely-Annotations/case_5104/mask_anatomy_inst/case5104_82.png
742,/data/shared/CataractData/semantic_segmentation/Annotations/Images-and-Supervisely-Annotations/case_5104/img/case5104_83.png,/data/shared/CataractData/semantic_segmentation/Annotations/Images-and-Supervisely-Annotations/case_5104/mask_anatomy_inst/case5104_83.png
743,/data/shared/CataractData/semantic_segmentation/Annotations/Images-and-Supervisely-Annotations/case_5104/img/case5104_84.png,/data/shared/CataractData/semantic_segmentation/Annotations/Images-and-Supervisely-Annotations/case_5104/mask_anatomy_inst/case5104_84.png
744,/data/shared/CataractData/semantic_segmentation/Annotations/Images-and-Supervisely-Annotations/case_5104/img/case5104_85.png,/data/shared/CataractData/semantic_segmentation/Annotations/Images-and-Supervisely-Annotations/case_5104/mask_anatomy_inst/case5104_85.png
745,/data/shared/CataractData/semantic_segmentation/Annotations/Images-and-Supervisely-Annotations/case_5104/img/case5104_86.png,/data/shared/CataractData/semantic_segmentation/Annotations/Images-and-Supervisely-Annotations/case_5104/mask_anatomy_inst/case5104_86.png
746,/data/shared/CataractData/semantic_segmentation/Annotations/Images-and-Supervisely-Annotations/case_5104/img/case5104_87.png,/data/shared/CataractData/semantic_segmentation/Annotations/Images-and-Supervisely-Annotations/case_5104/mask_anatomy_inst/case5104_87.png
747,/data/shared/CataractData/semantic_segmentation/Annotations/Images-and-Supervisely-Annotations/case_5104/img/case5104_88.png,/data/shared/CataractData/semantic_segmentation/Annotations/Images-and-Supervisely-Annotations/case_5104/mask_anatomy_inst/case5104_88.png
748,/data/shared/CataractData/semantic_segmentation/Annotations/Images-and-Supervisely-Annotations/case_5104/img/case5104_89.png,/data/shared/CataractData/semantic_segmentation/Annotations/Images-and-Supervisely-Annotations/case_5104/mask_anatomy_inst/case5104_89.png
749,/data/shared/CataractData/semantic_segmentation/Annotations/Images-and-Supervisely-Annotations/case_5104/img/case5104_90.png,/data/shared/CataractData/semantic_segmentation/Annotations/Images-and-Supervisely-Annotations/case_5104/mask_anatomy_inst/case5104_90.png
750,/data/shared/CataractData/semantic_segmentation/Annotations/Images-and-Supervisely-Annotations/case_5104/img/case5104_91.png,/data/shared/CataractData/semantic_segmentation/Annotations/Images-and-Supervisely-Annotations/case_5104/mask_anatomy_inst/case5104_91.png
751,/data/shared/CataractData/semantic_segmentation/Annotations/Images-and-Supervisely-Annotations/case_5104/img/case5104_92.png,/data/shared/CataractData/semantic_segmentation/Annotations/Images-and-Supervisely-Annotations/case_5104/mask_anatomy_inst/case5104_92.png
752,/data/shared/CataractData/semantic_segmentation/Annotations/Images-and-Supervisely-Annotations/case_5104/img/case5104_93.png,/data/shared/CataractData/semantic_segmentation/Annotations/Images-and-Supervisely-Annotations/case_5104/mask_anatomy_inst/case5104_93.png
753,/data/shared/CataractData/semantic_segmentation/Annotations/Images-and-Supervisely-Annotations/case_5104/img/case5104_94.png,/data/shared/CataractData/semantic_segmentation/Annotations/Images-and-Supervisely-Annotations/case_5104/mask_anatomy_inst/case5104_94.png
754,/data/shared/CataractData/semantic_segmentation/Annotations/Images-and-Supervisely-Annotations/case_5104/img/case5104_95.png,/data/shared/CataractData/semantic_segmentation/Annotations/Images-and-Supervisely-Annotations/case_5104/mask_anatomy_inst/case5104_95.png
755,/data/shared/CataractData/semantic_segmentation/Annotations/Images-and-Supervisely-Annotations/case_5104/img/case5104_96.png,/data/shared/CataractData/semantic_segmentation/Annotations/Images-and-Supervisely-Annotations/case_5104/mask_anatomy_inst/case5104_96.png
756,/data/shared/CataractData/semantic_segmentation/Annotations/Images-and-Supervisely-Annotations/case_5104/img/case5104_97.png,/data/shared/CataractData/semantic_segmentation/Annotations/Images-and-Supervisely-Annotations/case_5104/mask_anatomy_inst/case5104_97.png
757,/data/shared/CataractData/semantic_segmentation/Annotations/Images-and-Supervisely-Annotations/case_5299/img/case5299_01.png,/data/shared/CataractData/semantic_segmentation/Annotations/Images-and-Supervisely-Annotations/case_5299/mask_anatomy_inst/case5299_01.png
758,/data/shared/CataractData/semantic_segmentation/Annotations/Images-and-Supervisely-Annotations/case_5299/img/case5299_02.png,/data/shared/CataractData/semantic_segmentation/Annotations/Images-and-Supervisely-Annotations/case_5299/mask_anatomy_inst/case5299_02.png
759,/data/shared/CataractData/semantic_segmentation/Annotations/Images-and-Supervisely-Annotations/case_5299/img/case5299_03.png,/data/shared/CataractData/semantic_segmentation/Annotations/Images-and-Supervisely-Annotations/case_5299/mask_anatomy_inst/case5299_03.png
760,/data/shared/CataractData/semantic_segmentation/Annotations/Images-and-Supervisely-Annotations/case_5299/img/case5299_04.png,/data/shared/CataractData/semantic_segmentation/Annotations/Images-and-Supervisely-Annotations/case_5299/mask_anatomy_inst/case5299_04.png
761,/data/shared/CataractData/semantic_segmentation/Annotations/Images-and-Supervisely-Annotations/case_5299/img/case5299_05.png,/data/shared/CataractData/semantic_segmentation/Annotations/Images-and-Supervisely-Annotations/case_5299/mask_anatomy_inst/case5299_05.png
762,/data/shared/CataractData/semantic_segmentation/Annotations/Images-and-Supervisely-Annotations/case_5299/img/case5299_06.png,/data/shared/CataractData/semantic_segmentation/Annotations/Images-and-Supervisely-Annotations/case_5299/mask_anatomy_inst/case5299_06.png
763,/data/shared/CataractData/semantic_segmentation/Annotations/Images-and-Supervisely-Annotations/case_5299/img/case5299_07.png,/data/shared/CataractData/semantic_segmentation/Annotations/Images-and-Supervisely-Annotations/case_5299/mask_anatomy_inst/case5299_07.png
764,/data/shared/CataractData/semantic_segmentation/Annotations/Images-and-Supervisely-Annotations/case_5299/img/case5299_08.png,/data/shared/CataractData/semantic_segmentation/Annotations/Images-and-Supervisely-Annotations/case_5299/mask_anatomy_inst/case5299_08.png
765,/data/shared/CataractData/semantic_segmentation/Annotations/Images-and-Supervisely-Annotations/case_5299/img/case5299_09.png,/data/shared/CataractData/semantic_segmentation/Annotations/Images-and-Supervisely-Annotations/case_5299/mask_anatomy_inst/case5299_09.png
766,/data/shared/CataractData/semantic_segmentation/Annotations/Images-and-Supervisely-Annotations/case_5299/img/case5299_10.png,/data/shared/CataractData/semantic_segmentation/Annotations/Images-and-Supervisely-Annotations/case_5299/mask_anatomy_inst/case5299_10.png
767,/data/shared/CataractData/semantic_segmentation/Annotations/Images-and-Supervisely-Annotations/case_5299/img/case5299_11.png,/data/shared/CataractData/semantic_segmentation/Annotations/Images-and-Supervisely-Annotations/case_5299/mask_anatomy_inst/case5299_11.png
768,/data/shared/CataractData/semantic_segmentation/Annotations/Images-and-Supervisely-Annotations/case_5299/img/case5299_12.png,/data/shared/CataractData/semantic_segmentation/Annotations/Images-and-Supervisely-Annotations/case_5299/mask_anatomy_inst/case5299_12.png
769,/data/shared/CataractData/semantic_segmentation/Annotations/Images-and-Supervisely-Annotations/case_5299/img/case5299_13.png,/data/shared/CataractData/semantic_segmentation/Annotations/Images-and-Supervisely-Annotations/case_5299/mask_anatomy_inst/case5299_13.png
770,/data/shared/CataractData/semantic_segmentation/Annotations/Images-and-Supervisely-Annotations/case_5299/img/case5299_14.png,/data/shared/CataractData/semantic_segmentation/Annotations/Images-and-Supervisely-Annotations/case_5299/mask_anatomy_inst/case5299_14.png
771,/data/shared/CataractData/semantic_segmentation/Annotations/Images-and-Supervisely-Annotations/case_5299/img/case5299_15.png,/data/shared/CataractData/semantic_segmentation/Annotations/Images-and-Supervisely-Annotations/case_5299/mask_anatomy_inst/case5299_15.png
772,/data/shared/CataractData/semantic_segmentation/Annotations/Images-and-Supervisely-Annotations/case_5299/img/case5299_16.png,/data/shared/CataractData/semantic_segmentation/Annotations/Images-and-Supervisely-Annotations/case_5299/mask_anatomy_inst/case5299_16.png
773,/data/shared/CataractData/semantic_segmentation/Annotations/Images-and-Supervisely-Annotations/case_5299/img/case5299_17.png,/data/shared/CataractData/semantic_segmentation/Annotations/Images-and-Supervisely-Annotations/case_5299/mask_anatomy_inst/case5299_17.png
774,/data/shared/CataractData/semantic_segmentation/Annotations/Images-and-Supervisely-Annotations/case_5299/img/case5299_18.png,/data/shared/CataractData/semantic_segmentation/Annotations/Images-and-Supervisely-Annotations/case_5299/mask_anatomy_inst/case5299_18.png
775,/data/shared/CataractData/semantic_segmentation/Annotations/Images-and-Supervisely-Annotations/case_5299/img/case5299_19.png,/data/shared/CataractData/semantic_segmentation/Annotations/Images-and-Supervisely-Annotations/case_5299/mask_anatomy_inst/case5299_19.png
776,/data/shared/CataractData/semantic_segmentation/Annotations/Images-and-Supervisely-Annotations/case_5299/img/case5299_20.png,/data/shared/CataractData/semantic_segmentation/Annotations/Images-and-Supervisely-Annotations/case_5299/mask_anatomy_inst/case5299_20.png
777,/data/shared/CataractData/semantic_segmentation/Annotations/Images-and-Supervisely-Annotations/case_5299/img/case5299_21.png,/data/shared/CataractData/semantic_segmentation/Annotations/Images-and-Supervisely-Annotations/case_5299/mask_anatomy_inst/case5299_21.png
778,/data/shared/CataractData/semantic_segmentation/Annotations/Images-and-Supervisely-Annotations/case_5299/img/case5299_22.png,/data/shared/CataractData/semantic_segmentation/Annotations/Images-and-Supervisely-Annotations/case_5299/mask_anatomy_inst/case5299_22.png
779,/data/shared/CataractData/semantic_segmentation/Annotations/Images-and-Supervisely-Annotations/case_5299/img/case5299_23.png,/data/shared/CataractData/semantic_segmentation/Annotations/Images-and-Supervisely-Annotations/case_5299/mask_anatomy_inst/case5299_23.png
780,/data/shared/CataractData/semantic_segmentation/Annotations/Images-and-Supervisely-Annotations/case_5299/img/case5299_24.png,/data/shared/CataractData/semantic_segmentation/Annotations/Images-and-Supervisely-Annotations/case_5299/mask_anatomy_inst/case5299_24.png
781,/data/shared/CataractData/semantic_segmentation/Annotations/Images-and-Supervisely-Annotations/case_5299/img/case5299_25.png,/data/shared/CataractData/semantic_segmentation/Annotations/Images-and-Supervisely-Annotations/case_5299/mask_anatomy_inst/case5299_25.png
782,/data/shared/CataractData/semantic_segmentation/Annotations/Images-and-Supervisely-Annotations/case_5299/img/case5299_26.png,/data/shared/CataractData/semantic_segmentation/Annotations/Images-and-Supervisely-Annotations/case_5299/mask_anatomy_inst/case5299_26.png
783,/data/shared/CataractData/semantic_segmentation/Annotations/Images-and-Supervisely-Annotations/case_5299/img/case5299_27.png,/data/shared/CataractData/semantic_segmentation/Annotations/Images-and-Supervisely-Annotations/case_5299/mask_anatomy_inst/case5299_27.png
784,/data/shared/CataractData/semantic_segmentation/Annotations/Images-and-Supervisely-Annotations/case_5299/img/case5299_28.png,/data/shared/CataractData/semantic_segmentation/Annotations/Images-and-Supervisely-Annotations/case_5299/mask_anatomy_inst/case5299_28.png
785,/data/shared/CataractData/semantic_segmentation/Annotations/Images-and-Supervisely-Annotations/case_5299/img/case5299_29.png,/data/shared/CataractData/semantic_segmentation/Annotations/Images-and-Supervisely-Annotations/case_5299/mask_anatomy_inst/case5299_29.png
786,/data/shared/CataractData/semantic_segmentation/Annotations/Images-and-Supervisely-Annotations/case_5299/img/case5299_30.png,/data/shared/CataractData/semantic_segmentation/Annotations/Images-and-Supervisely-Annotations/case_5299/mask_anatomy_inst/case5299_30.png
787,/data/shared/CataractData/semantic_segmentation/Annotations/Images-and-Supervisely-Annotations/case_5299/img/case5299_31.png,/data/shared/CataractData/semantic_segmentation/Annotations/Images-and-Supervisely-Annotations/case_5299/mask_anatomy_inst/case5299_31.png
788,/data/shared/CataractData/semantic_segmentation/Annotations/Images-and-Supervisely-Annotations/case_5299/img/case5299_32.png,/data/shared/CataractData/semantic_segmentation/Annotations/Images-and-Supervisely-Annotations/case_5299/mask_anatomy_inst/case5299_32.png
789,/data/shared/CataractData/semantic_segmentation/Annotations/Images-and-Supervisely-Annotations/case_5299/img/case5299_33.png,/data/shared/CataractData/semantic_segmentation/Annotations/Images-and-Supervisely-Annotations/case_5299/mask_anatomy_inst/case5299_33.png
790,/data/shared/CataractData/semantic_segmentation/Annotations/Images-and-Supervisely-Annotations/case_5299/img/case5299_34.png,/data/shared/CataractData/semantic_segmentation/Annotations/Images-and-Supervisely-Annotations/case_5299/mask_anatomy_inst/case5299_34.png
791,/data/shared/CataractData/semantic_segmentation/Annotations/Images-and-Supervisely-Annotations/case_5299/img/case5299_35.png,/data/shared/CataractData/semantic_segmentation/Annotations/Images-and-Supervisely-Annotations/case_5299/mask_anatomy_inst/case5299_35.png
792,/data/shared/CataractData/semantic_segmentation/Annotations/Images-and-Supervisely-Annotations/case_5299/img/case5299_36.png,/data/shared/CataractData/semantic_segmentation/Annotations/Images-and-Supervisely-Annotations/case_5299/mask_anatomy_inst/case5299_36.png
793,/data/shared/CataractData/semantic_segmentation/Annotations/Images-and-Supervisely-Annotations/case_5299/img/case5299_37.png,/data/shared/CataractData/semantic_segmentation/Annotations/Images-and-Supervisely-Annotations/case_5299/mask_anatomy_inst/case5299_37.png
794,/data/shared/CataractData/semantic_segmentation/Annotations/Images-and-Supervisely-Annotations/case_5299/img/case5299_38.png,/data/shared/CataractData/semantic_segmentation/Annotations/Images-and-Supervisely-Annotations/case_5299/mask_anatomy_inst/case5299_38.png
795,/data/shared/CataractData/semantic_segmentation/Annotations/Images-and-Supervisely-Annotations/case_5299/img/case5299_39.png,/data/shared/CataractData/semantic_segmentation/Annotations/Images-and-Supervisely-Annotations/case_5299/mask_anatomy_inst/case5299_39.png
796,/data/shared/CataractData/semantic_segmentation/Annotations/Images-and-Supervisely-Annotations/case_5299/img/case5299_40.png,/data/shared/CataractData/semantic_segmentation/Annotations/Images-and-Supervisely-Annotations/case_5299/mask_anatomy_inst/case5299_40.png
797,/data/shared/CataractData/semantic_segmentation/Annotations/Images-and-Supervisely-Annotations/case_5299/img/case5299_41.png,/data/shared/CataractData/semantic_segmentation/Annotations/Images-and-Supervisely-Annotations/case_5299/mask_anatomy_inst/case5299_41.png
798,/data/shared/CataractData/semantic_segmentation/Annotations/Images-and-Supervisely-Annotations/case_5299/img/case5299_42.png,/data/shared/CataractData/semantic_segmentation/Annotations/Images-and-Supervisely-Annotations/case_5299/mask_anatomy_inst/case5299_42.png
799,/data/shared/CataractData/semantic_segmentation/Annotations/Images-and-Supervisely-Annotations/case_5299/img/case5299_43.png,/data/shared/CataractData/semantic_segmentation/Annotations/Images-and-Supervisely-Annotations/case_5299/mask_anatomy_inst/case5299_43.png
800,/data/shared/CataractData/semantic_segmentation/Annotations/Images-and-Supervisely-Annotations/case_5299/img/case5299_44.png,/data/shared/CataractData/semantic_segmentation/Annotations/Images-and-Supervisely-Annotations/case_5299/mask_anatomy_inst/case5299_44.png
801,/data/shared/CataractData/semantic_segmentation/Annotations/Images-and-Supervisely-Annotations/case_5299/img/case5299_45.png,/data/shared/CataractData/semantic_segmentation/Annotations/Images-and-Supervisely-Annotations/case_5299/mask_anatomy_inst/case5299_45.png
802,/data/shared/CataractData/semantic_segmentation/Annotations/Images-and-Supervisely-Annotations/case_5299/img/case5299_46.png,/data/shared/CataractData/semantic_segmentation/Annotations/Images-and-Supervisely-Annotations/case_5299/mask_anatomy_inst/case5299_46.png
803,/data/shared/CataractData/semantic_segmentation/Annotations/Images-and-Supervisely-Annotations/case_5299/img/case5299_47.png,/data/shared/CataractData/semantic_segmentation/Annotations/Images-and-Supervisely-Annotations/case_5299/mask_anatomy_inst/case5299_47.png
804,/data/shared/CataractData/semantic_segmentation/Annotations/Images-and-Supervisely-Annotations/case_5299/img/case5299_48.png,/data/shared/CataractData/semantic_segmentation/Annotations/Images-and-Supervisely-Annotations/case_5299/mask_anatomy_inst/case5299_48.png
805,/data/shared/CataractData/semantic_segmentation/Annotations/Images-and-Supervisely-Annotations/case_5299/img/case5299_49.png,/data/shared/CataractData/semantic_segmentation/Annotations/Images-and-Supervisely-Annotations/case_5299/mask_anatomy_inst/case5299_49.png
806,/data/shared/CataractData/semantic_segmentation/Annotations/Images-and-Supervisely-Annotations/case_5299/img/case5299_50.png,/data/shared/CataractData/semantic_segmentation/Annotations/Images-and-Supervisely-Annotations/case_5299/mask_anatomy_inst/case5299_50.png
807,/data/shared/CataractData/semantic_segmentation/Annotations/Images-and-Supervisely-Annotations/case_5299/img/case5299_51.png,/data/shared/CataractData/semantic_segmentation/Annotations/Images-and-Supervisely-Annotations/case_5299/mask_anatomy_inst/case5299_51.png
808,/data/shared/CataractData/semantic_segmentation/Annotations/Images-and-Supervisely-Annotations/case_5299/img/case5299_52.png,/data/shared/CataractData/semantic_segmentation/Annotations/Images-and-Supervisely-Annotations/case_5299/mask_anatomy_inst/case5299_52.png
809,/data/shared/CataractData/semantic_segmentation/Annotations/Images-and-Supervisely-Annotations/case_5299/img/case5299_53.png,/data/shared/CataractData/semantic_segmentation/Annotations/Images-and-Supervisely-Annotations/case_5299/mask_anatomy_inst/case5299_53.png
810,/data/shared/CataractData/semantic_segmentation/Annotations/Images-and-Supervisely-Annotations/case_5299/img/case5299_54.png,/data/shared/CataractData/semantic_segmentation/Annotations/Images-and-Supervisely-Annotations/case_5299/mask_anatomy_inst/case5299_54.png
811,/data/shared/CataractData/semantic_segmentation/Annotations/Images-and-Supervisely-Annotations/case_5299/img/case5299_55.png,/data/shared/CataractData/semantic_segmentation/Annotations/Images-and-Supervisely-Annotations/case_5299/mask_anatomy_inst/case5299_55.png
812,/data/shared/CataractData/semantic_segmentation/Annotations/Images-and-Supervisely-Annotations/case_5299/img/case5299_56.png,/data/shared/CataractData/semantic_segmentation/Annotations/Images-and-Supervisely-Annotations/case_5299/mask_anatomy_inst/case5299_56.png
813,/data/shared/CataractData/semantic_segmentation/Annotations/Images-and-Supervisely-Annotations/case_5299/img/case5299_57.png,/data/shared/CataractData/semantic_segmentation/Annotations/Images-and-Supervisely-Annotations/case_5299/mask_anatomy_inst/case5299_57.png
814,/data/shared/CataractData/semantic_segmentation/Annotations/Images-and-Supervisely-Annotations/case_5299/img/case5299_58.png,/data/shared/CataractData/semantic_segmentation/Annotations/Images-and-Supervisely-Annotations/case_5299/mask_anatomy_inst/case5299_58.png
815,/data/shared/CataractData/semantic_segmentation/Annotations/Images-and-Supervisely-Annotations/case_5299/img/case5299_59.png,/data/shared/CataractData/semantic_segmentation/Annotations/Images-and-Supervisely-Annotations/case_5299/mask_anatomy_inst/case5299_59.png
816,/data/shared/CataractData/semantic_segmentation/Annotations/Images-and-Supervisely-Annotations/case_5299/img/case5299_60.png,/data/shared/CataractData/semantic_segmentation/Annotations/Images-and-Supervisely-Annotations/case_5299/mask_anatomy_inst/case5299_60.png
817,/data/shared/CataractData/semantic_segmentation/Annotations/Images-and-Supervisely-Annotations/case_5299/img/case5299_61.png,/data/shared/CataractData/semantic_segmentation/Annotations/Images-and-Supervisely-Annotations/case_5299/mask_anatomy_inst/case5299_61.png
818,/data/shared/CataractData/semantic_segmentation/Annotations/Images-and-Supervisely-Annotations/case_5299/img/case5299_62.png,/data/shared/CataractData/semantic_segmentation/Annotations/Images-and-Supervisely-Annotations/case_5299/mask_anatomy_inst/case5299_62.png
819,/data/shared/CataractData/semantic_segmentation/Annotations/Images-and-Supervisely-Annotations/case_5299/img/case5299_63.png,/data/shared/CataractData/semantic_segmentation/Annotations/Images-and-Supervisely-Annotations/case_5299/mask_anatomy_inst/case5299_63.png
820,/data/shared/CataractData/semantic_segmentation/Annotations/Images-and-Supervisely-Annotations/case_5299/img/case5299_64.png,/data/shared/CataractData/semantic_segmentation/Annotations/Images-and-Supervisely-Annotations/case_5299/mask_anatomy_inst/case5299_64.png
821,/data/shared/CataractData/semantic_segmentation/Annotations/Images-and-Supervisely-Annotations/case_5299/img/case5299_65.png,/data/shared/CataractData/semantic_segmentation/Annotations/Images-and-Supervisely-Annotations/case_5299/mask_anatomy_inst/case5299_65.png
822,/data/shared/CataractData/semantic_segmentation/Annotations/Images-and-Supervisely-Annotations/case_5299/img/case5299_66.png,/data/shared/CataractData/semantic_segmentation/Annotations/Images-and-Supervisely-Annotations/case_5299/mask_anatomy_inst/case5299_66.png
823,/data/shared/CataractData/semantic_segmentation/Annotations/Images-and-Supervisely-Annotations/case_5299/img/case5299_67.png,/data/shared/CataractData/semantic_segmentation/Annotations/Images-and-Supervisely-Annotations/case_5299/mask_anatomy_inst/case5299_67.png
824,/data/shared/CataractData/semantic_segmentation/Annotations/Images-and-Supervisely-Annotations/case_5299/img/case5299_68.png,/data/shared/CataractData/semantic_segmentation/Annotations/Images-and-Supervisely-Annotations/case_5299/mask_anatomy_inst/case5299_68.png
825,/data/shared/CataractData/semantic_segmentation/Annotations/Images-and-Supervisely-Annotations/case_5299/img/case5299_69.png,/data/shared/CataractData/semantic_segmentation/Annotations/Images-and-Supervisely-Annotations/case_5299/mask_anatomy_inst/case5299_69.png
826,/data/shared/CataractData/semantic_segmentation/Annotations/Images-and-Supervisely-Annotations/case_5300/img/case5300_01.png,/data/shared/CataractData/semantic_segmentation/Annotations/Images-and-Supervisely-Annotations/case_5300/mask_anatomy_inst/case5300_01.png
827,/data/shared/CataractData/semantic_segmentation/Annotations/Images-and-Supervisely-Annotations/case_5300/img/case5300_02.png,/data/shared/CataractData/semantic_segmentation/Annotations/Images-and-Supervisely-Annotations/case_5300/mask_anatomy_inst/case5300_02.png
828,/data/shared/CataractData/semantic_segmentation/Annotations/Images-and-Supervisely-Annotations/case_5300/img/case5300_03.png,/data/shared/CataractData/semantic_segmentation/Annotations/Images-and-Supervisely-Annotations/case_5300/mask_anatomy_inst/case5300_03.png
829,/data/shared/CataractData/semantic_segmentation/Annotations/Images-and-Supervisely-Annotations/case_5300/img/case5300_04.png,/data/shared/CataractData/semantic_segmentation/Annotations/Images-and-Supervisely-Annotations/case_5300/mask_anatomy_inst/case5300_04.png
830,/data/shared/CataractData/semantic_segmentation/Annotations/Images-and-Supervisely-Annotations/case_5300/img/case5300_05.png,/data/shared/CataractData/semantic_segmentation/Annotations/Images-and-Supervisely-Annotations/case_5300/mask_anatomy_inst/case5300_05.png
831,/data/shared/CataractData/semantic_segmentation/Annotations/Images-and-Supervisely-Annotations/case_5300/img/case5300_06.png,/data/shared/CataractData/semantic_segmentation/Annotations/Images-and-Supervisely-Annotations/case_5300/mask_anatomy_inst/case5300_06.png
832,/data/shared/CataractData/semantic_segmentation/Annotations/Images-and-Supervisely-Annotations/case_5300/img/case5300_07.png,/data/shared/CataractData/semantic_segmentation/Annotations/Images-and-Supervisely-Annotations/case_5300/mask_anatomy_inst/case5300_07.png
833,/data/shared/CataractData/semantic_segmentation/Annotations/Images-and-Supervisely-Annotations/case_5300/img/case5300_08.png,/data/shared/CataractData/semantic_segmentation/Annotations/Images-and-Supervisely-Annotations/case_5300/mask_anatomy_inst/case5300_08.png
834,/data/shared/CataractData/semantic_segmentation/Annotations/Images-and-Supervisely-Annotations/case_5300/img/case5300_09.png,/data/shared/CataractData/semantic_segmentation/Annotations/Images-and-Supervisely-Annotations/case_5300/mask_anatomy_inst/case5300_09.png
835,/data/shared/CataractData/semantic_segmentation/Annotations/Images-and-Supervisely-Annotations/case_5300/img/case5300_11.png,/data/shared/CataractData/semantic_segmentation/Annotations/Images-and-Supervisely-Annotations/case_5300/mask_anatomy_inst/case5300_11.png
836,/data/shared/CataractData/semantic_segmentation/Annotations/Images-and-Supervisely-Annotations/case_5300/img/case5300_12.png,/data/shared/CataractData/semantic_segmentation/Annotations/Images-and-Supervisely-Annotations/case_5300/mask_anatomy_inst/case5300_12.png
837,/data/shared/CataractData/semantic_segmentation/Annotations/Images-and-Supervisely-Annotations/case_5300/img/case5300_13.png,/data/shared/CataractData/semantic_segmentation/Annotations/Images-and-Supervisely-Annotations/case_5300/mask_anatomy_inst/case5300_13.png
838,/data/shared/CataractData/semantic_segmentation/Annotations/Images-and-Supervisely-Annotations/case_5300/img/case5300_14.png,/data/shared/CataractData/semantic_segmentation/Annotations/Images-and-Supervisely-Annotations/case_5300/mask_anatomy_inst/case5300_14.png
839,/data/shared/CataractData/semantic_segmentation/Annotations/Images-and-Supervisely-Annotations/case_5300/img/case5300_15.png,/data/shared/CataractData/semantic_segmentation/Annotations/Images-and-Supervisely-Annotations/case_5300/mask_anatomy_inst/case5300_15.png
840,/data/shared/CataractData/semantic_segmentation/Annotations/Images-and-Supervisely-Annotations/case_5300/img/case5300_16.png,/data/shared/CataractData/semantic_segmentation/Annotations/Images-and-Supervisely-Annotations/case_5300/mask_anatomy_inst/case5300_16.png
841,/data/shared/CataractData/semantic_segmentation/Annotations/Images-and-Supervisely-Annotations/case_5300/img/case5300_17.png,/data/shared/CataractData/semantic_segmentation/Annotations/Images-and-Supervisely-Annotations/case_5300/mask_anatomy_inst/case5300_17.png
842,/data/shared/CataractData/semantic_segmentation/Annotations/Images-and-Supervisely-Annotations/case_5300/img/case5300_18.png,/data/shared/CataractData/semantic_segmentation/Annotations/Images-and-Supervisely-Annotations/case_5300/mask_anatomy_inst/case5300_18.png
843,/data/shared/CataractData/semantic_segmentation/Annotations/Images-and-Supervisely-Annotations/case_5300/img/case5300_19.png,/data/shared/CataractData/semantic_segmentation/Annotations/Images-and-Supervisely-Annotations/case_5300/mask_anatomy_inst/case5300_19.png
844,/data/shared/CataractData/semantic_segmentation/Annotations/Images-and-Supervisely-Annotations/case_5300/img/case5300_20.png,/data/shared/CataractData/semantic_segmentation/Annotations/Images-and-Supervisely-Annotations/case_5300/mask_anatomy_inst/case5300_20.png
845,/data/shared/CataractData/semantic_segmentation/Annotations/Images-and-Supervisely-Annotations/case_5300/img/case5300_21.png,/data/shared/CataractData/semantic_segmentation/Annotations/Images-and-Supervisely-Annotations/case_5300/mask_anatomy_inst/case5300_21.png
846,/data/shared/CataractData/semantic_segmentation/Annotations/Images-and-Supervisely-Annotations/case_5300/img/case5300_22.png,/data/shared/CataractData/semantic_segmentation/Annotations/Images-and-Supervisely-Annotations/case_5300/mask_anatomy_inst/case5300_22.png
847,/data/shared/CataractData/semantic_segmentation/Annotations/Images-and-Supervisely-Annotations/case_5300/img/case5300_23.png,/data/shared/CataractData/semantic_segmentation/Annotations/Images-and-Supervisely-Annotations/case_5300/mask_anatomy_inst/case5300_23.png
848,/data/shared/CataractData/semantic_segmentation/Annotations/Images-and-Supervisely-Annotations/case_5300/img/case5300_24.png,/data/shared/CataractData/semantic_segmentation/Annotations/Images-and-Supervisely-Annotations/case_5300/mask_anatomy_inst/case5300_24.png
849,/data/shared/CataractData/semantic_segmentation/Annotations/Images-and-Supervisely-Annotations/case_5300/img/case5300_25.png,/data/shared/CataractData/semantic_segmentation/Annotations/Images-and-Supervisely-Annotations/case_5300/mask_anatomy_inst/case5300_25.png
850,/data/shared/CataractData/semantic_segmentation/Annotations/Images-and-Supervisely-Annotations/case_5300/img/case5300_26.png,/data/shared/CataractData/semantic_segmentation/Annotations/Images-and-Supervisely-Annotations/case_5300/mask_anatomy_inst/case5300_26.png
851,/data/shared/CataractData/semantic_segmentation/Annotations/Images-and-Supervisely-Annotations/case_5300/img/case5300_27.png,/data/shared/CataractData/semantic_segmentation/Annotations/Images-and-Supervisely-Annotations/case_5300/mask_anatomy_inst/case5300_27.png
852,/data/shared/CataractData/semantic_segmentation/Annotations/Images-and-Supervisely-Annotations/case_5300/img/case5300_28.png,/data/shared/CataractData/semantic_segmentation/Annotations/Images-and-Supervisely-Annotations/case_5300/mask_anatomy_inst/case5300_28.png
853,/data/shared/CataractData/semantic_segmentation/Annotations/Images-and-Supervisely-Annotations/case_5300/img/case5300_29.png,/data/shared/CataractData/semantic_segmentation/Annotations/Images-and-Supervisely-Annotations/case_5300/mask_anatomy_inst/case5300_29.png
854,/data/shared/CataractData/semantic_segmentation/Annotations/Images-and-Supervisely-Annotations/case_5300/img/case5300_30.png,/data/shared/CataractData/semantic_segmentation/Annotations/Images-and-Supervisely-Annotations/case_5300/mask_anatomy_inst/case5300_30.png
855,/data/shared/CataractData/semantic_segmentation/Annotations/Images-and-Supervisely-Annotations/case_5300/img/case5300_31.png,/data/shared/CataractData/semantic_segmentation/Annotations/Images-and-Supervisely-Annotations/case_5300/mask_anatomy_inst/case5300_31.png
856,/data/shared/CataractData/semantic_segmentation/Annotations/Images-and-Supervisely-Annotations/case_5300/img/case5300_32.png,/data/shared/CataractData/semantic_segmentation/Annotations/Images-and-Supervisely-Annotations/case_5300/mask_anatomy_inst/case5300_32.png
857,/data/shared/CataractData/semantic_segmentation/Annotations/Images-and-Supervisely-Annotations/case_5300/img/case5300_33.png,/data/shared/CataractData/semantic_segmentation/Annotations/Images-and-Supervisely-Annotations/case_5300/mask_anatomy_inst/case5300_33.png
858,/data/shared/CataractData/semantic_segmentation/Annotations/Images-and-Supervisely-Annotations/case_5300/img/case5300_34.png,/data/shared/CataractData/semantic_segmentation/Annotations/Images-and-Supervisely-Annotations/case_5300/mask_anatomy_inst/case5300_34.png
859,/data/shared/CataractData/semantic_segmentation/Annotations/Images-and-Supervisely-Annotations/case_5300/img/case5300_35.png,/data/shared/CataractData/semantic_segmentation/Annotations/Images-and-Supervisely-Annotations/case_5300/mask_anatomy_inst/case5300_35.png
860,/data/shared/CataractData/semantic_segmentation/Annotations/Images-and-Supervisely-Annotations/case_5300/img/case5300_36.png,/data/shared/CataractData/semantic_segmentation/Annotations/Images-and-Supervisely-Annotations/case_5300/mask_anatomy_inst/case5300_36.png
861,/data/shared/CataractData/semantic_segmentation/Annotations/Images-and-Supervisely-Annotations/case_5300/img/case5300_37.png,/data/shared/CataractData/semantic_segmentation/Annotations/Images-and-Supervisely-Annotations/case_5300/mask_anatomy_inst/case5300_37.png
862,/data/shared/CataractData/semantic_segmentation/Annotations/Images-and-Supervisely-Annotations/case_5300/img/case5300_38.png,/data/shared/CataractData/semantic_segmentation/Annotations/Images-and-Supervisely-Annotations/case_5300/mask_anatomy_inst/case5300_38.png
863,/data/shared/CataractData/semantic_segmentation/Annotations/Images-and-Supervisely-Annotations/case_5300/img/case5300_39.png,/data/shared/CataractData/semantic_segmentation/Annotations/Images-and-Supervisely-Annotations/case_5300/mask_anatomy_inst/case5300_39.png
864,/data/shared/CataractData/semantic_segmentation/Annotations/Images-and-Supervisely-Annotations/case_5300/img/case5300_40.png,/data/shared/CataractData/semantic_segmentation/Annotations/Images-and-Supervisely-Annotations/case_5300/mask_anatomy_inst/case5300_40.png
865,/data/shared/CataractData/semantic_segmentation/Annotations/Images-and-Supervisely-Annotations/case_5300/img/case5300_41.png,/data/shared/CataractData/semantic_segmentation/Annotations/Images-and-Supervisely-Annotations/case_5300/mask_anatomy_inst/case5300_41.png
866,/data/shared/CataractData/semantic_segmentation/Annotations/Images-and-Supervisely-Annotations/case_5300/img/case5300_42.png,/data/shared/CataractData/semantic_segmentation/Annotations/Images-and-Supervisely-Annotations/case_5300/mask_anatomy_inst/case5300_42.png
867,/data/shared/CataractData/semantic_segmentation/Annotations/Images-and-Supervisely-Annotations/case_5300/img/case5300_43.png,/data/shared/CataractData/semantic_segmentation/Annotations/Images-and-Supervisely-Annotations/case_5300/mask_anatomy_inst/case5300_43.png
868,/data/shared/CataractData/semantic_segmentation/Annotations/Images-and-Supervisely-Annotations/case_5300/img/case5300_44.png,/data/shared/CataractData/semantic_segmentation/Annotations/Images-and-Supervisely-Annotations/case_5300/mask_anatomy_inst/case5300_44.png
869,/data/shared/CataractData/semantic_segmentation/Annotations/Images-and-Supervisely-Annotations/case_5300/img/case5300_45.png,/data/shared/CataractData/semantic_segmentation/Annotations/Images-and-Supervisely-Annotations/case_5300/mask_anatomy_inst/case5300_45.png
870,/data/shared/CataractData/semantic_segmentation/Annotations/Images-and-Supervisely-Annotations/case_5300/img/case5300_46.png,/data/shared/CataractData/semantic_segmentation/Annotations/Images-and-Supervisely-Annotations/case_5300/mask_anatomy_inst/case5300_46.png
871,/data/shared/CataractData/semantic_segmentation/Annotations/Images-and-Supervisely-Annotations/case_5300/img/case5300_47.png,/data/shared/CataractData/semantic_segmentation/Annotations/Images-and-Supervisely-Annotations/case_5300/mask_anatomy_inst/case5300_47.png
872,/data/shared/CataractData/semantic_segmentation/Annotations/Images-and-Supervisely-Annotations/case_5300/img/case5300_48.png,/data/shared/CataractData/semantic_segmentation/Annotations/Images-and-Supervisely-Annotations/case_5300/mask_anatomy_inst/case5300_48.png
873,/data/shared/CataractData/semantic_segmentation/Annotations/Images-and-Supervisely-Annotations/case_5300/img/case5300_49.png,/data/shared/CataractData/semantic_segmentation/Annotations/Images-and-Supervisely-Annotations/case_5300/mask_anatomy_inst/case5300_49.png
874,/data/shared/CataractData/semantic_segmentation/Annotations/Images-and-Supervisely-Annotations/case_5300/img/case5300_50.png,/data/shared/CataractData/semantic_segmentation/Annotations/Images-and-Supervisely-Annotations/case_5300/mask_anatomy_inst/case5300_50.png
875,/data/shared/CataractData/semantic_segmentation/Annotations/Images-and-Supervisely-Annotations/case_5300/img/case5300_51.png,/data/shared/CataractData/semantic_segmentation/Annotations/Images-and-Supervisely-Annotations/case_5300/mask_anatomy_inst/case5300_51.png
876,/data/shared/CataractData/semantic_segmentation/Annotations/Images-and-Supervisely-Annotations/case_5300/img/case5300_52.png,/data/shared/CataractData/semantic_segmentation/Annotations/Images-and-Supervisely-Annotations/case_5300/mask_anatomy_inst/case5300_52.png
877,/data/shared/CataractData/semantic_segmentation/Annotations/Images-and-Supervisely-Annotations/case_5300/img/case5300_53.png,/data/shared/CataractData/semantic_segmentation/Annotations/Images-and-Supervisely-Annotations/case_5300/mask_anatomy_inst/case5300_53.png
878,/data/shared/CataractData/semantic_segmentation/Annotations/Images-and-Supervisely-Annotations/case_5300/img/case5300_54.png,/data/shared/CataractData/semantic_segmentation/Annotations/Images-and-Supervisely-Annotations/case_5300/mask_anatomy_inst/case5300_54.png
879,/data/shared/CataractData/semantic_segmentation/Annotations/Images-and-Supervisely-Annotations/case_5300/img/case5300_55.png,/data/shared/CataractData/semantic_segmentation/Annotations/Images-and-Supervisely-Annotations/case_5300/mask_anatomy_inst/case5300_55.png
880,/data/shared/CataractData/semantic_segmentation/Annotations/Images-and-Supervisely-Annotations/case_5300/img/case5300_56.png,/data/shared/CataractData/semantic_segmentation/Annotations/Images-and-Supervisely-Annotations/case_5300/mask_anatomy_inst/case5300_56.png
881,/data/shared/CataractData/semantic_segmentation/Annotations/Images-and-Supervisely-Annotations/case_5300/img/case5300_57.png,/data/shared/CataractData/semantic_segmentation/Annotations/Images-and-Supervisely-Annotations/case_5300/mask_anatomy_inst/case5300_57.png
882,/data/shared/CataractData/semantic_segmentation/Annotations/Images-and-Supervisely-Annotations/case_5300/img/case5300_58.png,/data/shared/CataractData/semantic_segmentation/Annotations/Images-and-Supervisely-Annotations/case_5300/mask_anatomy_inst/case5300_58.png
883,/data/shared/CataractData/semantic_segmentation/Annotations/Images-and-Supervisely-Annotations/case_5300/img/case5300_59.png,/data/shared/CataractData/semantic_segmentation/Annotations/Images-and-Supervisely-Annotations/case_5300/mask_anatomy_inst/case5300_59.png
884,/data/shared/CataractData/semantic_segmentation/Annotations/Images-and-Supervisely-Annotations/case_5300/img/case5300_60.png,/data/shared/CataractData/semantic_segmentation/Annotations/Images-and-Supervisely-Annotations/case_5300/mask_anatomy_inst/case5300_60.png
885,/data/shared/CataractData/semantic_segmentation/Annotations/Images-and-Supervisely-Annotations/case_5300/img/case5300_61.png,/data/shared/CataractData/semantic_segmentation/Annotations/Images-and-Supervisely-Annotations/case_5300/mask_anatomy_inst/case5300_61.png
886,/data/shared/CataractData/semantic_segmentation/Annotations/Images-and-Supervisely-Annotations/case_5300/img/case5300_62.png,/data/shared/CataractData/semantic_segmentation/Annotations/Images-and-Supervisely-Annotations/case_5300/mask_anatomy_inst/case5300_62.png
887,/data/shared/CataractData/semantic_segmentation/Annotations/Images-and-Supervisely-Annotations/case_5301/img/case5301_01.png,/data/shared/CataractData/semantic_segmentation/Annotations/Images-and-Supervisely-Annotations/case_5301/mask_anatomy_inst/case5301_01.png
888,/data/shared/CataractData/semantic_segmentation/Annotations/Images-and-Supervisely-Annotations/case_5301/img/case5301_02.png,/data/shared/CataractData/semantic_segmentation/Annotations/Images-and-Supervisely-Annotations/case_5301/mask_anatomy_inst/case5301_02.png
889,/data/shared/CataractData/semantic_segmentation/Annotations/Images-and-Supervisely-Annotations/case_5301/img/case5301_03.png,/data/shared/CataractData/semantic_segmentation/Annotations/Images-and-Supervisely-Annotations/case_5301/mask_anatomy_inst/case5301_03.png
890,/data/shared/CataractData/semantic_segmentation/Annotations/Images-and-Supervisely-Annotations/case_5301/img/case5301_04.png,/data/shared/CataractData/semantic_segmentation/Annotations/Images-and-Supervisely-Annotations/case_5301/mask_anatomy_inst/case5301_04.png
891,/data/shared/CataractData/semantic_segmentation/Annotations/Images-and-Supervisely-Annotations/case_5301/img/case5301_05.png,/data/shared/CataractData/semantic_segmentation/Annotations/Images-and-Supervisely-Annotations/case_5301/mask_anatomy_inst/case5301_05.png
892,/data/shared/CataractData/semantic_segmentation/Annotations/Images-and-Supervisely-Annotations/case_5301/img/case5301_06.png,/data/shared/CataractData/semantic_segmentation/Annotations/Images-and-Supervisely-Annotations/case_5301/mask_anatomy_inst/case5301_06.png
893,/data/shared/CataractData/semantic_segmentation/Annotations/Images-and-Supervisely-Annotations/case_5301/img/case5301_07.png,/data/shared/CataractData/semantic_segmentation/Annotations/Images-and-Supervisely-Annotations/case_5301/mask_anatomy_inst/case5301_07.png
894,/data/shared/CataractData/semantic_segmentation/Annotations/Images-and-Supervisely-Annotations/case_5301/img/case5301_08.png,/data/shared/CataractData/semantic_segmentation/Annotations/Images-and-Supervisely-Annotations/case_5301/mask_anatomy_inst/case5301_08.png
895,/data/shared/CataractData/semantic_segmentation/Annotations/Images-and-Supervisely-Annotations/case_5301/img/case5301_09.png,/data/shared/CataractData/semantic_segmentation/Annotations/Images-and-Supervisely-Annotations/case_5301/mask_anatomy_inst/case5301_09.png
896,/data/shared/CataractData/semantic_segmentation/Annotations/Images-and-Supervisely-Annotations/case_5301/img/case5301_10.png,/data/shared/CataractData/semantic_segmentation/Annotations/Images-and-Supervisely-Annotations/case_5301/mask_anatomy_inst/case5301_10.png
897,/data/shared/CataractData/semantic_segmentation/Annotations/Images-and-Supervisely-Annotations/case_5301/img/case5301_11.png,/data/shared/CataractData/semantic_segmentation/Annotations/Images-and-Supervisely-Annotations/case_5301/mask_anatomy_inst/case5301_11.png
898,/data/shared/CataractData/semantic_segmentation/Annotations/Images-and-Supervisely-Annotations/case_5301/img/case5301_12.png,/data/shared/CataractData/semantic_segmentation/Annotations/Images-and-Supervisely-Annotations/case_5301/mask_anatomy_inst/case5301_12.png
899,/data/shared/CataractData/semantic_segmentation/Annotations/Images-and-Supervisely-Annotations/case_5301/img/case5301_13.png,/data/shared/CataractData/semantic_segmentation/Annotations/Images-and-Supervisely-Annotations/case_5301/mask_anatomy_inst/case5301_13.png
900,/data/shared/CataractData/semantic_segmentation/Annotations/Images-and-Supervisely-Annotations/case_5301/img/case5301_14.png,/data/shared/CataractData/semantic_segmentation/Annotations/Images-and-Supervisely-Annotations/case_5301/mask_anatomy_inst/case5301_14.png
901,/data/shared/CataractData/semantic_segmentation/Annotations/Images-and-Supervisely-Annotations/case_5301/img/case5301_15.png,/data/shared/CataractData/semantic_segmentation/Annotations/Images-and-Supervisely-Annotations/case_5301/mask_anatomy_inst/case5301_15.png
902,/data/shared/CataractData/semantic_segmentation/Annotations/Images-and-Supervisely-Annotations/case_5301/img/case5301_16.png,/data/shared/CataractData/semantic_segmentation/Annotations/Images-and-Supervisely-Annotations/case_5301/mask_anatomy_inst/case5301_16.png
903,/data/shared/CataractData/semantic_segmentation/Annotations/Images-and-Supervisely-Annotations/case_5301/img/case5301_17.png,/data/shared/CataractData/semantic_segmentation/Annotations/Images-and-Supervisely-Annotations/case_5301/mask_anatomy_inst/case5301_17.png
904,/data/shared/CataractData/semantic_segmentation/Annotations/Images-and-Supervisely-Annotations/case_5301/img/case5301_18.png,/data/shared/CataractData/semantic_segmentation/Annotations/Images-and-Supervisely-Annotations/case_5301/mask_anatomy_inst/case5301_18.png
905,/data/shared/CataractData/semantic_segmentation/Annotations/Images-and-Supervisely-Annotations/case_5301/img/case5301_19.png,/data/shared/CataractData/semantic_segmentation/Annotations/Images-and-Supervisely-Annotations/case_5301/mask_anatomy_inst/case5301_19.png
906,/data/shared/CataractData/semantic_segmentation/Annotations/Images-and-Supervisely-Annotations/case_5301/img/case5301_20.png,/data/shared/CataractData/semantic_segmentation/Annotations/Images-and-Supervisely-Annotations/case_5301/mask_anatomy_inst/case5301_20.png
907,/data/shared/CataractData/semantic_segmentation/Annotations/Images-and-Supervisely-Annotations/case_5301/img/case5301_21.png,/data/shared/CataractData/semantic_segmentation/Annotations/Images-and-Supervisely-Annotations/case_5301/mask_anatomy_inst/case5301_21.png
908,/data/shared/CataractData/semantic_segmentation/Annotations/Images-and-Supervisely-Annotations/case_5301/img/case5301_22.png,/data/shared/CataractData/semantic_segmentation/Annotations/Images-and-Supervisely-Annotations/case_5301/mask_anatomy_inst/case5301_22.png
909,/data/shared/CataractData/semantic_segmentation/Annotations/Images-and-Supervisely-Annotations/case_5301/img/case5301_23.png,/data/shared/CataractData/semantic_segmentation/Annotations/Images-and-Supervisely-Annotations/case_5301/mask_anatomy_inst/case5301_23.png
910,/data/shared/CataractData/semantic_segmentation/Annotations/Images-and-Supervisely-Annotations/case_5301/img/case5301_24.png,/data/shared/CataractData/semantic_segmentation/Annotations/Images-and-Supervisely-Annotations/case_5301/mask_anatomy_inst/case5301_24.png
911,/data/shared/CataractData/semantic_segmentation/Annotations/Images-and-Supervisely-Annotations/case_5301/img/case5301_25.png,/data/shared/CataractData/semantic_segmentation/Annotations/Images-and-Supervisely-Annotations/case_5301/mask_anatomy_inst/case5301_25.png
912,/data/shared/CataractData/semantic_segmentation/Annotations/Images-and-Supervisely-Annotations/case_5301/img/case5301_26.png,/data/shared/CataractData/semantic_segmentation/Annotations/Images-and-Supervisely-Annotations/case_5301/mask_anatomy_inst/case5301_26.png
913,/data/shared/CataractData/semantic_segmentation/Annotations/Images-and-Supervisely-Annotations/case_5301/img/case5301_27.png,/data/shared/CataractData/semantic_segmentation/Annotations/Images-and-Supervisely-Annotations/case_5301/mask_anatomy_inst/case5301_27.png
914,/data/shared/CataractData/semantic_segmentation/Annotations/Images-and-Supervisely-Annotations/case_5301/img/case5301_28.png,/data/shared/CataractData/semantic_segmentation/Annotations/Images-and-Supervisely-Annotations/case_5301/mask_anatomy_inst/case5301_28.png
915,/data/shared/CataractData/semantic_segmentation/Annotations/Images-and-Supervisely-Annotations/case_5301/img/case5301_29.png,/data/shared/CataractData/semantic_segmentation/Annotations/Images-and-Supervisely-Annotations/case_5301/mask_anatomy_inst/case5301_29.png
916,/data/shared/CataractData/semantic_segmentation/Annotations/Images-and-Supervisely-Annotations/case_5301/img/case5301_30.png,/data/shared/CataractData/semantic_segmentation/Annotations/Images-and-Supervisely-Annotations/case_5301/mask_anatomy_inst/case5301_30.png
917,/data/shared/CataractData/semantic_segmentation/Annotations/Images-and-Supervisely-Annotations/case_5301/img/case5301_31.png,/data/shared/CataractData/semantic_segmentation/Annotations/Images-and-Supervisely-Annotations/case_5301/mask_anatomy_inst/case5301_31.png
918,/data/shared/CataractData/semantic_segmentation/Annotations/Images-and-Supervisely-Annotations/case_5301/img/case5301_32.png,/data/shared/CataractData/semantic_segmentation/Annotations/Images-and-Supervisely-Annotations/case_5301/mask_anatomy_inst/case5301_32.png
919,/data/shared/CataractData/semantic_segmentation/Annotations/Images-and-Supervisely-Annotations/case_5301/img/case5301_33.png,/data/shared/CataractData/semantic_segmentation/Annotations/Images-and-Supervisely-Annotations/case_5301/mask_anatomy_inst/case5301_33.png
920,/data/shared/CataractData/semantic_segmentation/Annotations/Images-and-Supervisely-Annotations/case_5301/img/case5301_34.png,/data/shared/CataractData/semantic_segmentation/Annotations/Images-and-Supervisely-Annotations/case_5301/mask_anatomy_inst/case5301_34.png
921,/data/shared/CataractData/semantic_segmentation/Annotations/Images-and-Supervisely-Annotations/case_5301/img/case5301_35.png,/data/shared/CataractData/semantic_segmentation/Annotations/Images-and-Supervisely-Annotations/case_5301/mask_anatomy_inst/case5301_35.png
922,/data/shared/CataractData/semantic_segmentation/Annotations/Images-and-Supervisely-Annotations/case_5301/img/case5301_36.png,/data/shared/CataractData/semantic_segmentation/Annotations/Images-and-Supervisely-Annotations/case_5301/mask_anatomy_inst/case5301_36.png
923,/data/shared/CataractData/semantic_segmentation/Annotations/Images-and-Supervisely-Annotations/case_5301/img/case5301_37.png,/data/shared/CataractData/semantic_segmentation/Annotations/Images-and-Supervisely-Annotations/case_5301/mask_anatomy_inst/case5301_37.png
924,/data/shared/CataractData/semantic_segmentation/Annotations/Images-and-Supervisely-Annotations/case_5301/img/case5301_38.png,/data/shared/CataractData/semantic_segmentation/Annotations/Images-and-Supervisely-Annotations/case_5301/mask_anatomy_inst/case5301_38.png
925,/data/shared/CataractData/semantic_segmentation/Annotations/Images-and-Supervisely-Annotations/case_5301/img/case5301_39.png,/data/shared/CataractData/semantic_segmentation/Annotations/Images-and-Supervisely-Annotations/case_5301/mask_anatomy_inst/case5301_39.png
926,/data/shared/CataractData/semantic_segmentation/Annotations/Images-and-Supervisely-Annotations/case_5301/img/case5301_40.png,/data/shared/CataractData/semantic_segmentation/Annotations/Images-and-Supervisely-Annotations/case_5301/mask_anatomy_inst/case5301_40.png
927,/data/shared/CataractData/semantic_segmentation/Annotations/Images-and-Supervisely-Annotations/case_5301/img/case5301_41.png,/data/shared/CataractData/semantic_segmentation/Annotations/Images-and-Supervisely-Annotations/case_5301/mask_anatomy_inst/case5301_41.png
928,/data/shared/CataractData/semantic_segmentation/Annotations/Images-and-Supervisely-Annotations/case_5301/img/case5301_42.png,/data/shared/CataractData/semantic_segmentation/Annotations/Images-and-Supervisely-Annotations/case_5301/mask_anatomy_inst/case5301_42.png
929,/data/shared/CataractData/semantic_segmentation/Annotations/Images-and-Supervisely-Annotations/case_5301/img/case5301_43.png,/data/shared/CataractData/semantic_segmentation/Annotations/Images-and-Supervisely-Annotations/case_5301/mask_anatomy_inst/case5301_43.png
930,/data/shared/CataractData/semantic_segmentation/Annotations/Images-and-Supervisely-Annotations/case_5301/img/case5301_44.png,/data/shared/CataractData/semantic_segmentation/Annotations/Images-and-Supervisely-Annotations/case_5301/mask_anatomy_inst/case5301_44.png
931,/data/shared/CataractData/semantic_segmentation/Annotations/Images-and-Supervisely-Annotations/case_5301/img/case5301_45.png,/data/shared/CataractData/semantic_segmentation/Annotations/Images-and-Supervisely-Annotations/case_5301/mask_anatomy_inst/case5301_45.png
932,/data/shared/CataractData/semantic_segmentation/Annotations/Images-and-Supervisely-Annotations/case_5301/img/case5301_46.png,/data/shared/CataractData/semantic_segmentation/Annotations/Images-and-Supervisely-Annotations/case_5301/mask_anatomy_inst/case5301_46.png
933,/data/shared/CataractData/semantic_segmentation/Annotations/Images-and-Supervisely-Annotations/case_5301/img/case5301_47.png,/data/shared/CataractData/semantic_segmentation/Annotations/Images-and-Supervisely-Annotations/case_5301/mask_anatomy_inst/case5301_47.png
934,/data/shared/CataractData/semantic_segmentation/Annotations/Images-and-Supervisely-Annotations/case_5301/img/case5301_48.png,/data/shared/CataractData/semantic_segmentation/Annotations/Images-and-Supervisely-Annotations/case_5301/mask_anatomy_inst/case5301_48.png
935,/data/shared/CataractData/semantic_segmentation/Annotations/Images-and-Supervisely-Annotations/case_5301/img/case5301_49.png,/data/shared/CataractData/semantic_segmentation/Annotations/Images-and-Supervisely-Annotations/case_5301/mask_anatomy_inst/case5301_49.png
936,/data/shared/CataractData/semantic_segmentation/Annotations/Images-and-Supervisely-Annotations/case_5301/img/case5301_50.png,/data/shared/CataractData/semantic_segmentation/Annotations/Images-and-Supervisely-Annotations/case_5301/mask_anatomy_inst/case5301_50.png
937,/data/shared/CataractData/semantic_segmentation/Annotations/Images-and-Supervisely-Annotations/case_5301/img/case5301_51.png,/data/shared/CataractData/semantic_segmentation/Annotations/Images-and-Supervisely-Annotations/case_5301/mask_anatomy_inst/case5301_51.png
938,/data/shared/CataractData/semantic_segmentation/Annotations/Images-and-Supervisely-Annotations/case_5301/img/case5301_52.png,/data/shared/CataractData/semantic_segmentation/Annotations/Images-and-Supervisely-Annotations/case_5301/mask_anatomy_inst/case5301_52.png
939,/data/shared/CataractData/semantic_segmentation/Annotations/Images-and-Supervisely-Annotations/case_5301/img/case5301_53.png,/data/shared/CataractData/semantic_segmentation/Annotations/Images-and-Supervisely-Annotations/case_5301/mask_anatomy_inst/case5301_53.png
940,/data/shared/CataractData/semantic_segmentation/Annotations/Images-and-Supervisely-Annotations/case_5301/img/case5301_54.png,/data/shared/CataractData/semantic_segmentation/Annotations/Images-and-Supervisely-Annotations/case_5301/mask_anatomy_inst/case5301_54.png
941,/data/shared/CataractData/semantic_segmentation/Annotations/Images-and-Supervisely-Annotations/case_5303/img/case5303_01.png,/data/shared/CataractData/semantic_segmentation/Annotations/Images-and-Supervisely-Annotations/case_5303/mask_anatomy_inst/case5303_01.png
942,/data/shared/CataractData/semantic_segmentation/Annotations/Images-and-Supervisely-Annotations/case_5303/img/case5303_02.png,/data/shared/CataractData/semantic_segmentation/Annotations/Images-and-Supervisely-Annotations/case_5303/mask_anatomy_inst/case5303_02.png
943,/data/shared/CataractData/semantic_segmentation/Annotations/Images-and-Supervisely-Annotations/case_5303/img/case5303_03.png,/data/shared/CataractData/semantic_segmentation/Annotations/Images-and-Supervisely-Annotations/case_5303/mask_anatomy_inst/case5303_03.png
944,/data/shared/CataractData/semantic_segmentation/Annotations/Images-and-Supervisely-Annotations/case_5303/img/case5303_04.png,/data/shared/CataractData/semantic_segmentation/Annotations/Images-and-Supervisely-Annotations/case_5303/mask_anatomy_inst/case5303_04.png
945,/data/shared/CataractData/semantic_segmentation/Annotations/Images-and-Supervisely-Annotations/case_5303/img/case5303_05.png,/data/shared/CataractData/semantic_segmentation/Annotations/Images-and-Supervisely-Annotations/case_5303/mask_anatomy_inst/case5303_05.png
946,/data/shared/CataractData/semantic_segmentation/Annotations/Images-and-Supervisely-Annotations/case_5303/img/case5303_06.png,/data/shared/CataractData/semantic_segmentation/Annotations/Images-and-Supervisely-Annotations/case_5303/mask_anatomy_inst/case5303_06.png
947,/data/shared/CataractData/semantic_segmentation/Annotations/Images-and-Supervisely-Annotations/case_5303/img/case5303_07.png,/data/shared/CataractData/semantic_segmentation/Annotations/Images-and-Supervisely-Annotations/case_5303/mask_anatomy_inst/case5303_07.png
948,/data/shared/CataractData/semantic_segmentation/Annotations/Images-and-Supervisely-Annotations/case_5303/img/case5303_08.png,/data/shared/CataractData/semantic_segmentation/Annotations/Images-and-Supervisely-Annotations/case_5303/mask_anatomy_inst/case5303_08.png
949,/data/shared/CataractData/semantic_segmentation/Annotations/Images-and-Supervisely-Annotations/case_5303/img/case5303_09.png,/data/shared/CataractData/semantic_segmentation/Annotations/Images-and-Supervisely-Annotations/case_5303/mask_anatomy_inst/case5303_09.png
950,/data/shared/CataractData/semantic_segmentation/Annotations/Images-and-Supervisely-Annotations/case_5303/img/case5303_10.png,/data/shared/CataractData/semantic_segmentation/Annotations/Images-and-Supervisely-Annotations/case_5303/mask_anatomy_inst/case5303_10.png
951,/data/shared/CataractData/semantic_segmentation/Annotations/Images-and-Supervisely-Annotations/case_5303/img/case5303_11.png,/data/shared/CataractData/semantic_segmentation/Annotations/Images-and-Supervisely-Annotations/case_5303/mask_anatomy_inst/case5303_11.png
952,/data/shared/CataractData/semantic_segmentation/Annotations/Images-and-Supervisely-Annotations/case_5303/img/case5303_12.png,/data/shared/CataractData/semantic_segmentation/Annotations/Images-and-Supervisely-Annotations/case_5303/mask_anatomy_inst/case5303_12.png
953,/data/shared/CataractData/semantic_segmentation/Annotations/Images-and-Supervisely-Annotations/case_5303/img/case5303_13.png,/data/shared/CataractData/semantic_segmentation/Annotations/Images-and-Supervisely-Annotations/case_5303/mask_anatomy_inst/case5303_13.png
954,/data/shared/CataractData/semantic_segmentation/Annotations/Images-and-Supervisely-Annotations/case_5303/img/case5303_14.png,/data/shared/CataractData/semantic_segmentation/Annotations/Images-and-Supervisely-Annotations/case_5303/mask_anatomy_inst/case5303_14.png
955,/data/shared/CataractData/semantic_segmentation/Annotations/Images-and-Supervisely-Annotations/case_5303/img/case5303_15.png,/data/shared/CataractData/semantic_segmentation/Annotations/Images-and-Supervisely-Annotations/case_5303/mask_anatomy_inst/case5303_15.png
956,/data/shared/CataractData/semantic_segmentation/Annotations/Images-and-Supervisely-Annotations/case_5303/img/case5303_16.png,/data/shared/CataractData/semantic_segmentation/Annotations/Images-and-Supervisely-Annotations/case_5303/mask_anatomy_inst/case5303_16.png
957,/data/shared/CataractData/semantic_segmentation/Annotations/Images-and-Supervisely-Annotations/case_5303/img/case5303_17.png,/data/shared/CataractData/semantic_segmentation/Annotations/Images-and-Supervisely-Annotations/case_5303/mask_anatomy_inst/case5303_17.png
958,/data/shared/CataractData/semantic_segmentation/Annotations/Images-and-Supervisely-Annotations/case_5303/img/case5303_18.png,/data/shared/CataractData/semantic_segmentation/Annotations/Images-and-Supervisely-Annotations/case_5303/mask_anatomy_inst/case5303_18.png
959,/data/shared/CataractData/semantic_segmentation/Annotations/Images-and-Supervisely-Annotations/case_5303/img/case5303_19.png,/data/shared/CataractData/semantic_segmentation/Annotations/Images-and-Supervisely-Annotations/case_5303/mask_anatomy_inst/case5303_19.png
960,/data/shared/CataractData/semantic_segmentation/Annotations/Images-and-Supervisely-Annotations/case_5303/img/case5303_20.png,/data/shared/CataractData/semantic_segmentation/Annotations/Images-and-Supervisely-Annotations/case_5303/mask_anatomy_inst/case5303_20.png
961,/data/shared/CataractData/semantic_segmentation/Annotations/Images-and-Supervisely-Annotations/case_5303/img/case5303_21.png,/data/shared/CataractData/semantic_segmentation/Annotations/Images-and-Supervisely-Annotations/case_5303/mask_anatomy_inst/case5303_21.png
962,/data/shared/CataractData/semantic_segmentation/Annotations/Images-and-Supervisely-Annotations/case_5303/img/case5303_22.png,/data/shared/CataractData/semantic_segmentation/Annotations/Images-and-Supervisely-Annotations/case_5303/mask_anatomy_inst/case5303_22.png
963,/data/shared/CataractData/semantic_segmentation/Annotations/Images-and-Supervisely-Annotations/case_5303/img/case5303_23.png,/data/shared/CataractData/semantic_segmentation/Annotations/Images-and-Supervisely-Annotations/case_5303/mask_anatomy_inst/case5303_23.png
964,/data/shared/CataractData/semantic_segmentation/Annotations/Images-and-Supervisely-Annotations/case_5303/img/case5303_24.png,/data/shared/CataractData/semantic_segmentation/Annotations/Images-and-Supervisely-Annotations/case_5303/mask_anatomy_inst/case5303_24.png
965,/data/shared/CataractData/semantic_segmentation/Annotations/Images-and-Supervisely-Annotations/case_5303/img/case5303_25.png,/data/shared/CataractData/semantic_segmentation/Annotations/Images-and-Supervisely-Annotations/case_5303/mask_anatomy_inst/case5303_25.png
966,/data/shared/CataractData/semantic_segmentation/Annotations/Images-and-Supervisely-Annotations/case_5303/img/case5303_26.png,/data/shared/CataractData/semantic_segmentation/Annotations/Images-and-Supervisely-Annotations/case_5303/mask_anatomy_inst/case5303_26.png
967,/data/shared/CataractData/semantic_segmentation/Annotations/Images-and-Supervisely-Annotations/case_5303/img/case5303_27.png,/data/shared/CataractData/semantic_segmentation/Annotations/Images-and-Supervisely-Annotations/case_5303/mask_anatomy_inst/case5303_27.png
968,/data/shared/CataractData/semantic_segmentation/Annotations/Images-and-Supervisely-Annotations/case_5303/img/case5303_28.png,/data/shared/CataractData/semantic_segmentation/Annotations/Images-and-Supervisely-Annotations/case_5303/mask_anatomy_inst/case5303_28.png
969,/data/shared/CataractData/semantic_segmentation/Annotations/Images-and-Supervisely-Annotations/case_5303/img/case5303_29.png,/data/shared/CataractData/semantic_segmentation/Annotations/Images-and-Supervisely-Annotations/case_5303/mask_anatomy_inst/case5303_29.png
970,/data/shared/CataractData/semantic_segmentation/Annotations/Images-and-Supervisely-Annotations/case_5303/img/case5303_30.png,/data/shared/CataractData/semantic_segmentation/Annotations/Images-and-Supervisely-Annotations/case_5303/mask_anatomy_inst/case5303_30.png
971,/data/shared/CataractData/semantic_segmentation/Annotations/Images-and-Supervisely-Annotations/case_5303/img/case5303_31.png,/data/shared/CataractData/semantic_segmentation/Annotations/Images-and-Supervisely-Annotations/case_5303/mask_anatomy_inst/case5303_31.png
972,/data/shared/CataractData/semantic_segmentation/Annotations/Images-and-Supervisely-Annotations/case_5303/img/case5303_32.png,/data/shared/CataractData/semantic_segmentation/Annotations/Images-and-Supervisely-Annotations/case_5303/mask_anatomy_inst/case5303_32.png
973,/data/shared/CataractData/semantic_segmentation/Annotations/Images-and-Supervisely-Annotations/case_5303/img/case5303_33.png,/data/shared/CataractData/semantic_segmentation/Annotations/Images-and-Supervisely-Annotations/case_5303/mask_anatomy_inst/case5303_33.png
974,/data/shared/CataractData/semantic_segmentation/Annotations/Images-and-Supervisely-Annotations/case_5303/img/case5303_34.png,/data/shared/CataractData/semantic_segmentation/Annotations/Images-and-Supervisely-Annotations/case_5303/mask_anatomy_inst/case5303_34.png
975,/data/shared/CataractData/semantic_segmentation/Annotations/Images-and-Supervisely-Annotations/case_5303/img/case5303_35.png,/data/shared/CataractData/semantic_segmentation/Annotations/Images-and-Supervisely-Annotations/case_5303/mask_anatomy_inst/case5303_35.png
976,/data/shared/CataractData/semantic_segmentation/Annotations/Images-and-Supervisely-Annotations/case_5303/img/case5303_36.png,/data/shared/CataractData/semantic_segmentation/Annotations/Images-and-Supervisely-Annotations/case_5303/mask_anatomy_inst/case5303_36.png
977,/data/shared/CataractData/semantic_segmentation/Annotations/Images-and-Supervisely-Annotations/case_5303/img/case5303_37.png,/data/shared/CataractData/semantic_segmentation/Annotations/Images-and-Supervisely-Annotations/case_5303/mask_anatomy_inst/case5303_37.png
978,/data/shared/CataractData/semantic_segmentation/Annotations/Images-and-Supervisely-Annotations/case_5303/img/case5303_38.png,/data/shared/CataractData/semantic_segmentation/Annotations/Images-and-Supervisely-Annotations/case_5303/mask_anatomy_inst/case5303_38.png
979,/data/shared/CataractData/semantic_segmentation/Annotations/Images-and-Supervisely-Annotations/case_5303/img/case5303_39.png,/data/shared/CataractData/semantic_segmentation/Annotations/Images-and-Supervisely-Annotations/case_5303/mask_anatomy_inst/case5303_39.png
980,/data/shared/CataractData/semantic_segmentation/Annotations/Images-and-Supervisely-Annotations/case_5303/img/case5303_40.png,/data/shared/CataractData/semantic_segmentation/Annotations/Images-and-Supervisely-Annotations/case_5303/mask_anatomy_inst/case5303_40.png
981,/data/shared/CataractData/semantic_segmentation/Annotations/Images-and-Supervisely-Annotations/case_5303/img/case5303_41.png,/data/shared/CataractData/semantic_segmentation/Annotations/Images-and-Supervisely-Annotations/case_5303/mask_anatomy_inst/case5303_41.png
982,/data/shared/CataractData/semantic_segmentation/Annotations/Images-and-Supervisely-Annotations/case_5303/img/case5303_42.png,/data/shared/CataractData/semantic_segmentation/Annotations/Images-and-Supervisely-Annotations/case_5303/mask_anatomy_inst/case5303_42.png
983,/data/shared/CataractData/semantic_segmentation/Annotations/Images-and-Supervisely-Annotations/case_5303/img/case5303_43.png,/data/shared/CataractData/semantic_segmentation/Annotations/Images-and-Supervisely-Annotations/case_5303/mask_anatomy_inst/case5303_43.png
984,/data/shared/CataractData/semantic_segmentation/Annotations/Images-and-Supervisely-Annotations/case_5303/img/case5303_44.png,/data/shared/CataractData/semantic_segmentation/Annotations/Images-and-Supervisely-Annotations/case_5303/mask_anatomy_inst/case5303_44.png
985,/data/shared/CataractData/semantic_segmentation/Annotations/Images-and-Supervisely-Annotations/case_5303/img/case5303_45.png,/data/shared/CataractData/semantic_segmentation/Annotations/Images-and-Supervisely-Annotations/case_5303/mask_anatomy_inst/case5303_45.png
986,/data/shared/CataractData/semantic_segmentation/Annotations/Images-and-Supervisely-Annotations/case_5303/img/case5303_46.png,/data/shared/CataractData/semantic_segmentation/Annotations/Images-and-Supervisely-Annotations/case_5303/mask_anatomy_inst/case5303_46.png
987,/data/shared/CataractData/semantic_segmentation/Annotations/Images-and-Supervisely-Annotations/case_5303/img/case5303_47.png,/data/shared/CataractData/semantic_segmentation/Annotations/Images-and-Supervisely-Annotations/case_5303/mask_anatomy_inst/case5303_47.png
988,/data/shared/CataractData/semantic_segmentation/Annotations/Images-and-Supervisely-Annotations/case_5303/img/case5303_48.png,/data/shared/CataractData/semantic_segmentation/Annotations/Images-and-Supervisely-Annotations/case_5303/mask_anatomy_inst/case5303_48.png
989,/data/shared/CataractData/semantic_segmentation/Annotations/Images-and-Supervisely-Annotations/case_5303/img/case5303_49.png,/data/shared/CataractData/semantic_segmentation/Annotations/Images-and-Supervisely-Annotations/case_5303/mask_anatomy_inst/case5303_49.png
990,/data/shared/CataractData/semantic_segmentation/Annotations/Images-and-Supervisely-Annotations/case_5303/img/case5303_50.png,/data/shared/CataractData/semantic_segmentation/Annotations/Images-and-Supervisely-Annotations/case_5303/mask_anatomy_inst/case5303_50.png
991,/data/shared/CataractData/semantic_segmentation/Annotations/Images-and-Supervisely-Annotations/case_5303/img/case5303_51.png,/data/shared/CataractData/semantic_segmentation/Annotations/Images-and-Supervisely-Annotations/case_5303/mask_anatomy_inst/case5303_51.png
992,/data/shared/CataractData/semantic_segmentation/Annotations/Images-and-Supervisely-Annotations/case_5303/img/case5303_52.png,/data/shared/CataractData/semantic_segmentation/Annotations/Images-and-Supervisely-Annotations/case_5303/mask_anatomy_inst/case5303_52.png
993,/data/shared/CataractData/semantic_segmentation/Annotations/Images-and-Supervisely-Annotations/case_5303/img/case5303_53.png,/data/shared/CataractData/semantic_segmentation/Annotations/Images-and-Supervisely-Annotations/case_5303/mask_anatomy_inst/case5303_53.png
994,/data/shared/CataractData/semantic_segmentation/Annotations/Images-and-Supervisely-Annotations/case_5303/img/case5303_54.png,/data/shared/CataractData/semantic_segmentation/Annotations/Images-and-Supervisely-Annotations/case_5303/mask_anatomy_inst/case5303_54.png
995,/data/shared/CataractData/semantic_segmentation/Annotations/Images-and-Supervisely-Annotations/case_5303/img/case5303_55.png,/data/shared/CataractData/semantic_segmentation/Annotations/Images-and-Supervisely-Annotations/case_5303/mask_anatomy_inst/case5303_55.png
996,/data/shared/CataractData/semantic_segmentation/Annotations/Images-and-Supervisely-Annotations/case_5304/img/case5304_01.png,/data/shared/CataractData/semantic_segmentation/Annotations/Images-and-Supervisely-Annotations/case_5304/mask_anatomy_inst/case5304_01.png
997,/data/shared/CataractData/semantic_segmentation/Annotations/Images-and-Supervisely-Annotations/case_5304/img/case5304_02.png,/data/shared/CataractData/semantic_segmentation/Annotations/Images-and-Supervisely-Annotations/case_5304/mask_anatomy_inst/case5304_02.png
998,/data/shared/CataractData/semantic_segmentation/Annotations/Images-and-Supervisely-Annotations/case_5304/img/case5304_03.png,/data/shared/CataractData/semantic_segmentation/Annotations/Images-and-Supervisely-Annotations/case_5304/mask_anatomy_inst/case5304_03.png
999,/data/shared/CataractData/semantic_segmentation/Annotations/Images-and-Supervisely-Annotations/case_5304/img/case5304_04.png,/data/shared/CataractData/semantic_segmentation/Annotations/Images-and-Supervisely-Annotations/case_5304/mask_anatomy_inst/case5304_04.png
1000,/data/shared/CataractData/semantic_segmentation/Annotations/Images-and-Supervisely-Annotations/case_5304/img/case5304_05.png,/data/shared/CataractData/semantic_segmentation/Annotations/Images-and-Supervisely-Annotations/case_5304/mask_anatomy_inst/case5304_05.png
1001,/data/shared/CataractData/semantic_segmentation/Annotations/Images-and-Supervisely-Annotations/case_5304/img/case5304_06.png,/data/shared/CataractData/semantic_segmentation/Annotations/Images-and-Supervisely-Annotations/case_5304/mask_anatomy_inst/case5304_06.png
1002,/data/shared/CataractData/semantic_segmentation/Annotations/Images-and-Supervisely-Annotations/case_5304/img/case5304_07.png,/data/shared/CataractData/semantic_segmentation/Annotations/Images-and-Supervisely-Annotations/case_5304/mask_anatomy_inst/case5304_07.png
1003,/data/shared/CataractData/semantic_segmentation/Annotations/Images-and-Supervisely-Annotations/case_5304/img/case5304_08.png,/data/shared/CataractData/semantic_segmentation/Annotations/Images-and-Supervisely-Annotations/case_5304/mask_anatomy_inst/case5304_08.png
1004,/data/shared/CataractData/semantic_segmentation/Annotations/Images-and-Supervisely-Annotations/case_5304/img/case5304_09.png,/data/shared/CataractData/semantic_segmentation/Annotations/Images-and-Supervisely-Annotations/case_5304/mask_anatomy_inst/case5304_09.png
1005,/data/shared/CataractData/semantic_segmentation/Annotations/Images-and-Supervisely-Annotations/case_5304/img/case5304_10.png,/data/shared/CataractData/semantic_segmentation/Annotations/Images-and-Supervisely-Annotations/case_5304/mask_anatomy_inst/case5304_10.png
1006,/data/shared/CataractData/semantic_segmentation/Annotations/Images-and-Supervisely-Annotations/case_5304/img/case5304_11.png,/data/shared/CataractData/semantic_segmentation/Annotations/Images-and-Supervisely-Annotations/case_5304/mask_anatomy_inst/case5304_11.png
1007,/data/shared/CataractData/semantic_segmentation/Annotations/Images-and-Supervisely-Annotations/case_5304/img/case5304_12.png,/data/shared/CataractData/semantic_segmentation/Annotations/Images-and-Supervisely-Annotations/case_5304/mask_anatomy_inst/case5304_12.png
1008,/data/shared/CataractData/semantic_segmentation/Annotations/Images-and-Supervisely-Annotations/case_5304/img/case5304_13.png,/data/shared/CataractData/semantic_segmentation/Annotations/Images-and-Supervisely-Annotations/case_5304/mask_anatomy_inst/case5304_13.png
1009,/data/shared/CataractData/semantic_segmentation/Annotations/Images-and-Supervisely-Annotations/case_5304/img/case5304_14.png,/data/shared/CataractData/semantic_segmentation/Annotations/Images-and-Supervisely-Annotations/case_5304/mask_anatomy_inst/case5304_14.png
1010,/data/shared/CataractData/semantic_segmentation/Annotations/Images-and-Supervisely-Annotations/case_5304/img/case5304_15.png,/data/shared/CataractData/semantic_segmentation/Annotations/Images-and-Supervisely-Annotations/case_5304/mask_anatomy_inst/case5304_15.png
1011,/data/shared/CataractData/semantic_segmentation/Annotations/Images-and-Supervisely-Annotations/case_5304/img/case5304_16.png,/data/shared/CataractData/semantic_segmentation/Annotations/Images-and-Supervisely-Annotations/case_5304/mask_anatomy_inst/case5304_16.png
1012,/data/shared/CataractData/semantic_segmentation/Annotations/Images-and-Supervisely-Annotations/case_5304/img/case5304_17.png,/data/shared/CataractData/semantic_segmentation/Annotations/Images-and-Supervisely-Annotations/case_5304/mask_anatomy_inst/case5304_17.png
1013,/data/shared/CataractData/semantic_segmentation/Annotations/Images-and-Supervisely-Annotations/case_5304/img/case5304_18.png,/data/shared/CataractData/semantic_segmentation/Annotations/Images-and-Supervisely-Annotations/case_5304/mask_anatomy_inst/case5304_18.png
1014,/data/shared/CataractData/semantic_segmentation/Annotations/Images-and-Supervisely-Annotations/case_5304/img/case5304_19.png,/data/shared/CataractData/semantic_segmentation/Annotations/Images-and-Supervisely-Annotations/case_5304/mask_anatomy_inst/case5304_19.png
1015,/data/shared/CataractData/semantic_segmentation/Annotations/Images-and-Supervisely-Annotations/case_5304/img/case5304_20.png,/data/shared/CataractData/semantic_segmentation/Annotations/Images-and-Supervisely-Annotations/case_5304/mask_anatomy_inst/case5304_20.png
1016,/data/shared/CataractData/semantic_segmentation/Annotations/Images-and-Supervisely-Annotations/case_5304/img/case5304_21.png,/data/shared/CataractData/semantic_segmentation/Annotations/Images-and-Supervisely-Annotations/case_5304/mask_anatomy_inst/case5304_21.png
1017,/data/shared/CataractData/semantic_segmentation/Annotations/Images-and-Supervisely-Annotations/case_5304/img/case5304_22.png,/data/shared/CataractData/semantic_segmentation/Annotations/Images-and-Supervisely-Annotations/case_5304/mask_anatomy_inst/case5304_22.png
1018,/data/shared/CataractData/semantic_segmentation/Annotations/Images-and-Supervisely-Annotations/case_5304/img/case5304_23.png,/data/shared/CataractData/semantic_segmentation/Annotations/Images-and-Supervisely-Annotations/case_5304/mask_anatomy_inst/case5304_23.png
1019,/data/shared/CataractData/semantic_segmentation/Annotations/Images-and-Supervisely-Annotations/case_5304/img/case5304_24.png,/data/shared/CataractData/semantic_segmentation/Annotations/Images-and-Supervisely-Annotations/case_5304/mask_anatomy_inst/case5304_24.png
1020,/data/shared/CataractData/semantic_segmentation/Annotations/Images-and-Supervisely-Annotations/case_5304/img/case5304_25.png,/data/shared/CataractData/semantic_segmentation/Annotations/Images-and-Supervisely-Annotations/case_5304/mask_anatomy_inst/case5304_25.png
1021,/data/shared/CataractData/semantic_segmentation/Annotations/Images-and-Supervisely-Annotations/case_5304/img/case5304_26.png,/data/shared/CataractData/semantic_segmentation/Annotations/Images-and-Supervisely-Annotations/case_5304/mask_anatomy_inst/case5304_26.png
1022,/data/shared/CataractData/semantic_segmentation/Annotations/Images-and-Supervisely-Annotations/case_5304/img/case5304_27.png,/data/shared/CataractData/semantic_segmentation/Annotations/Images-and-Supervisely-Annotations/case_5304/mask_anatomy_inst/case5304_27.png
1023,/data/shared/CataractData/semantic_segmentation/Annotations/Images-and-Supervisely-Annotations/case_5304/img/case5304_28.png,/data/shared/CataractData/semantic_segmentation/Annotations/Images-and-Supervisely-Annotations/case_5304/mask_anatomy_inst/case5304_28.png
1024,/data/shared/CataractData/semantic_segmentation/Annotations/Images-and-Supervisely-Annotations/case_5304/img/case5304_29.png,/data/shared/CataractData/semantic_segmentation/Annotations/Images-and-Supervisely-Annotations/case_5304/mask_anatomy_inst/case5304_29.png
1025,/data/shared/CataractData/semantic_segmentation/Annotations/Images-and-Supervisely-Annotations/case_5304/img/case5304_30.png,/data/shared/CataractData/semantic_segmentation/Annotations/Images-and-Supervisely-Annotations/case_5304/mask_anatomy_inst/case5304_30.png
1026,/data/shared/CataractData/semantic_segmentation/Annotations/Images-and-Supervisely-Annotations/case_5304/img/case5304_31.png,/data/shared/CataractData/semantic_segmentation/Annotations/Images-and-Supervisely-Annotations/case_5304/mask_anatomy_inst/case5304_31.png
1027,/data/shared/CataractData/semantic_segmentation/Annotations/Images-and-Supervisely-Annotations/case_5304/img/case5304_32.png,/data/shared/CataractData/semantic_segmentation/Annotations/Images-and-Supervisely-Annotations/case_5304/mask_anatomy_inst/case5304_32.png
1028,/data/shared/CataractData/semantic_segmentation/Annotations/Images-and-Supervisely-Annotations/case_5304/img/case5304_33.png,/data/shared/CataractData/semantic_segmentation/Annotations/Images-and-Supervisely-Annotations/case_5304/mask_anatomy_inst/case5304_33.png
1029,/data/shared/CataractData/semantic_segmentation/Annotations/Images-and-Supervisely-Annotations/case_5304/img/case5304_34.png,/data/shared/CataractData/semantic_segmentation/Annotations/Images-and-Supervisely-Annotations/case_5304/mask_anatomy_inst/case5304_34.png
1030,/data/shared/CataractData/semantic_segmentation/Annotations/Images-and-Supervisely-Annotations/case_5304/img/case5304_35.png,/data/shared/CataractData/semantic_segmentation/Annotations/Images-and-Supervisely-Annotations/case_5304/mask_anatomy_inst/case5304_35.png
1031,/data/shared/CataractData/semantic_segmentation/Annotations/Images-and-Supervisely-Annotations/case_5304/img/case5304_36.png,/data/shared/CataractData/semantic_segmentation/Annotations/Images-and-Supervisely-Annotations/case_5304/mask_anatomy_inst/case5304_36.png
1032,/data/shared/CataractData/semantic_segmentation/Annotations/Images-and-Supervisely-Annotations/case_5304/img/case5304_37.png,/data/shared/CataractData/semantic_segmentation/Annotations/Images-and-Supervisely-Annotations/case_5304/mask_anatomy_inst/case5304_37.png
1033,/data/shared/CataractData/semantic_segmentation/Annotations/Images-and-Supervisely-Annotations/case_5304/img/case5304_38.png,/data/shared/CataractData/semantic_segmentation/Annotations/Images-and-Supervisely-Annotations/case_5304/mask_anatomy_inst/case5304_38.png
1034,/data/shared/CataractData/semantic_segmentation/Annotations/Images-and-Supervisely-Annotations/case_5304/img/case5304_39.png,/data/shared/CataractData/semantic_segmentation/Annotations/Images-and-Supervisely-Annotations/case_5304/mask_anatomy_inst/case5304_39.png
1035,/data/shared/CataractData/semantic_segmentation/Annotations/Images-and-Supervisely-Annotations/case_5304/img/case5304_40.png,/data/shared/CataractData/semantic_segmentation/Annotations/Images-and-Supervisely-Annotations/case_5304/mask_anatomy_inst/case5304_40.png
1036,/data/shared/CataractData/semantic_segmentation/Annotations/Images-and-Supervisely-Annotations/case_5304/img/case5304_41.png,/data/shared/CataractData/semantic_segmentation/Annotations/Images-and-Supervisely-Annotations/case_5304/mask_anatomy_inst/case5304_41.png
1037,/data/shared/CataractData/semantic_segmentation/Annotations/Images-and-Supervisely-Annotations/case_5304/img/case5304_42.png,/data/shared/CataractData/semantic_segmentation/Annotations/Images-and-Supervisely-Annotations/case_5304/mask_anatomy_inst/case5304_42.png
1038,/data/shared/CataractData/semantic_segmentation/Annotations/Images-and-Supervisely-Annotations/case_5304/img/case5304_43.png,/data/shared/CataractData/semantic_segmentation/Annotations/Images-and-Supervisely-Annotations/case_5304/mask_anatomy_inst/case5304_43.png
1039,/data/shared/CataractData/semantic_segmentation/Annotations/Images-and-Supervisely-Annotations/case_5304/img/case5304_44.png,/data/shared/CataractData/semantic_segmentation/Annotations/Images-and-Supervisely-Annotations/case_5304/mask_anatomy_inst/case5304_44.png
1040,/data/shared/CataractData/semantic_segmentation/Annotations/Images-and-Supervisely-Annotations/case_5304/img/case5304_45.png,/data/shared/CataractData/semantic_segmentation/Annotations/Images-and-Supervisely-Annotations/case_5304/mask_anatomy_inst/case5304_45.png
1041,/data/shared/CataractData/semantic_segmentation/Annotations/Images-and-Supervisely-Annotations/case_5304/img/case5304_46.png,/data/shared/CataractData/semantic_segmentation/Annotations/Images-and-Supervisely-Annotations/case_5304/mask_anatomy_inst/case5304_46.png
1042,/data/shared/CataractData/semantic_segmentation/Annotations/Images-and-Supervisely-Annotations/case_5304/img/case5304_47.png,/data/shared/CataractData/semantic_segmentation/Annotations/Images-and-Supervisely-Annotations/case_5304/mask_anatomy_inst/case5304_47.png
1043,/data/shared/CataractData/semantic_segmentation/Annotations/Images-and-Supervisely-Annotations/case_5304/img/case5304_48.png,/data/shared/CataractData/semantic_segmentation/Annotations/Images-and-Supervisely-Annotations/case_5304/mask_anatomy_inst/case5304_48.png
1044,/data/shared/CataractData/semantic_segmentation/Annotations/Images-and-Supervisely-Annotations/case_5304/img/case5304_49.png,/data/shared/CataractData/semantic_segmentation/Annotations/Images-and-Supervisely-Annotations/case_5304/mask_anatomy_inst/case5304_49.png
1045,/data/shared/CataractData/semantic_segmentation/Annotations/Images-and-Supervisely-Annotations/case_5304/img/case5304_50.png,/data/shared/CataractData/semantic_segmentation/Annotations/Images-and-Supervisely-Annotations/case_5304/mask_anatomy_inst/case5304_50.png
1046,/data/shared/CataractData/semantic_segmentation/Annotations/Images-and-Supervisely-Annotations/case_5304/img/case5304_51.png,/data/shared/CataractData/semantic_segmentation/Annotations/Images-and-Supervisely-Annotations/case_5304/mask_anatomy_inst/case5304_51.png
1047,/data/shared/CataractData/semantic_segmentation/Annotations/Images-and-Supervisely-Annotations/case_5304/img/case5304_52.png,/data/shared/CataractData/semantic_segmentation/Annotations/Images-and-Supervisely-Annotations/case_5304/mask_anatomy_inst/case5304_52.png
1048,/data/shared/CataractData/semantic_segmentation/Annotations/Images-and-Supervisely-Annotations/case_5304/img/case5304_53.png,/data/shared/CataractData/semantic_segmentation/Annotations/Images-and-Supervisely-Annotations/case_5304/mask_anatomy_inst/case5304_53.png
1049,/data/shared/CataractData/semantic_segmentation/Annotations/Images-and-Supervisely-Annotations/case_5305/img/case5305_01.png,/data/shared/CataractData/semantic_segmentation/Annotations/Images-and-Supervisely-Annotations/case_5305/mask_anatomy_inst/case5305_01.png
1050,/data/shared/CataractData/semantic_segmentation/Annotations/Images-and-Supervisely-Annotations/case_5305/img/case5305_02.png,/data/shared/CataractData/semantic_segmentation/Annotations/Images-and-Supervisely-Annotations/case_5305/mask_anatomy_inst/case5305_02.png
1051,/data/shared/CataractData/semantic_segmentation/Annotations/Images-and-Supervisely-Annotations/case_5305/img/case5305_03.png,/data/shared/CataractData/semantic_segmentation/Annotations/Images-and-Supervisely-Annotations/case_5305/mask_anatomy_inst/case5305_03.png
1052,/data/shared/CataractData/semantic_segmentation/Annotations/Images-and-Supervisely-Annotations/case_5305/img/case5305_04.png,/data/shared/CataractData/semantic_segmentation/Annotations/Images-and-Supervisely-Annotations/case_5305/mask_anatomy_inst/case5305_04.png
1053,/data/shared/CataractData/semantic_segmentation/Annotations/Images-and-Supervisely-Annotations/case_5305/img/case5305_05.png,/data/shared/CataractData/semantic_segmentation/Annotations/Images-and-Supervisely-Annotations/case_5305/mask_anatomy_inst/case5305_05.png
1054,/data/shared/CataractData/semantic_segmentation/Annotations/Images-and-Supervisely-Annotations/case_5305/img/case5305_06.png,/data/shared/CataractData/semantic_segmentation/Annotations/Images-and-Supervisely-Annotations/case_5305/mask_anatomy_inst/case5305_06.png
1055,/data/shared/CataractData/semantic_segmentation/Annotations/Images-and-Supervisely-Annotations/case_5305/img/case5305_07.png,/data/shared/CataractData/semantic_segmentation/Annotations/Images-and-Supervisely-Annotations/case_5305/mask_anatomy_inst/case5305_07.png
1056,/data/shared/CataractData/semantic_segmentation/Annotations/Images-and-Supervisely-Annotations/case_5305/img/case5305_08.png,/data/shared/CataractData/semantic_segmentation/Annotations/Images-and-Supervisely-Annotations/case_5305/mask_anatomy_inst/case5305_08.png
1057,/data/shared/CataractData/semantic_segmentation/Annotations/Images-and-Supervisely-Annotations/case_5305/img/case5305_09.png,/data/shared/CataractData/semantic_segmentation/Annotations/Images-and-Supervisely-Annotations/case_5305/mask_anatomy_inst/case5305_09.png
1058,/data/shared/CataractData/semantic_segmentation/Annotations/Images-and-Supervisely-Annotations/case_5305/img/case5305_10.png,/data/shared/CataractData/semantic_segmentation/Annotations/Images-and-Supervisely-Annotations/case_5305/mask_anatomy_inst/case5305_10.png
1059,/data/shared/CataractData/semantic_segmentation/Annotations/Images-and-Supervisely-Annotations/case_5305/img/case5305_11.png,/data/shared/CataractData/semantic_segmentation/Annotations/Images-and-Supervisely-Annotations/case_5305/mask_anatomy_inst/case5305_11.png
1060,/data/shared/CataractData/semantic_segmentation/Annotations/Images-and-Supervisely-Annotations/case_5305/img/case5305_12.png,/data/shared/CataractData/semantic_segmentation/Annotations/Images-and-Supervisely-Annotations/case_5305/mask_anatomy_inst/case5305_12.png
1061,/data/shared/CataractData/semantic_segmentation/Annotations/Images-and-Supervisely-Annotations/case_5305/img/case5305_13.png,/data/shared/CataractData/semantic_segmentation/Annotations/Images-and-Supervisely-Annotations/case_5305/mask_anatomy_inst/case5305_13.png
1062,/data/shared/CataractData/semantic_segmentation/Annotations/Images-and-Supervisely-Annotations/case_5305/img/case5305_14.png,/data/shared/CataractData/semantic_segmentation/Annotations/Images-and-Supervisely-Annotations/case_5305/mask_anatomy_inst/case5305_14.png
1063,/data/shared/CataractData/semantic_segmentation/Annotations/Images-and-Supervisely-Annotations/case_5305/img/case5305_15.png,/data/shared/CataractData/semantic_segmentation/Annotations/Images-and-Supervisely-Annotations/case_5305/mask_anatomy_inst/case5305_15.png
1064,/data/shared/CataractData/semantic_segmentation/Annotations/Images-and-Supervisely-Annotations/case_5305/img/case5305_16.png,/data/shared/CataractData/semantic_segmentation/Annotations/Images-and-Supervisely-Annotations/case_5305/mask_anatomy_inst/case5305_16.png
1065,/data/shared/CataractData/semantic_segmentation/Annotations/Images-and-Supervisely-Annotations/case_5305/img/case5305_17.png,/data/shared/CataractData/semantic_segmentation/Annotations/Images-and-Supervisely-Annotations/case_5305/mask_anatomy_inst/case5305_17.png
1066,/data/shared/CataractData/semantic_segmentation/Annotations/Images-and-Supervisely-Annotations/case_5305/img/case5305_18.png,/data/shared/CataractData/semantic_segmentation/Annotations/Images-and-Supervisely-Annotations/case_5305/mask_anatomy_inst/case5305_18.png
1067,/data/shared/CataractData/semantic_segmentation/Annotations/Images-and-Supervisely-Annotations/case_5305/img/case5305_19.png,/data/shared/CataractData/semantic_segmentation/Annotations/Images-and-Supervisely-Annotations/case_5305/mask_anatomy_inst/case5305_19.png
1068,/data/shared/CataractData/semantic_segmentation/Annotations/Images-and-Supervisely-Annotations/case_5305/img/case5305_20.png,/data/shared/CataractData/semantic_segmentation/Annotations/Images-and-Supervisely-Annotations/case_5305/mask_anatomy_inst/case5305_20.png
1069,/data/shared/CataractData/semantic_segmentation/Annotations/Images-and-Supervisely-Annotations/case_5305/img/case5305_21.png,/data/shared/CataractData/semantic_segmentation/Annotations/Images-and-Supervisely-Annotations/case_5305/mask_anatomy_inst/case5305_21.png
1070,/data/shared/CataractData/semantic_segmentation/Annotations/Images-and-Supervisely-Annotations/case_5305/img/case5305_22.png,/data/shared/CataractData/semantic_segmentation/Annotations/Images-and-Supervisely-Annotations/case_5305/mask_anatomy_inst/case5305_22.png
1071,/data/shared/CataractData/semantic_segmentation/Annotations/Images-and-Supervisely-Annotations/case_5305/img/case5305_23.png,/data/shared/CataractData/semantic_segmentation/Annotations/Images-and-Supervisely-Annotations/case_5305/mask_anatomy_inst/case5305_23.png
1072,/data/shared/CataractData/semantic_segmentation/Annotations/Images-and-Supervisely-Annotations/case_5305/img/case5305_24.png,/data/shared/CataractData/semantic_segmentation/Annotations/Images-and-Supervisely-Annotations/case_5305/mask_anatomy_inst/case5305_24.png
1073,/data/shared/CataractData/semantic_segmentation/Annotations/Images-and-Supervisely-Annotations/case_5305/img/case5305_25.png,/data/shared/CataractData/semantic_segmentation/Annotations/Images-and-Supervisely-Annotations/case_5305/mask_anatomy_inst/case5305_25.png
1074,/data/shared/CataractData/semantic_segmentation/Annotations/Images-and-Supervisely-Annotations/case_5305/img/case5305_26.png,/data/shared/CataractData/semantic_segmentation/Annotations/Images-and-Supervisely-Annotations/case_5305/mask_anatomy_inst/case5305_26.png
1075,/data/shared/CataractData/semantic_segmentation/Annotations/Images-and-Supervisely-Annotations/case_5305/img/case5305_27.png,/data/shared/CataractData/semantic_segmentation/Annotations/Images-and-Supervisely-Annotations/case_5305/mask_anatomy_inst/case5305_27.png
1076,/data/shared/CataractData/semantic_segmentation/Annotations/Images-and-Supervisely-Annotations/case_5305/img/case5305_28.png,/data/shared/CataractData/semantic_segmentation/Annotations/Images-and-Supervisely-Annotations/case_5305/mask_anatomy_inst/case5305_28.png
1077,/data/shared/CataractData/semantic_segmentation/Annotations/Images-and-Supervisely-Annotations/case_5305/img/case5305_29.png,/data/shared/CataractData/semantic_segmentation/Annotations/Images-and-Supervisely-Annotations/case_5305/mask_anatomy_inst/case5305_29.png
1078,/data/shared/CataractData/semantic_segmentation/Annotations/Images-and-Supervisely-Annotations/case_5305/img/case5305_30.png,/data/shared/CataractData/semantic_segmentation/Annotations/Images-and-Supervisely-Annotations/case_5305/mask_anatomy_inst/case5305_30.png
1079,/data/shared/CataractData/semantic_segmentation/Annotations/Images-and-Supervisely-Annotations/case_5305/img/case5305_31.png,/data/shared/CataractData/semantic_segmentation/Annotations/Images-and-Supervisely-Annotations/case_5305/mask_anatomy_inst/case5305_31.png
1080,/data/shared/CataractData/semantic_segmentation/Annotations/Images-and-Supervisely-Annotations/case_5305/img/case5305_32.png,/data/shared/CataractData/semantic_segmentation/Annotations/Images-and-Supervisely-Annotations/case_5305/mask_anatomy_inst/case5305_32.png
1081,/data/shared/CataractData/semantic_segmentation/Annotations/Images-and-Supervisely-Annotations/case_5305/img/case5305_33.png,/data/shared/CataractData/semantic_segmentation/Annotations/Images-and-Supervisely-Annotations/case_5305/mask_anatomy_inst/case5305_33.png
1082,/data/shared/CataractData/semantic_segmentation/Annotations/Images-and-Supervisely-Annotations/case_5305/img/case5305_34.png,/data/shared/CataractData/semantic_segmentation/Annotations/Images-and-Supervisely-Annotations/case_5305/mask_anatomy_inst/case5305_34.png
1083,/data/shared/CataractData/semantic_segmentation/Annotations/Images-and-Supervisely-Annotations/case_5305/img/case5305_35.png,/data/shared/CataractData/semantic_segmentation/Annotations/Images-and-Supervisely-Annotations/case_5305/mask_anatomy_inst/case5305_35.png
1084,/data/shared/CataractData/semantic_segmentation/Annotations/Images-and-Supervisely-Annotations/case_5305/img/case5305_36.png,/data/shared/CataractData/semantic_segmentation/Annotations/Images-and-Supervisely-Annotations/case_5305/mask_anatomy_inst/case5305_36.png
1085,/data/shared/CataractData/semantic_segmentation/Annotations/Images-and-Supervisely-Annotations/case_5305/img/case5305_37.png,/data/shared/CataractData/semantic_segmentation/Annotations/Images-and-Supervisely-Annotations/case_5305/mask_anatomy_inst/case5305_37.png
1086,/data/shared/CataractData/semantic_segmentation/Annotations/Images-and-Supervisely-Annotations/case_5305/img/case5305_38.png,/data/shared/CataractData/semantic_segmentation/Annotations/Images-and-Supervisely-Annotations/case_5305/mask_anatomy_inst/case5305_38.png
1087,/data/shared/CataractData/semantic_segmentation/Annotations/Images-and-Supervisely-Annotations/case_5305/img/case5305_39.png,/data/shared/CataractData/semantic_segmentation/Annotations/Images-and-Supervisely-Annotations/case_5305/mask_anatomy_inst/case5305_39.png
1088,/data/shared/CataractData/semantic_segmentation/Annotations/Images-and-Supervisely-Annotations/case_5305/img/case5305_40.png,/data/shared/CataractData/semantic_segmentation/Annotations/Images-and-Supervisely-Annotations/case_5305/mask_anatomy_inst/case5305_40.png
1089,/data/shared/CataractData/semantic_segmentation/Annotations/Images-and-Supervisely-Annotations/case_5305/img/case5305_41.png,/data/shared/CataractData/semantic_segmentation/Annotations/Images-and-Supervisely-Annotations/case_5305/mask_anatomy_inst/case5305_41.png
1090,/data/shared/CataractData/semantic_segmentation/Annotations/Images-and-Supervisely-Annotations/case_5305/img/case5305_42.png,/data/shared/CataractData/semantic_segmentation/Annotations/Images-and-Supervisely-Annotations/case_5305/mask_anatomy_inst/case5305_42.png
1091,/data/shared/CataractData/semantic_segmentation/Annotations/Images-and-Supervisely-Annotations/case_5305/img/case5305_43.png,/data/shared/CataractData/semantic_segmentation/Annotations/Images-and-Supervisely-Annotations/case_5305/mask_anatomy_inst/case5305_43.png
1092,/data/shared/CataractData/semantic_segmentation/Annotations/Images-and-Supervisely-Annotations/case_5305/img/case5305_44.png,/data/shared/CataractData/semantic_segmentation/Annotations/Images-and-Supervisely-Annotations/case_5305/mask_anatomy_inst/case5305_44.png
1093,/data/shared/CataractData/semantic_segmentation/Annotations/Images-and-Supervisely-Annotations/case_5305/img/case5305_45.png,/data/shared/CataractData/semantic_segmentation/Annotations/Images-and-Supervisely-Annotations/case_5305/mask_anatomy_inst/case5305_45.png
1094,/data/shared/CataractData/semantic_segmentation/Annotations/Images-and-Supervisely-Annotations/case_5305/img/case5305_46.png,/data/shared/CataractData/semantic_segmentation/Annotations/Images-and-Supervisely-Annotations/case_5305/mask_anatomy_inst/case5305_46.png
1095,/data/shared/CataractData/semantic_segmentation/Annotations/Images-and-Supervisely-Annotations/case_5305/img/case5305_47.png,/data/shared/CataractData/semantic_segmentation/Annotations/Images-and-Supervisely-Annotations/case_5305/mask_anatomy_inst/case5305_47.png
1096,/data/shared/CataractData/semantic_segmentation/Annotations/Images-and-Supervisely-Annotations/case_5305/img/case5305_48.png,/data/shared/CataractData/semantic_segmentation/Annotations/Images-and-Supervisely-Annotations/case_5305/mask_anatomy_inst/case5305_48.png
1097,/data/shared/CataractData/semantic_segmentation/Annotations/Images-and-Supervisely-Annotations/case_5305/img/case5305_49.png,/data/shared/CataractData/semantic_segmentation/Annotations/Images-and-Supervisely-Annotations/case_5305/mask_anatomy_inst/case5305_49.png
1098,/data/shared/CataractData/semantic_segmentation/Annotations/Images-and-Supervisely-Annotations/case_5305/img/case5305_50.png,/data/shared/CataractData/semantic_segmentation/Annotations/Images-and-Supervisely-Annotations/case_5305/mask_anatomy_inst/case5305_50.png
1099,/data/shared/CataractData/semantic_segmentation/Annotations/Images-and-Supervisely-Annotations/case_5305/img/case5305_51.png,/data/shared/CataractData/semantic_segmentation/Annotations/Images-and-Supervisely-Annotations/case_5305/mask_anatomy_inst/case5305_51.png
1100,/data/shared/CataractData/semantic_segmentation/Annotations/Images-and-Supervisely-Annotations/case_5305/img/case5305_52.png,/data/shared/CataractData/semantic_segmentation/Annotations/Images-and-Supervisely-Annotations/case_5305/mask_anatomy_inst/case5305_52.png
1101,/data/shared/CataractData/semantic_segmentation/Annotations/Images-and-Supervisely-Annotations/case_5305/img/case5305_53.png,/data/shared/CataractData/semantic_segmentation/Annotations/Images-and-Supervisely-Annotations/case_5305/mask_anatomy_inst/case5305_53.png
1102,/data/shared/CataractData/semantic_segmentation/Annotations/Images-and-Supervisely-Annotations/case_5305/img/case5305_54.png,/data/shared/CataractData/semantic_segmentation/Annotations/Images-and-Supervisely-Annotations/case_5305/mask_anatomy_inst/case5305_54.png
1103,/data/shared/CataractData/semantic_segmentation/Annotations/Images-and-Supervisely-Annotations/case_5305/img/case5305_55.png,/data/shared/CataractData/semantic_segmentation/Annotations/Images-and-Supervisely-Annotations/case_5305/mask_anatomy_inst/case5305_55.png
1104,/data/shared/CataractData/semantic_segmentation/Annotations/Images-and-Supervisely-Annotations/case_5305/img/case5305_56.png,/data/shared/CataractData/semantic_segmentation/Annotations/Images-and-Supervisely-Annotations/case_5305/mask_anatomy_inst/case5305_56.png
1105,/data/shared/CataractData/semantic_segmentation/Annotations/Images-and-Supervisely-Annotations/case_5305/img/case5305_57.png,/data/shared/CataractData/semantic_segmentation/Annotations/Images-and-Supervisely-Annotations/case_5305/mask_anatomy_inst/case5305_57.png
1106,/data/shared/CataractData/semantic_segmentation/Annotations/Images-and-Supervisely-Annotations/case_5305/img/case5305_58.png,/data/shared/CataractData/semantic_segmentation/Annotations/Images-and-Supervisely-Annotations/case_5305/mask_anatomy_inst/case5305_58.png
1107,/data/shared/CataractData/semantic_segmentation/Annotations/Images-and-Supervisely-Annotations/case_5305/img/case5305_59.png,/data/shared/CataractData/semantic_segmentation/Annotations/Images-and-Supervisely-Annotations/case_5305/mask_anatomy_inst/case5305_59.png
1108,/data/shared/CataractData/semantic_segmentation/Annotations/Images-and-Supervisely-Annotations/case_5305/img/case5305_60.png,/data/shared/CataractData/semantic_segmentation/Annotations/Images-and-Supervisely-Annotations/case_5305/mask_anatomy_inst/case5305_60.png
1109,/data/shared/CataractData/semantic_segmentation/Annotations/Images-and-Supervisely-Annotations/case_5305/img/case5305_61.png,/data/shared/CataractData/semantic_segmentation/Annotations/Images-and-Supervisely-Annotations/case_5305/mask_anatomy_inst/case5305_61.png
1110,/data/shared/CataractData/semantic_segmentation/Annotations/Images-and-Supervisely-Annotations/case_5305/img/case5305_62.png,/data/shared/CataractData/semantic_segmentation/Annotations/Images-and-Supervisely-Annotations/case_5305/mask_anatomy_inst/case5305_62.png
1111,/data/shared/CataractData/semantic_segmentation/Annotations/Images-and-Supervisely-Annotations/case_5305/img/case5305_63.png,/data/shared/CataractData/semantic_segmentation/Annotations/Images-and-Supervisely-Annotations/case_5305/mask_anatomy_inst/case5305_63.png
1112,/data/shared/CataractData/semantic_segmentation/Annotations/Images-and-Supervisely-Annotations/case_5305/img/case5305_64.png,/data/shared/CataractData/semantic_segmentation/Annotations/Images-and-Supervisely-Annotations/case_5305/mask_anatomy_inst/case5305_64.png
1113,/data/shared/CataractData/semantic_segmentation/Annotations/Images-and-Supervisely-Annotations/case_5305/img/case5305_65.png,/data/shared/CataractData/semantic_segmentation/Annotations/Images-and-Supervisely-Annotations/case_5305/mask_anatomy_inst/case5305_65.png
1114,/data/shared/CataractData/semantic_segmentation/Annotations/Images-and-Supervisely-Annotations/case_5305/img/case5305_66.png,/data/shared/CataractData/semantic_segmentation/Annotations/Images-and-Supervisely-Annotations/case_5305/mask_anatomy_inst/case5305_66.png
1115,/data/shared/CataractData/semantic_segmentation/Annotations/Images-and-Supervisely-Annotations/case_5305/img/case5305_67.png,/data/shared/CataractData/semantic_segmentation/Annotations/Images-and-Supervisely-Annotations/case_5305/mask_anatomy_inst/case5305_67.png
1116,/data/shared/CataractData/semantic_segmentation/Annotations/Images-and-Supervisely-Annotations/case_5305/img/case5305_68.png,/data/shared/CataractData/semantic_segmentation/Annotations/Images-and-Supervisely-Annotations/case_5305/mask_anatomy_inst/case5305_68.png
1117,/data/shared/CataractData/semantic_segmentation/Annotations/Images-and-Supervisely-Annotations/case_5305/img/case5305_69.png,/data/shared/CataractData/semantic_segmentation/Annotations/Images-and-Supervisely-Annotations/case_5305/mask_anatomy_inst/case5305_69.png
1118,/data/shared/CataractData/semantic_segmentation/Annotations/Images-and-Supervisely-Annotations/case_5305/img/case5305_70.png,/data/shared/CataractData/semantic_segmentation/Annotations/Images-and-Supervisely-Annotations/case_5305/mask_anatomy_inst/case5305_70.png
1119,/data/shared/CataractData/semantic_segmentation/Annotations/Images-and-Supervisely-Annotations/case_5305/img/case5305_71.png,/data/shared/CataractData/semantic_segmentation/Annotations/Images-and-Supervisely-Annotations/case_5305/mask_anatomy_inst/case5305_71.png
1120,/data/shared/CataractData/semantic_segmentation/Annotations/Images-and-Supervisely-Annotations/case_5305/img/case5305_72.png,/data/shared/CataractData/semantic_segmentation/Annotations/Images-and-Supervisely-Annotations/case_5305/mask_anatomy_inst/case5305_72.png
1121,/data/shared/CataractData/semantic_segmentation/Annotations/Images-and-Supervisely-Annotations/case_5309/img/case5309_01.png,/data/shared/CataractData/semantic_segmentation/Annotations/Images-and-Supervisely-Annotations/case_5309/mask_anatomy_inst/case5309_01.png
1122,/data/shared/CataractData/semantic_segmentation/Annotations/Images-and-Supervisely-Annotations/case_5309/img/case5309_02.png,/data/shared/CataractData/semantic_segmentation/Annotations/Images-and-Supervisely-Annotations/case_5309/mask_anatomy_inst/case5309_02.png
1123,/data/shared/CataractData/semantic_segmentation/Annotations/Images-and-Supervisely-Annotations/case_5309/img/case5309_03.png,/data/shared/CataractData/semantic_segmentation/Annotations/Images-and-Supervisely-Annotations/case_5309/mask_anatomy_inst/case5309_03.png
1124,/data/shared/CataractData/semantic_segmentation/Annotations/Images-and-Supervisely-Annotations/case_5309/img/case5309_04.png,/data/shared/CataractData/semantic_segmentation/Annotations/Images-and-Supervisely-Annotations/case_5309/mask_anatomy_inst/case5309_04.png
1125,/data/shared/CataractData/semantic_segmentation/Annotations/Images-and-Supervisely-Annotations/case_5309/img/case5309_05.png,/data/shared/CataractData/semantic_segmentation/Annotations/Images-and-Supervisely-Annotations/case_5309/mask_anatomy_inst/case5309_05.png
1126,/data/shared/CataractData/semantic_segmentation/Annotations/Images-and-Supervisely-Annotations/case_5309/img/case5309_06.png,/data/shared/CataractData/semantic_segmentation/Annotations/Images-and-Supervisely-Annotations/case_5309/mask_anatomy_inst/case5309_06.png
1127,/data/shared/CataractData/semantic_segmentation/Annotations/Images-and-Supervisely-Annotations/case_5309/img/case5309_07.png,/data/shared/CataractData/semantic_segmentation/Annotations/Images-and-Supervisely-Annotations/case_5309/mask_anatomy_inst/case5309_07.png
1128,/data/shared/CataractData/semantic_segmentation/Annotations/Images-and-Supervisely-Annotations/case_5309/img/case5309_08.png,/data/shared/CataractData/semantic_segmentation/Annotations/Images-and-Supervisely-Annotations/case_5309/mask_anatomy_inst/case5309_08.png
1129,/data/shared/CataractData/semantic_segmentation/Annotations/Images-and-Supervisely-Annotations/case_5309/img/case5309_09.png,/data/shared/CataractData/semantic_segmentation/Annotations/Images-and-Supervisely-Annotations/case_5309/mask_anatomy_inst/case5309_09.png
1130,/data/shared/CataractData/semantic_segmentation/Annotations/Images-and-Supervisely-Annotations/case_5309/img/case5309_10.png,/data/shared/CataractData/semantic_segmentation/Annotations/Images-and-Supervisely-Annotations/case_5309/mask_anatomy_inst/case5309_10.png
1131,/data/shared/CataractData/semantic_segmentation/Annotations/Images-and-Supervisely-Annotations/case_5309/img/case5309_11.png,/data/shared/CataractData/semantic_segmentation/Annotations/Images-and-Supervisely-Annotations/case_5309/mask_anatomy_inst/case5309_11.png
1132,/data/shared/CataractData/semantic_segmentation/Annotations/Images-and-Supervisely-Annotations/case_5309/img/case5309_12.png,/data/shared/CataractData/semantic_segmentation/Annotations/Images-and-Supervisely-Annotations/case_5309/mask_anatomy_inst/case5309_12.png
1133,/data/shared/CataractData/semantic_segmentation/Annotations/Images-and-Supervisely-Annotations/case_5309/img/case5309_13.png,/data/shared/CataractData/semantic_segmentation/Annotations/Images-and-Supervisely-Annotations/case_5309/mask_anatomy_inst/case5309_13.png
1134,/data/shared/CataractData/semantic_segmentation/Annotations/Images-and-Supervisely-Annotations/case_5309/img/case5309_14.png,/data/shared/CataractData/semantic_segmentation/Annotations/Images-and-Supervisely-Annotations/case_5309/mask_anatomy_inst/case5309_14.png
1135,/data/shared/CataractData/semantic_segmentation/Annotations/Images-and-Supervisely-Annotations/case_5309/img/case5309_15.png,/data/shared/CataractData/semantic_segmentation/Annotations/Images-and-Supervisely-Annotations/case_5309/mask_anatomy_inst/case5309_15.png
1136,/data/shared/CataractData/semantic_segmentation/Annotations/Images-and-Supervisely-Annotations/case_5309/img/case5309_16.png,/data/shared/CataractData/semantic_segmentation/Annotations/Images-and-Supervisely-Annotations/case_5309/mask_anatomy_inst/case5309_16.png
1137,/data/shared/CataractData/semantic_segmentation/Annotations/Images-and-Supervisely-Annotations/case_5309/img/case5309_17.png,/data/shared/CataractData/semantic_segmentation/Annotations/Images-and-Supervisely-Annotations/case_5309/mask_anatomy_inst/case5309_17.png
1138,/data/shared/CataractData/semantic_segmentation/Annotations/Images-and-Supervisely-Annotations/case_5309/img/case5309_18.png,/data/shared/CataractData/semantic_segmentation/Annotations/Images-and-Supervisely-Annotations/case_5309/mask_anatomy_inst/case5309_18.png
1139,/data/shared/CataractData/semantic_segmentation/Annotations/Images-and-Supervisely-Annotations/case_5309/img/case5309_19.png,/data/shared/CataractData/semantic_segmentation/Annotations/Images-and-Supervisely-Annotations/case_5309/mask_anatomy_inst/case5309_19.png
1140,/data/shared/CataractData/semantic_segmentation/Annotations/Images-and-Supervisely-Annotations/case_5309/img/case5309_20.png,/data/shared/CataractData/semantic_segmentation/Annotations/Images-and-Supervisely-Annotations/case_5309/mask_anatomy_inst/case5309_20.png
1141,/data/shared/CataractData/semantic_segmentation/Annotations/Images-and-Supervisely-Annotations/case_5309/img/case5309_21.png,/data/shared/CataractData/semantic_segmentation/Annotations/Images-and-Supervisely-Annotations/case_5309/mask_anatomy_inst/case5309_21.png
1142,/data/shared/CataractData/semantic_segmentation/Annotations/Images-and-Supervisely-Annotations/case_5309/img/case5309_22.png,/data/shared/CataractData/semantic_segmentation/Annotations/Images-and-Supervisely-Annotations/case_5309/mask_anatomy_inst/case5309_22.png
1143,/data/shared/CataractData/semantic_segmentation/Annotations/Images-and-Supervisely-Annotations/case_5309/img/case5309_23.png,/data/shared/CataractData/semantic_segmentation/Annotations/Images-and-Supervisely-Annotations/case_5309/mask_anatomy_inst/case5309_23.png
1144,/data/shared/CataractData/semantic_segmentation/Annotations/Images-and-Supervisely-Annotations/case_5309/img/case5309_24.png,/data/shared/CataractData/semantic_segmentation/Annotations/Images-and-Supervisely-Annotations/case_5309/mask_anatomy_inst/case5309_24.png
1145,/data/shared/CataractData/semantic_segmentation/Annotations/Images-and-Supervisely-Annotations/case_5309/img/case5309_25.png,/data/shared/CataractData/semantic_segmentation/Annotations/Images-and-Supervisely-Annotations/case_5309/mask_anatomy_inst/case5309_25.png
1146,/data/shared/CataractData/semantic_segmentation/Annotations/Images-and-Supervisely-Annotations/case_5309/img/case5309_26.png,/data/shared/CataractData/semantic_segmentation/Annotations/Images-and-Supervisely-Annotations/case_5309/mask_anatomy_inst/case5309_26.png
1147,/data/shared/CataractData/semantic_segmentation/Annotations/Images-and-Supervisely-Annotations/case_5309/img/case5309_27.png,/data/shared/CataractData/semantic_segmentation/Annotations/Images-and-Supervisely-Annotations/case_5309/mask_anatomy_inst/case5309_27.png
1148,/data/shared/CataractData/semantic_segmentation/Annotations/Images-and-Supervisely-Annotations/case_5309/img/case5309_28.png,/data/shared/CataractData/semantic_segmentation/Annotations/Images-and-Supervisely-Annotations/case_5309/mask_anatomy_inst/case5309_28.png
1149,/data/shared/CataractData/semantic_segmentation/Annotations/Images-and-Supervisely-Annotations/case_5309/img/case5309_29.png,/data/shared/CataractData/semantic_segmentation/Annotations/Images-and-Supervisely-Annotations/case_5309/mask_anatomy_inst/case5309_29.png
1150,/data/shared/CataractData/semantic_segmentation/Annotations/Images-and-Supervisely-Annotations/case_5309/img/case5309_30.png,/data/shared/CataractData/semantic_segmentation/Annotations/Images-and-Supervisely-Annotations/case_5309/mask_anatomy_inst/case5309_30.png
1151,/data/shared/CataractData/semantic_segmentation/Annotations/Images-and-Supervisely-Annotations/case_5309/img/case5309_31.png,/data/shared/CataractData/semantic_segmentation/Annotations/Images-and-Supervisely-Annotations/case_5309/mask_anatomy_inst/case5309_31.png
1152,/data/shared/CataractData/semantic_segmentation/Annotations/Images-and-Supervisely-Annotations/case_5309/img/case5309_32.png,/data/shared/CataractData/semantic_segmentation/Annotations/Images-and-Supervisely-Annotations/case_5309/mask_anatomy_inst/case5309_32.png
1153,/data/shared/CataractData/semantic_segmentation/Annotations/Images-and-Supervisely-Annotations/case_5309/img/case5309_33.png,/data/shared/CataractData/semantic_segmentation/Annotations/Images-and-Supervisely-Annotations/case_5309/mask_anatomy_inst/case5309_33.png
1154,/data/shared/CataractData/semantic_segmentation/Annotations/Images-and-Supervisely-Annotations/case_5309/img/case5309_34.png,/data/shared/CataractData/semantic_segmentation/Annotations/Images-and-Supervisely-Annotations/case_5309/mask_anatomy_inst/case5309_34.png
1155,/data/shared/CataractData/semantic_segmentation/Annotations/Images-and-Supervisely-Annotations/case_5309/img/case5309_35.png,/data/shared/CataractData/semantic_segmentation/Annotations/Images-and-Supervisely-Annotations/case_5309/mask_anatomy_inst/case5309_35.png
1156,/data/shared/CataractData/semantic_segmentation/Annotations/Images-and-Supervisely-Annotations/case_5309/img/case5309_36.png,/data/shared/CataractData/semantic_segmentation/Annotations/Images-and-Supervisely-Annotations/case_5309/mask_anatomy_inst/case5309_36.png
1157,/data/shared/CataractData/semantic_segmentation/Annotations/Images-and-Supervisely-Annotations/case_5309/img/case5309_37.png,/data/shared/CataractData/semantic_segmentation/Annotations/Images-and-Supervisely-Annotations/case_5309/mask_anatomy_inst/case5309_37.png
1158,/data/shared/CataractData/semantic_segmentation/Annotations/Images-and-Supervisely-Annotations/case_5309/img/case5309_38.png,/data/shared/CataractData/semantic_segmentation/Annotations/Images-and-Supervisely-Annotations/case_5309/mask_anatomy_inst/case5309_38.png
1159,/data/shared/CataractData/semantic_segmentation/Annotations/Images-and-Supervisely-Annotations/case_5309/img/case5309_39.png,/data/shared/CataractData/semantic_segmentation/Annotations/Images-and-Supervisely-Annotations/case_5309/mask_anatomy_inst/case5309_39.png
1160,/data/shared/CataractData/semantic_segmentation/Annotations/Images-and-Supervisely-Annotations/case_5309/img/case5309_40.png,/data/shared/CataractData/semantic_segmentation/Annotations/Images-and-Supervisely-Annotations/case_5309/mask_anatomy_inst/case5309_40.png
1161,/data/shared/CataractData/semantic_segmentation/Annotations/Images-and-Supervisely-Annotations/case_5309/img/case5309_41.png,/data/shared/CataractData/semantic_segmentation/Annotations/Images-and-Supervisely-Annotations/case_5309/mask_anatomy_inst/case5309_41.png
1162,/data/shared/CataractData/semantic_segmentation/Annotations/Images-and-Supervisely-Annotations/case_5309/img/case5309_42.png,/data/shared/CataractData/semantic_segmentation/Annotations/Images-and-Supervisely-Annotations/case_5309/mask_anatomy_inst/case5309_42.png
1163,/data/shared/CataractData/semantic_segmentation/Annotations/Images-and-Supervisely-Annotations/case_5309/img/case5309_43.png,/data/shared/CataractData/semantic_segmentation/Annotations/Images-and-Supervisely-Annotations/case_5309/mask_anatomy_inst/case5309_43.png
1164,/data/shared/CataractData/semantic_segmentation/Annotations/Images-and-Supervisely-Annotations/case_5309/img/case5309_44.png,/data/shared/CataractData/semantic_segmentation/Annotations/Images-and-Supervisely-Annotations/case_5309/mask_anatomy_inst/case5309_44.png
1165,/data/shared/CataractData/semantic_segmentation/Annotations/Images-and-Supervisely-Annotations/case_5309/img/case5309_45.png,/data/shared/CataractData/semantic_segmentation/Annotations/Images-and-Supervisely-Annotations/case_5309/mask_anatomy_inst/case5309_45.png
1166,/data/shared/CataractData/semantic_segmentation/Annotations/Images-and-Supervisely-Annotations/case_5309/img/case5309_46.png,/data/shared/CataractData/semantic_segmentation/Annotations/Images-and-Supervisely-Annotations/case_5309/mask_anatomy_inst/case5309_46.png
1167,/data/shared/CataractData/semantic_segmentation/Annotations/Images-and-Supervisely-Annotations/case_5309/img/case5309_47.png,/data/shared/CataractData/semantic_segmentation/Annotations/Images-and-Supervisely-Annotations/case_5309/mask_anatomy_inst/case5309_47.png
1168,/data/shared/CataractData/semantic_segmentation/Annotations/Images-and-Supervisely-Annotations/case_5309/img/case5309_48.png,/data/shared/CataractData/semantic_segmentation/Annotations/Images-and-Supervisely-Annotations/case_5309/mask_anatomy_inst/case5309_48.png
1169,/data/shared/CataractData/semantic_segmentation/Annotations/Images-and-Supervisely-Annotations/case_5309/img/case5309_49.png,/data/shared/CataractData/semantic_segmentation/Annotations/Images-and-Supervisely-Annotations/case_5309/mask_anatomy_inst/case5309_49.png
1170,/data/shared/CataractData/semantic_segmentation/Annotations/Images-and-Supervisely-Annotations/case_5309/img/case5309_50.png,/data/shared/CataractData/semantic_segmentation/Annotations/Images-and-Supervisely-Annotations/case_5309/mask_anatomy_inst/case5309_50.png
1171,/data/shared/CataractData/semantic_segmentation/Annotations/Images-and-Supervisely-Annotations/case_5309/img/case5309_51.png,/data/shared/CataractData/semantic_segmentation/Annotations/Images-and-Supervisely-Annotations/case_5309/mask_anatomy_inst/case5309_51.png
1172,/data/shared/CataractData/semantic_segmentation/Annotations/Images-and-Supervisely-Annotations/case_5309/img/case5309_52.png,/data/shared/CataractData/semantic_segmentation/Annotations/Images-and-Supervisely-Annotations/case_5309/mask_anatomy_inst/case5309_52.png
1173,/data/shared/CataractData/semantic_segmentation/Annotations/Images-and-Supervisely-Annotations/case_5309/img/case5309_53.png,/data/shared/CataractData/semantic_segmentation/Annotations/Images-and-Supervisely-Annotations/case_5309/mask_anatomy_inst/case5309_53.png
1174,/data/shared/CataractData/semantic_segmentation/Annotations/Images-and-Supervisely-Annotations/case_5309/img/case5309_54.png,/data/shared/CataractData/semantic_segmentation/Annotations/Images-and-Supervisely-Annotations/case_5309/mask_anatomy_inst/case5309_54.png
1175,/data/shared/CataractData/semantic_segmentation/Annotations/Images-and-Supervisely-Annotations/case_5309/img/case5309_55.png,/data/shared/CataractData/semantic_segmentation/Annotations/Images-and-Supervisely-Annotations/case_5309/mask_anatomy_inst/case5309_55.png
1176,/data/shared/CataractData/semantic_segmentation/Annotations/Images-and-Supervisely-Annotations/case_5309/img/case5309_56.png,/data/shared/CataractData/semantic_segmentation/Annotations/Images-and-Supervisely-Annotations/case_5309/mask_anatomy_inst/case5309_56.png
1177,/data/shared/CataractData/semantic_segmentation/Annotations/Images-and-Supervisely-Annotations/case_5309/img/case5309_57.png,/data/shared/CataractData/semantic_segmentation/Annotations/Images-and-Supervisely-Annotations/case_5309/mask_anatomy_inst/case5309_57.png
1178,/data/shared/CataractData/semantic_segmentation/Annotations/Images-and-Supervisely-Annotations/case_5309/img/case5309_58.png,/data/shared/CataractData/semantic_segmentation/Annotations/Images-and-Supervisely-Annotations/case_5309/mask_anatomy_inst/case5309_58.png
1179,/data/shared/CataractData/semantic_segmentation/Annotations/Images-and-Supervisely-Annotations/case_5309/img/case5309_59.png,/data/shared/CataractData/semantic_segmentation/Annotations/Images-and-Supervisely-Annotations/case_5309/mask_anatomy_inst/case5309_59.png
1180,/data/shared/CataractData/semantic_segmentation/Annotations/Images-and-Supervisely-Annotations/case_5309/img/case5309_60.png,/data/shared/CataractData/semantic_segmentation/Annotations/Images-and-Supervisely-Annotations/case_5309/mask_anatomy_inst/case5309_60.png
1181,/data/shared/CataractData/semantic_segmentation/Annotations/Images-and-Supervisely-Annotations/case_5309/img/case5309_61.png,/data/shared/CataractData/semantic_segmentation/Annotations/Images-and-Supervisely-Annotations/case_5309/mask_anatomy_inst/case5309_61.png
1182,/data/shared/CataractData/semantic_segmentation/Annotations/Images-and-Supervisely-Annotations/case_5309/img/case5309_62.png,/data/shared/CataractData/semantic_segmentation/Annotations/Images-and-Supervisely-Annotations/case_5309/mask_anatomy_inst/case5309_62.png
1183,/data/shared/CataractData/semantic_segmentation/Annotations/Images-and-Supervisely-Annotations/case_5309/img/case5309_63.png,/data/shared/CataractData/semantic_segmentation/Annotations/Images-and-Supervisely-Annotations/case_5309/mask_anatomy_inst/case5309_63.png
1184,/data/shared/CataractData/semantic_segmentation/Annotations/Images-and-Supervisely-Annotations/case_5309/img/case5309_64.png,/data/shared/CataractData/semantic_segmentation/Annotations/Images-and-Supervisely-Annotations/case_5309/mask_anatomy_inst/case5309_64.png
1185,/data/shared/CataractData/semantic_segmentation/Annotations/Images-and-Supervisely-Annotations/case_5309/img/case5309_65.png,/data/shared/CataractData/semantic_segmentation/Annotations/Images-and-Supervisely-Annotations/case_5309/mask_anatomy_inst/case5309_65.png
1186,/data/shared/CataractData/semantic_segmentation/Annotations/Images-and-Supervisely-Annotations/case_5309/img/case5309_66.png,/data/shared/CataractData/semantic_segmentation/Annotations/Images-and-Supervisely-Annotations/case_5309/mask_anatomy_inst/case5309_66.png
1187,/data/shared/CataractData/semantic_segmentation/Annotations/Images-and-Supervisely-Annotations/case_5309/img/case5309_67.png,/data/shared/CataractData/semantic_segmentation/Annotations/Images-and-Supervisely-Annotations/case_5309/mask_anatomy_inst/case5309_67.png
1188,/data/shared/CataractData/semantic_segmentation/Annotations/Images-and-Supervisely-Annotations/case_5309/img/case5309_68.png,/data/shared/CataractData/semantic_segmentation/Annotations/Images-and-Supervisely-Annotations/case_5309/mask_anatomy_inst/case5309_68.png
1189,/data/shared/CataractData/semantic_segmentation/Annotations/Images-and-Supervisely-Annotations/case_5315/img/case_53153_01.png,/data/shared/CataractData/semantic_segmentation/Annotations/Images-and-Supervisely-Annotations/case_5315/mask_anatomy_inst/case_53153_01.png
1190,/data/shared/CataractData/semantic_segmentation/Annotations/Images-and-Supervisely-Annotations/case_5315/img/case_53153_02.png,/data/shared/CataractData/semantic_segmentation/Annotations/Images-and-Supervisely-Annotations/case_5315/mask_anatomy_inst/case_53153_02.png
1191,/data/shared/CataractData/semantic_segmentation/Annotations/Images-and-Supervisely-Annotations/case_5315/img/case_53153_03.png,/data/shared/CataractData/semantic_segmentation/Annotations/Images-and-Supervisely-Annotations/case_5315/mask_anatomy_inst/case_53153_03.png
1192,/data/shared/CataractData/semantic_segmentation/Annotations/Images-and-Supervisely-Annotations/case_5315/img/case_53153_04.png,/data/shared/CataractData/semantic_segmentation/Annotations/Images-and-Supervisely-Annotations/case_5315/mask_anatomy_inst/case_53153_04.png
1193,/data/shared/CataractData/semantic_segmentation/Annotations/Images-and-Supervisely-Annotations/case_5315/img/case_53153_05.png,/data/shared/CataractData/semantic_segmentation/Annotations/Images-and-Supervisely-Annotations/case_5315/mask_anatomy_inst/case_53153_05.png
1194,/data/shared/CataractData/semantic_segmentation/Annotations/Images-and-Supervisely-Annotations/case_5315/img/case_53153_06.png,/data/shared/CataractData/semantic_segmentation/Annotations/Images-and-Supervisely-Annotations/case_5315/mask_anatomy_inst/case_53153_06.png
1195,/data/shared/CataractData/semantic_segmentation/Annotations/Images-and-Supervisely-Annotations/case_5315/img/case_53153_07.png,/data/shared/CataractData/semantic_segmentation/Annotations/Images-and-Supervisely-Annotations/case_5315/mask_anatomy_inst/case_53153_07.png
1196,/data/shared/CataractData/semantic_segmentation/Annotations/Images-and-Supervisely-Annotations/case_5315/img/case_53153_08.png,/data/shared/CataractData/semantic_segmentation/Annotations/Images-and-Supervisely-Annotations/case_5315/mask_anatomy_inst/case_53153_08.png
1197,/data/shared/CataractData/semantic_segmentation/Annotations/Images-and-Supervisely-Annotations/case_5315/img/case_53153_09.png,/data/shared/CataractData/semantic_segmentation/Annotations/Images-and-Supervisely-Annotations/case_5315/mask_anatomy_inst/case_53153_09.png
1198,/data/shared/CataractData/semantic_segmentation/Annotations/Images-and-Supervisely-Annotations/case_5315/img/case_53153_10.png,/data/shared/CataractData/semantic_segmentation/Annotations/Images-and-Supervisely-Annotations/case_5315/mask_anatomy_inst/case_53153_10.png
1199,/data/shared/CataractData/semantic_segmentation/Annotations/Images-and-Supervisely-Annotations/case_5315/img/case_53153_11.png,/data/shared/CataractData/semantic_segmentation/Annotations/Images-and-Supervisely-Annotations/case_5315/mask_anatomy_inst/case_53153_11.png
1200,/data/shared/CataractData/semantic_segmentation/Annotations/Images-and-Supervisely-Annotations/case_5315/img/case_53153_12.png,/data/shared/CataractData/semantic_segmentation/Annotations/Images-and-Supervisely-Annotations/case_5315/mask_anatomy_inst/case_53153_12.png
1201,/data/shared/CataractData/semantic_segmentation/Annotations/Images-and-Supervisely-Annotations/case_5315/img/case_53153_13.png,/data/shared/CataractData/semantic_segmentation/Annotations/Images-and-Supervisely-Annotations/case_5315/mask_anatomy_inst/case_53153_13.png
1202,/data/shared/CataractData/semantic_segmentation/Annotations/Images-and-Supervisely-Annotations/case_5315/img/case_53153_16.png,/data/shared/CataractData/semantic_segmentation/Annotations/Images-and-Supervisely-Annotations/case_5315/mask_anatomy_inst/case_53153_16.png
1203,/data/shared/CataractData/semantic_segmentation/Annotations/Images-and-Supervisely-Annotations/case_5315/img/case_53153_17.png,/data/shared/CataractData/semantic_segmentation/Annotations/Images-and-Supervisely-Annotations/case_5315/mask_anatomy_inst/case_53153_17.png
1204,/data/shared/CataractData/semantic_segmentation/Annotations/Images-and-Supervisely-Annotations/case_5315/img/case_53153_18.png,/data/shared/CataractData/semantic_segmentation/Annotations/Images-and-Supervisely-Annotations/case_5315/mask_anatomy_inst/case_53153_18.png
1205,/data/shared/CataractData/semantic_segmentation/Annotations/Images-and-Supervisely-Annotations/case_5315/img/case_53153_19.png,/data/shared/CataractData/semantic_segmentation/Annotations/Images-and-Supervisely-Annotations/case_5315/mask_anatomy_inst/case_53153_19.png
1206,/data/shared/CataractData/semantic_segmentation/Annotations/Images-and-Supervisely-Annotations/case_5315/img/case_53153_20.png,/data/shared/CataractData/semantic_segmentation/Annotations/Images-and-Supervisely-Annotations/case_5315/mask_anatomy_inst/case_53153_20.png
1207,/data/shared/CataractData/semantic_segmentation/Annotations/Images-and-Supervisely-Annotations/case_5315/img/case_53153_21.png,/data/shared/CataractData/semantic_segmentation/Annotations/Images-and-Supervisely-Annotations/case_5315/mask_anatomy_inst/case_53153_21.png
1208,/data/shared/CataractData/semantic_segmentation/Annotations/Images-and-Supervisely-Annotations/case_5315/img/case_53153_22.png,/data/shared/CataractData/semantic_segmentation/Annotations/Images-and-Supervisely-Annotations/case_5315/mask_anatomy_inst/case_53153_22.png
1209,/data/shared/CataractData/semantic_segmentation/Annotations/Images-and-Supervisely-Annotations/case_5315/img/case_53153_23.png,/data/shared/CataractData/semantic_segmentation/Annotations/Images-and-Supervisely-Annotations/case_5315/mask_anatomy_inst/case_53153_23.png
1210,/data/shared/CataractData/semantic_segmentation/Annotations/Images-and-Supervisely-Annotations/case_5315/img/case_53153_24.png,/data/shared/CataractData/semantic_segmentation/Annotations/Images-and-Supervisely-Annotations/case_5315/mask_anatomy_inst/case_53153_24.png
1211,/data/shared/CataractData/semantic_segmentation/Annotations/Images-and-Supervisely-Annotations/case_5315/img/case_53153_25.png,/data/shared/CataractData/semantic_segmentation/Annotations/Images-and-Supervisely-Annotations/case_5315/mask_anatomy_inst/case_53153_25.png
1212,/data/shared/CataractData/semantic_segmentation/Annotations/Images-and-Supervisely-Annotations/case_5315/img/case_53153_26.png,/data/shared/CataractData/semantic_segmentation/Annotations/Images-and-Supervisely-Annotations/case_5315/mask_anatomy_inst/case_53153_26.png
1213,/data/shared/CataractData/semantic_segmentation/Annotations/Images-and-Supervisely-Annotations/case_5315/img/case_53153_27.png,/data/shared/CataractData/semantic_segmentation/Annotations/Images-and-Supervisely-Annotations/case_5315/mask_anatomy_inst/case_53153_27.png
1214,/data/shared/CataractData/semantic_segmentation/Annotations/Images-and-Supervisely-Annotations/case_5315/img/case_53153_28.png,/data/shared/CataractData/semantic_segmentation/Annotations/Images-and-Supervisely-Annotations/case_5315/mask_anatomy_inst/case_53153_28.png
1215,/data/shared/CataractData/semantic_segmentation/Annotations/Images-and-Supervisely-Annotations/case_5315/img/case_53153_29.png,/data/shared/CataractData/semantic_segmentation/Annotations/Images-and-Supervisely-Annotations/case_5315/mask_anatomy_inst/case_53153_29.png
1216,/data/shared/CataractData/semantic_segmentation/Annotations/Images-and-Supervisely-Annotations/case_5315/img/case_53153_30.png,/data/shared/CataractData/semantic_segmentation/Annotations/Images-and-Supervisely-Annotations/case_5315/mask_anatomy_inst/case_53153_30.png
1217,/data/shared/CataractData/semantic_segmentation/Annotations/Images-and-Supervisely-Annotations/case_5315/img/case_53153_31.png,/data/shared/CataractData/semantic_segmentation/Annotations/Images-and-Supervisely-Annotations/case_5315/mask_anatomy_inst/case_53153_31.png
1218,/data/shared/CataractData/semantic_segmentation/Annotations/Images-and-Supervisely-Annotations/case_5315/img/case_53153_32.png,/data/shared/CataractData/semantic_segmentation/Annotations/Images-and-Supervisely-Annotations/case_5315/mask_anatomy_inst/case_53153_32.png
1219,/data/shared/CataractData/semantic_segmentation/Annotations/Images-and-Supervisely-Annotations/case_5315/img/case_53153_33.png,/data/shared/CataractData/semantic_segmentation/Annotations/Images-and-Supervisely-Annotations/case_5315/mask_anatomy_inst/case_53153_33.png
1220,/data/shared/CataractData/semantic_segmentation/Annotations/Images-and-Supervisely-Annotations/case_5315/img/case_53153_34.png,/data/shared/CataractData/semantic_segmentation/Annotations/Images-and-Supervisely-Annotations/case_5315/mask_anatomy_inst/case_53153_34.png
1221,/data/shared/CataractData/semantic_segmentation/Annotations/Images-and-Supervisely-Annotations/case_5315/img/case_53153_35.png,/data/shared/CataractData/semantic_segmentation/Annotations/Images-and-Supervisely-Annotations/case_5315/mask_anatomy_inst/case_53153_35.png
1222,/data/shared/CataractData/semantic_segmentation/Annotations/Images-and-Supervisely-Annotations/case_5315/img/case_53153_36.png,/data/shared/CataractData/semantic_segmentation/Annotations/Images-and-Supervisely-Annotations/case_5315/mask_anatomy_inst/case_53153_36.png
1223,/data/shared/CataractData/semantic_segmentation/Annotations/Images-and-Supervisely-Annotations/case_5315/img/case_53153_37.png,/data/shared/CataractData/semantic_segmentation/Annotations/Images-and-Supervisely-Annotations/case_5315/mask_anatomy_inst/case_53153_37.png
1224,/data/shared/CataractData/semantic_segmentation/Annotations/Images-and-Supervisely-Annotations/case_5315/img/case_53153_38.png,/data/shared/CataractData/semantic_segmentation/Annotations/Images-and-Supervisely-Annotations/case_5315/mask_anatomy_inst/case_53153_38.png
1225,/data/shared/CataractData/semantic_segmentation/Annotations/Images-and-Supervisely-Annotations/case_5315/img/case_53153_39.png,/data/shared/CataractData/semantic_segmentation/Annotations/Images-and-Supervisely-Annotations/case_5315/mask_anatomy_inst/case_53153_39.png
1226,/data/shared/CataractData/semantic_segmentation/Annotations/Images-and-Supervisely-Annotations/case_5315/img/case_53153_40.png,/data/shared/CataractData/semantic_segmentation/Annotations/Images-and-Supervisely-Annotations/case_5315/mask_anatomy_inst/case_53153_40.png
1227,/data/shared/CataractData/semantic_segmentation/Annotations/Images-and-Supervisely-Annotations/case_5315/img/case_53153_41.png,/data/shared/CataractData/semantic_segmentation/Annotations/Images-and-Supervisely-Annotations/case_5315/mask_anatomy_inst/case_53153_41.png
1228,/data/shared/CataractData/semantic_segmentation/Annotations/Images-and-Supervisely-Annotations/case_5315/img/case_53153_42.png,/data/shared/CataractData/semantic_segmentation/Annotations/Images-and-Supervisely-Annotations/case_5315/mask_anatomy_inst/case_53153_42.png
1229,/data/shared/CataractData/semantic_segmentation/Annotations/Images-and-Supervisely-Annotations/case_5315/img/case_53153_43.png,/data/shared/CataractData/semantic_segmentation/Annotations/Images-and-Supervisely-Annotations/case_5315/mask_anatomy_inst/case_53153_43.png
1230,/data/shared/CataractData/semantic_segmentation/Annotations/Images-and-Supervisely-Annotations/case_5315/img/case_53153_44.png,/data/shared/CataractData/semantic_segmentation/Annotations/Images-and-Supervisely-Annotations/case_5315/mask_anatomy_inst/case_53153_44.png
1231,/data/shared/CataractData/semantic_segmentation/Annotations/Images-and-Supervisely-Annotations/case_5315/img/case_53153_45.png,/data/shared/CataractData/semantic_segmentation/Annotations/Images-and-Supervisely-Annotations/case_5315/mask_anatomy_inst/case_53153_45.png
1232,/data/shared/CataractData/semantic_segmentation/Annotations/Images-and-Supervisely-Annotations/case_5315/img/case_53153_46.png,/data/shared/CataractData/semantic_segmentation/Annotations/Images-and-Supervisely-Annotations/case_5315/mask_anatomy_inst/case_53153_46.png
1233,/data/shared/CataractData/semantic_segmentation/Annotations/Images-and-Supervisely-Annotations/case_5315/img/case_53153_47.png,/data/shared/CataractData/semantic_segmentation/Annotations/Images-and-Supervisely-Annotations/case_5315/mask_anatomy_inst/case_53153_47.png
1234,/data/shared/CataractData/semantic_segmentation/Annotations/Images-and-Supervisely-Annotations/case_5315/img/case_53153_48.png,/data/shared/CataractData/semantic_segmentation/Annotations/Images-and-Supervisely-Annotations/case_5315/mask_anatomy_inst/case_53153_48.png
1235,/data/shared/CataractData/semantic_segmentation/Annotations/Images-and-Supervisely-Annotations/case_5315/img/case_53153_49.png,/data/shared/CataractData/semantic_segmentation/Annotations/Images-and-Supervisely-Annotations/case_5315/mask_anatomy_inst/case_53153_49.png
1236,/data/shared/CataractData/semantic_segmentation/Annotations/Images-and-Supervisely-Annotations/case_5315/img/case_53153_50.png,/data/shared/CataractData/semantic_segmentation/Annotations/Images-and-Supervisely-Annotations/case_5315/mask_anatomy_inst/case_53153_50.png
1237,/data/shared/CataractData/semantic_segmentation/Annotations/Images-and-Supervisely-Annotations/case_5315/img/case_53153_51.png,/data/shared/CataractData/semantic_segmentation/Annotations/Images-and-Supervisely-Annotations/case_5315/mask_anatomy_inst/case_53153_51.png
1238,/data/shared/CataractData/semantic_segmentation/Annotations/Images-and-Supervisely-Annotations/case_5315/img/case_53153_52.png,/data/shared/CataractData/semantic_segmentation/Annotations/Images-and-Supervisely-Annotations/case_5315/mask_anatomy_inst/case_53153_52.png
1239,/data/shared/CataractData/semantic_segmentation/Annotations/Images-and-Supervisely-Annotations/case_5315/img/case_53153_53.png,/data/shared/CataractData/semantic_segmentation/Annotations/Images-and-Supervisely-Annotations/case_5315/mask_anatomy_inst/case_53153_53.png
1240,/data/shared/CataractData/semantic_segmentation/Annotations/Images-and-Supervisely-Annotations/case_5315/img/case_53153_54.png,/data/shared/CataractData/semantic_segmentation/Annotations/Images-and-Supervisely-Annotations/case_5315/mask_anatomy_inst/case_53153_54.png
1241,/data/shared/CataractData/semantic_segmentation/Annotations/Images-and-Supervisely-Annotations/case_5315/img/case_53153_55.png,/data/shared/CataractData/semantic_segmentation/Annotations/Images-and-Supervisely-Annotations/case_5315/mask_anatomy_inst/case_53153_55.png
1242,/data/shared/CataractData/semantic_segmentation/Annotations/Images-and-Supervisely-Annotations/case_5315/img/case_53153_56.png,/data/shared/CataractData/semantic_segmentation/Annotations/Images-and-Supervisely-Annotations/case_5315/mask_anatomy_inst/case_53153_56.png
1243,/data/shared/CataractData/semantic_segmentation/Annotations/Images-and-Supervisely-Annotations/case_5315/img/case_53153_57.png,/data/shared/CataractData/semantic_segmentation/Annotations/Images-and-Supervisely-Annotations/case_5315/mask_anatomy_inst/case_53153_57.png
1244,/data/shared/CataractData/semantic_segmentation/Annotations/Images-and-Supervisely-Annotations/case_5315/img/case_53153_58.png,/data/shared/CataractData/semantic_segmentation/Annotations/Images-and-Supervisely-Annotations/case_5315/mask_anatomy_inst/case_53153_58.png
1245,/data/shared/CataractData/semantic_segmentation/Annotations/Images-and-Supervisely-Annotations/case_5315/img/case_53153_59.png,/data/shared/CataractData/semantic_segmentation/Annotations/Images-and-Supervisely-Annotations/case_5315/mask_anatomy_inst/case_53153_59.png
1246,/data/shared/CataractData/semantic_segmentation/Annotations/Images-and-Supervisely-Annotations/case_5315/img/case_53153_60.png,/data/shared/CataractData/semantic_segmentation/Annotations/Images-and-Supervisely-Annotations/case_5315/mask_anatomy_inst/case_53153_60.png
1247,/data/shared/CataractData/semantic_segmentation/Annotations/Images-and-Supervisely-Annotations/case_5315/img/case_53153_61.png,/data/shared/CataractData/semantic_segmentation/Annotations/Images-and-Supervisely-Annotations/case_5315/mask_anatomy_inst/case_53153_61.png
1248,/data/shared/CataractData/semantic_segmentation/Annotations/Images-and-Supervisely-Annotations/case_5315/img/case_53153_62.png,/data/shared/CataractData/semantic_segmentation/Annotations/Images-and-Supervisely-Annotations/case_5315/mask_anatomy_inst/case_53153_62.png
1249,/data/shared/CataractData/semantic_segmentation/Annotations/Images-and-Supervisely-Annotations/case_5315/img/case_53153_63.png,/data/shared/CataractData/semantic_segmentation/Annotations/Images-and-Supervisely-Annotations/case_5315/mask_anatomy_inst/case_53153_63.png
1250,/data/shared/CataractData/semantic_segmentation/Annotations/Images-and-Supervisely-Annotations/case_5315/img/case_53153_64.png,/data/shared/CataractData/semantic_segmentation/Annotations/Images-and-Supervisely-Annotations/case_5315/mask_anatomy_inst/case_53153_64.png
1251,/data/shared/CataractData/semantic_segmentation/Annotations/Images-and-Supervisely-Annotations/case_5315/img/case_53153_65.png,/data/shared/CataractData/semantic_segmentation/Annotations/Images-and-Supervisely-Annotations/case_5315/mask_anatomy_inst/case_53153_65.png
1252,/data/shared/CataractData/semantic_segmentation/Annotations/Images-and-Supervisely-Annotations/case_5315/img/case_53153_66.png,/data/shared/CataractData/semantic_segmentation/Annotations/Images-and-Supervisely-Annotations/case_5315/mask_anatomy_inst/case_53153_66.png
1253,/data/shared/CataractData/semantic_segmentation/Annotations/Images-and-Supervisely-Annotations/case_5315/img/case_53153_67.png,/data/shared/CataractData/semantic_segmentation/Annotations/Images-and-Supervisely-Annotations/case_5315/mask_anatomy_inst/case_53153_67.png
1254,/data/shared/CataractData/semantic_segmentation/Annotations/Images-and-Supervisely-Annotations/case_5315/img/case_53153_68.png,/data/shared/CataractData/semantic_segmentation/Annotations/Images-and-Supervisely-Annotations/case_5315/mask_anatomy_inst/case_53153_68.png
1255,/data/shared/CataractData/semantic_segmentation/Annotations/Images-and-Supervisely-Annotations/case_5315/img/case_53153_69.png,/data/shared/CataractData/semantic_segmentation/Annotations/Images-and-Supervisely-Annotations/case_5315/mask_anatomy_inst/case_53153_69.png
1256,/data/shared/CataractData/semantic_segmentation/Annotations/Images-and-Supervisely-Annotations/case_5315/img/case_53153_70.png,/data/shared/CataractData/semantic_segmentation/Annotations/Images-and-Supervisely-Annotations/case_5315/mask_anatomy_inst/case_53153_70.png
1257,/data/shared/CataractData/semantic_segmentation/Annotations/Images-and-Supervisely-Annotations/case_5315/img/case_53153_71.png,/data/shared/CataractData/semantic_segmentation/Annotations/Images-and-Supervisely-Annotations/case_5315/mask_anatomy_inst/case_53153_71.png
1258,/data/shared/CataractData/semantic_segmentation/Annotations/Images-and-Supervisely-Annotations/case_5315/img/case_53153_72.png,/data/shared/CataractData/semantic_segmentation/Annotations/Images-and-Supervisely-Annotations/case_5315/mask_anatomy_inst/case_53153_72.png
1259,/data/shared/CataractData/semantic_segmentation/Annotations/Images-and-Supervisely-Annotations/case_5315/img/case_53153_73.png,/data/shared/CataractData/semantic_segmentation/Annotations/Images-and-Supervisely-Annotations/case_5315/mask_anatomy_inst/case_53153_73.png
1260,/data/shared/CataractData/semantic_segmentation/Annotations/Images-and-Supervisely-Annotations/case_5315/img/case_53153_74.png,/data/shared/CataractData/semantic_segmentation/Annotations/Images-and-Supervisely-Annotations/case_5315/mask_anatomy_inst/case_53153_74.png
1261,/data/shared/CataractData/semantic_segmentation/Annotations/Images-and-Supervisely-Annotations/case_5315/img/case_53153_75.png,/data/shared/CataractData/semantic_segmentation/Annotations/Images-and-Supervisely-Annotations/case_5315/mask_anatomy_inst/case_53153_75.png
1262,/data/shared/CataractData/semantic_segmentation/Annotations/Images-and-Supervisely-Annotations/case_5316/img/case5316_01.png,/data/shared/CataractData/semantic_segmentation/Annotations/Images-and-Supervisely-Annotations/case_5316/mask_anatomy_inst/case5316_01.png
1263,/data/shared/CataractData/semantic_segmentation/Annotations/Images-and-Supervisely-Annotations/case_5316/img/case5316_02.png,/data/shared/CataractData/semantic_segmentation/Annotations/Images-and-Supervisely-Annotations/case_5316/mask_anatomy_inst/case5316_02.png
1264,/data/shared/CataractData/semantic_segmentation/Annotations/Images-and-Supervisely-Annotations/case_5316/img/case5316_03.png,/data/shared/CataractData/semantic_segmentation/Annotations/Images-and-Supervisely-Annotations/case_5316/mask_anatomy_inst/case5316_03.png
1265,/data/shared/CataractData/semantic_segmentation/Annotations/Images-and-Supervisely-Annotations/case_5316/img/case5316_04.png,/data/shared/CataractData/semantic_segmentation/Annotations/Images-and-Supervisely-Annotations/case_5316/mask_anatomy_inst/case5316_04.png
1266,/data/shared/CataractData/semantic_segmentation/Annotations/Images-and-Supervisely-Annotations/case_5316/img/case5316_05.png,/data/shared/CataractData/semantic_segmentation/Annotations/Images-and-Supervisely-Annotations/case_5316/mask_anatomy_inst/case5316_05.png
1267,/data/shared/CataractData/semantic_segmentation/Annotations/Images-and-Supervisely-Annotations/case_5316/img/case5316_06.png,/data/shared/CataractData/semantic_segmentation/Annotations/Images-and-Supervisely-Annotations/case_5316/mask_anatomy_inst/case5316_06.png
1268,/data/shared/CataractData/semantic_segmentation/Annotations/Images-and-Supervisely-Annotations/case_5316/img/case5316_07.png,/data/shared/CataractData/semantic_segmentation/Annotations/Images-and-Supervisely-Annotations/case_5316/mask_anatomy_inst/case5316_07.png
1269,/data/shared/CataractData/semantic_segmentation/Annotations/Images-and-Supervisely-Annotations/case_5316/img/case5316_08.png,/data/shared/CataractData/semantic_segmentation/Annotations/Images-and-Supervisely-Annotations/case_5316/mask_anatomy_inst/case5316_08.png
1270,/data/shared/CataractData/semantic_segmentation/Annotations/Images-and-Supervisely-Annotations/case_5316/img/case5316_09.png,/data/shared/CataractData/semantic_segmentation/Annotations/Images-and-Supervisely-Annotations/case_5316/mask_anatomy_inst/case5316_09.png
1271,/data/shared/CataractData/semantic_segmentation/Annotations/Images-and-Supervisely-Annotations/case_5316/img/case5316_10.png,/data/shared/CataractData/semantic_segmentation/Annotations/Images-and-Supervisely-Annotations/case_5316/mask_anatomy_inst/case5316_10.png
1272,/data/shared/CataractData/semantic_segmentation/Annotations/Images-and-Supervisely-Annotations/case_5316/img/case5316_11.png,/data/shared/CataractData/semantic_segmentation/Annotations/Images-and-Supervisely-Annotations/case_5316/mask_anatomy_inst/case5316_11.png
1273,/data/shared/CataractData/semantic_segmentation/Annotations/Images-and-Supervisely-Annotations/case_5316/img/case5316_12.png,/data/shared/CataractData/semantic_segmentation/Annotations/Images-and-Supervisely-Annotations/case_5316/mask_anatomy_inst/case5316_12.png
1274,/data/shared/CataractData/semantic_segmentation/Annotations/Images-and-Supervisely-Annotations/case_5316/img/case5316_13.png,/data/shared/CataractData/semantic_segmentation/Annotations/Images-and-Supervisely-Annotations/case_5316/mask_anatomy_inst/case5316_13.png
1275,/data/shared/CataractData/semantic_segmentation/Annotations/Images-and-Supervisely-Annotations/case_5316/img/case5316_14.png,/data/shared/CataractData/semantic_segmentation/Annotations/Images-and-Supervisely-Annotations/case_5316/mask_anatomy_inst/case5316_14.png
1276,/data/shared/CataractData/semantic_segmentation/Annotations/Images-and-Supervisely-Annotations/case_5316/img/case5316_15.png,/data/shared/CataractData/semantic_segmentation/Annotations/Images-and-Supervisely-Annotations/case_5316/mask_anatomy_inst/case5316_15.png
1277,/data/shared/CataractData/semantic_segmentation/Annotations/Images-and-Supervisely-Annotations/case_5316/img/case5316_16.png,/data/shared/CataractData/semantic_segmentation/Annotations/Images-and-Supervisely-Annotations/case_5316/mask_anatomy_inst/case5316_16.png
1278,/data/shared/CataractData/semantic_segmentation/Annotations/Images-and-Supervisely-Annotations/case_5316/img/case5316_17.png,/data/shared/CataractData/semantic_segmentation/Annotations/Images-and-Supervisely-Annotations/case_5316/mask_anatomy_inst/case5316_17.png
1279,/data/shared/CataractData/semantic_segmentation/Annotations/Images-and-Supervisely-Annotations/case_5316/img/case5316_18.png,/data/shared/CataractData/semantic_segmentation/Annotations/Images-and-Supervisely-Annotations/case_5316/mask_anatomy_inst/case5316_18.png
1280,/data/shared/CataractData/semantic_segmentation/Annotations/Images-and-Supervisely-Annotations/case_5316/img/case5316_19.png,/data/shared/CataractData/semantic_segmentation/Annotations/Images-and-Supervisely-Annotations/case_5316/mask_anatomy_inst/case5316_19.png
1281,/data/shared/CataractData/semantic_segmentation/Annotations/Images-and-Supervisely-Annotations/case_5316/img/case5316_20.png,/data/shared/CataractData/semantic_segmentation/Annotations/Images-and-Supervisely-Annotations/case_5316/mask_anatomy_inst/case5316_20.png
1282,/data/shared/CataractData/semantic_segmentation/Annotations/Images-and-Supervisely-Annotations/case_5316/img/case5316_21.png,/data/shared/CataractData/semantic_segmentation/Annotations/Images-and-Supervisely-Annotations/case_5316/mask_anatomy_inst/case5316_21.png
1283,/data/shared/CataractData/semantic_segmentation/Annotations/Images-and-Supervisely-Annotations/case_5316/img/case5316_22.png,/data/shared/CataractData/semantic_segmentation/Annotations/Images-and-Supervisely-Annotations/case_5316/mask_anatomy_inst/case5316_22.png
1284,/data/shared/CataractData/semantic_segmentation/Annotations/Images-and-Supervisely-Annotations/case_5316/img/case5316_23.png,/data/shared/CataractData/semantic_segmentation/Annotations/Images-and-Supervisely-Annotations/case_5316/mask_anatomy_inst/case5316_23.png
1285,/data/shared/CataractData/semantic_segmentation/Annotations/Images-and-Supervisely-Annotations/case_5316/img/case5316_24.png,/data/shared/CataractData/semantic_segmentation/Annotations/Images-and-Supervisely-Annotations/case_5316/mask_anatomy_inst/case5316_24.png
1286,/data/shared/CataractData/semantic_segmentation/Annotations/Images-and-Supervisely-Annotations/case_5316/img/case5316_25.png,/data/shared/CataractData/semantic_segmentation/Annotations/Images-and-Supervisely-Annotations/case_5316/mask_anatomy_inst/case5316_25.png
1287,/data/shared/CataractData/semantic_segmentation/Annotations/Images-and-Supervisely-Annotations/case_5316/img/case5316_26.png,/data/shared/CataractData/semantic_segmentation/Annotations/Images-and-Supervisely-Annotations/case_5316/mask_anatomy_inst/case5316_26.png
1288,/data/shared/CataractData/semantic_segmentation/Annotations/Images-and-Supervisely-Annotations/case_5316/img/case5316_27.png,/data/shared/CataractData/semantic_segmentation/Annotations/Images-and-Supervisely-Annotations/case_5316/mask_anatomy_inst/case5316_27.png
1289,/data/shared/CataractData/semantic_segmentation/Annotations/Images-and-Supervisely-Annotations/case_5316/img/case5316_28.png,/data/shared/CataractData/semantic_segmentation/Annotations/Images-and-Supervisely-Annotations/case_5316/mask_anatomy_inst/case5316_28.png
1290,/data/shared/CataractData/semantic_segmentation/Annotations/Images-and-Supervisely-Annotations/case_5316/img/case5316_29.png,/data/shared/CataractData/semantic_segmentation/Annotations/Images-and-Supervisely-Annotations/case_5316/mask_anatomy_inst/case5316_29.png
1291,/data/shared/CataractData/semantic_segmentation/Annotations/Images-and-Supervisely-Annotations/case_5316/img/case5316_30.png,/data/shared/CataractData/semantic_segmentation/Annotations/Images-and-Supervisely-Annotations/case_5316/mask_anatomy_inst/case5316_30.png
1292,/data/shared/CataractData/semantic_segmentation/Annotations/Images-and-Supervisely-Annotations/case_5316/img/case5316_31.png,/data/shared/CataractData/semantic_segmentation/Annotations/Images-and-Supervisely-Annotations/case_5316/mask_anatomy_inst/case5316_31.png
1293,/data/shared/CataractData/semantic_segmentation/Annotations/Images-and-Supervisely-Annotations/case_5316/img/case5316_32.png,/data/shared/CataractData/semantic_segmentation/Annotations/Images-and-Supervisely-Annotations/case_5316/mask_anatomy_inst/case5316_32.png
1294,/data/shared/CataractData/semantic_segmentation/Annotations/Images-and-Supervisely-Annotations/case_5316/img/case5316_33.png,/data/shared/CataractData/semantic_segmentation/Annotations/Images-and-Supervisely-Annotations/case_5316/mask_anatomy_inst/case5316_33.png
1295,/data/shared/CataractData/semantic_segmentation/Annotations/Images-and-Supervisely-Annotations/case_5316/img/case5316_34.png,/data/shared/CataractData/semantic_segmentation/Annotations/Images-and-Supervisely-Annotations/case_5316/mask_anatomy_inst/case5316_34.png
1296,/data/shared/CataractData/semantic_segmentation/Annotations/Images-and-Supervisely-Annotations/case_5316/img/case5316_35.png,/data/shared/CataractData/semantic_segmentation/Annotations/Images-and-Supervisely-Annotations/case_5316/mask_anatomy_inst/case5316_35.png
1297,/data/shared/CataractData/semantic_segmentation/Annotations/Images-and-Supervisely-Annotations/case_5316/img/case5316_36.png,/data/shared/CataractData/semantic_segmentation/Annotations/Images-and-Supervisely-Annotations/case_5316/mask_anatomy_inst/case5316_36.png
1298,/data/shared/CataractData/semantic_segmentation/Annotations/Images-and-Supervisely-Annotations/case_5316/img/case5316_38.png,/data/shared/CataractData/semantic_segmentation/Annotations/Images-and-Supervisely-Annotations/case_5316/mask_anatomy_inst/case5316_38.png
1299,/data/shared/CataractData/semantic_segmentation/Annotations/Images-and-Supervisely-Annotations/case_5316/img/case5316_39.png,/data/shared/CataractData/semantic_segmentation/Annotations/Images-and-Supervisely-Annotations/case_5316/mask_anatomy_inst/case5316_39.png
1300,/data/shared/CataractData/semantic_segmentation/Annotations/Images-and-Supervisely-Annotations/case_5316/img/case5316_40.png,/data/shared/CataractData/semantic_segmentation/Annotations/Images-and-Supervisely-Annotations/case_5316/mask_anatomy_inst/case5316_40.png
1301,/data/shared/CataractData/semantic_segmentation/Annotations/Images-and-Supervisely-Annotations/case_5316/img/case5316_41.png,/data/shared/CataractData/semantic_segmentation/Annotations/Images-and-Supervisely-Annotations/case_5316/mask_anatomy_inst/case5316_41.png
1302,/data/shared/CataractData/semantic_segmentation/Annotations/Images-and-Supervisely-Annotations/case_5316/img/case5316_42.png,/data/shared/CataractData/semantic_segmentation/Annotations/Images-and-Supervisely-Annotations/case_5316/mask_anatomy_inst/case5316_42.png
1303,/data/shared/CataractData/semantic_segmentation/Annotations/Images-and-Supervisely-Annotations/case_5316/img/case5316_43.png,/data/shared/CataractData/semantic_segmentation/Annotations/Images-and-Supervisely-Annotations/case_5316/mask_anatomy_inst/case5316_43.png
1304,/data/shared/CataractData/semantic_segmentation/Annotations/Images-and-Supervisely-Annotations/case_5316/img/case5316_44.png,/data/shared/CataractData/semantic_segmentation/Annotations/Images-and-Supervisely-Annotations/case_5316/mask_anatomy_inst/case5316_44.png
1305,/data/shared/CataractData/semantic_segmentation/Annotations/Images-and-Supervisely-Annotations/case_5316/img/case5316_45.png,/data/shared/CataractData/semantic_segmentation/Annotations/Images-and-Supervisely-Annotations/case_5316/mask_anatomy_inst/case5316_45.png
1306,/data/shared/CataractData/semantic_segmentation/Annotations/Images-and-Supervisely-Annotations/case_5316/img/case5316_46.png,/data/shared/CataractData/semantic_segmentation/Annotations/Images-and-Supervisely-Annotations/case_5316/mask_anatomy_inst/case5316_46.png
1307,/data/shared/CataractData/semantic_segmentation/Annotations/Images-and-Supervisely-Annotations/case_5316/img/case5316_47.png,/data/shared/CataractData/semantic_segmentation/Annotations/Images-and-Supervisely-Annotations/case_5316/mask_anatomy_inst/case5316_47.png
1308,/data/shared/CataractData/semantic_segmentation/Annotations/Images-and-Supervisely-Annotations/case_5316/img/case5316_48.png,/data/shared/CataractData/semantic_segmentation/Annotations/Images-and-Supervisely-Annotations/case_5316/mask_anatomy_inst/case5316_48.png
1309,/data/shared/CataractData/semantic_segmentation/Annotations/Images-and-Supervisely-Annotations/case_5316/img/case5316_49.png,/data/shared/CataractData/semantic_segmentation/Annotations/Images-and-Supervisely-Annotations/case_5316/mask_anatomy_inst/case5316_49.png
1310,/data/shared/CataractData/semantic_segmentation/Annotations/Images-and-Supervisely-Annotations/case_5316/img/case5316_50.png,/data/shared/CataractData/semantic_segmentation/Annotations/Images-and-Supervisely-Annotations/case_5316/mask_anatomy_inst/case5316_50.png
1311,/data/shared/CataractData/semantic_segmentation/Annotations/Images-and-Supervisely-Annotations/case_5316/img/case5316_51.png,/data/shared/CataractData/semantic_segmentation/Annotations/Images-and-Supervisely-Annotations/case_5316/mask_anatomy_inst/case5316_51.png
1312,/data/shared/CataractData/semantic_segmentation/Annotations/Images-and-Supervisely-Annotations/case_5316/img/case5316_52.png,/data/shared/CataractData/semantic_segmentation/Annotations/Images-and-Supervisely-Annotations/case_5316/mask_anatomy_inst/case5316_52.png
1313,/data/shared/CataractData/semantic_segmentation/Annotations/Images-and-Supervisely-Annotations/case_5316/img/case5316_53.png,/data/shared/CataractData/semantic_segmentation/Annotations/Images-and-Supervisely-Annotations/case_5316/mask_anatomy_inst/case5316_53.png
1314,/data/shared/CataractData/semantic_segmentation/Annotations/Images-and-Supervisely-Annotations/case_5316/img/case5316_54.png,/data/shared/CataractData/semantic_segmentation/Annotations/Images-and-Supervisely-Annotations/case_5316/mask_anatomy_inst/case5316_54.png
1315,/data/shared/CataractData/semantic_segmentation/Annotations/Images-and-Supervisely-Annotations/case_5316/img/case5316_55.png,/data/shared/CataractData/semantic_segmentation/Annotations/Images-and-Supervisely-Annotations/case_5316/mask_anatomy_inst/case5316_55.png
1316,/data/shared/CataractData/semantic_segmentation/Annotations/Images-and-Supervisely-Annotations/case_5316/img/case5316_56.png,/data/shared/CataractData/semantic_segmentation/Annotations/Images-and-Supervisely-Annotations/case_5316/mask_anatomy_inst/case5316_56.png
1317,/data/shared/CataractData/semantic_segmentation/Annotations/Images-and-Supervisely-Annotations/case_5316/img/case5316_57.png,/data/shared/CataractData/semantic_segmentation/Annotations/Images-and-Supervisely-Annotations/case_5316/mask_anatomy_inst/case5316_57.png
1318,/data/shared/CataractData/semantic_segmentation/Annotations/Images-and-Supervisely-Annotations/case_5316/img/case5316_58.png,/data/shared/CataractData/semantic_segmentation/Annotations/Images-and-Supervisely-Annotations/case_5316/mask_anatomy_inst/case5316_58.png
1319,/data/shared/CataractData/semantic_segmentation/Annotations/Images-and-Supervisely-Annotations/case_5316/img/case5316_59.png,/data/shared/CataractData/semantic_segmentation/Annotations/Images-and-Supervisely-Annotations/case_5316/mask_anatomy_inst/case5316_59.png
1320,/data/shared/CataractData/semantic_segmentation/Annotations/Images-and-Supervisely-Annotations/case_5316/img/case5316_60.png,/data/shared/CataractData/semantic_segmentation/Annotations/Images-and-Supervisely-Annotations/case_5316/mask_anatomy_inst/case5316_60.png
1321,/data/shared/CataractData/semantic_segmentation/Annotations/Images-and-Supervisely-Annotations/case_5316/img/case5316_61.png,/data/shared/CataractData/semantic_segmentation/Annotations/Images-and-Supervisely-Annotations/case_5316/mask_anatomy_inst/case5316_61.png
1322,/data/shared/CataractData/semantic_segmentation/Annotations/Images-and-Supervisely-Annotations/case_5316/img/case5316_62.png,/data/shared/CataractData/semantic_segmentation/Annotations/Images-and-Supervisely-Annotations/case_5316/mask_anatomy_inst/case5316_62.png
1323,/data/shared/CataractData/semantic_segmentation/Annotations/Images-and-Supervisely-Annotations/case_5316/img/case5316_63.png,/data/shared/CataractData/semantic_segmentation/Annotations/Images-and-Supervisely-Annotations/case_5316/mask_anatomy_inst/case5316_63.png
1324,/data/shared/CataractData/semantic_segmentation/Annotations/Images-and-Supervisely-Annotations/case_5316/img/case5316_64.png,/data/shared/CataractData/semantic_segmentation/Annotations/Images-and-Supervisely-Annotations/case_5316/mask_anatomy_inst/case5316_64.png
1325,/data/shared/CataractData/semantic_segmentation/Annotations/Images-and-Supervisely-Annotations/case_5316/img/case5316_65.png,/data/shared/CataractData/semantic_segmentation/Annotations/Images-and-Supervisely-Annotations/case_5316/mask_anatomy_inst/case5316_65.png
1326,/data/shared/CataractData/semantic_segmentation/Annotations/Images-and-Supervisely-Annotations/case_5316/img/case5316_66.png,/data/shared/CataractData/semantic_segmentation/Annotations/Images-and-Supervisely-Annotations/case_5316/mask_anatomy_inst/case5316_66.png
1327,/data/shared/CataractData/semantic_segmentation/Annotations/Images-and-Supervisely-Annotations/case_5316/img/case5316_67.png,/data/shared/CataractData/semantic_segmentation/Annotations/Images-and-Supervisely-Annotations/case_5316/mask_anatomy_inst/case5316_67.png
1328,/data/shared/CataractData/semantic_segmentation/Annotations/Images-and-Supervisely-Annotations/case_5316/img/case5316_68.png,/data/shared/CataractData/semantic_segmentation/Annotations/Images-and-Supervisely-Annotations/case_5316/mask_anatomy_inst/case5316_68.png
1329,/data/shared/CataractData/semantic_segmentation/Annotations/Images-and-Supervisely-Annotations/case_5316/img/case5316_69.png,/data/shared/CataractData/semantic_segmentation/Annotations/Images-and-Supervisely-Annotations/case_5316/mask_anatomy_inst/case5316_69.png
1330,/data/shared/CataractData/semantic_segmentation/Annotations/Images-and-Supervisely-Annotations/case_5316/img/case5316_70.png,/data/shared/CataractData/semantic_segmentation/Annotations/Images-and-Supervisely-Annotations/case_5316/mask_anatomy_inst/case5316_70.png
1331,/data/shared/CataractData/semantic_segmentation/Annotations/Images-and-Supervisely-Annotations/case_5317/img/case5317_01.png,/data/shared/CataractData/semantic_segmentation/Annotations/Images-and-Supervisely-Annotations/case_5317/mask_anatomy_inst/case5317_01.png
1332,/data/shared/CataractData/semantic_segmentation/Annotations/Images-and-Supervisely-Annotations/case_5317/img/case5317_02.png,/data/shared/CataractData/semantic_segmentation/Annotations/Images-and-Supervisely-Annotations/case_5317/mask_anatomy_inst/case5317_02.png
1333,/data/shared/CataractData/semantic_segmentation/Annotations/Images-and-Supervisely-Annotations/case_5317/img/case5317_03.png,/data/shared/CataractData/semantic_segmentation/Annotations/Images-and-Supervisely-Annotations/case_5317/mask_anatomy_inst/case5317_03.png
1334,/data/shared/CataractData/semantic_segmentation/Annotations/Images-and-Supervisely-Annotations/case_5317/img/case5317_04.png,/data/shared/CataractData/semantic_segmentation/Annotations/Images-and-Supervisely-Annotations/case_5317/mask_anatomy_inst/case5317_04.png
1335,/data/shared/CataractData/semantic_segmentation/Annotations/Images-and-Supervisely-Annotations/case_5317/img/case5317_05.png,/data/shared/CataractData/semantic_segmentation/Annotations/Images-and-Supervisely-Annotations/case_5317/mask_anatomy_inst/case5317_05.png
1336,/data/shared/CataractData/semantic_segmentation/Annotations/Images-and-Supervisely-Annotations/case_5317/img/case5317_06.png,/data/shared/CataractData/semantic_segmentation/Annotations/Images-and-Supervisely-Annotations/case_5317/mask_anatomy_inst/case5317_06.png
1337,/data/shared/CataractData/semantic_segmentation/Annotations/Images-and-Supervisely-Annotations/case_5317/img/case5317_07.png,/data/shared/CataractData/semantic_segmentation/Annotations/Images-and-Supervisely-Annotations/case_5317/mask_anatomy_inst/case5317_07.png
1338,/data/shared/CataractData/semantic_segmentation/Annotations/Images-and-Supervisely-Annotations/case_5317/img/case5317_08.png,/data/shared/CataractData/semantic_segmentation/Annotations/Images-and-Supervisely-Annotations/case_5317/mask_anatomy_inst/case5317_08.png
1339,/data/shared/CataractData/semantic_segmentation/Annotations/Images-and-Supervisely-Annotations/case_5317/img/case5317_09.png,/data/shared/CataractData/semantic_segmentation/Annotations/Images-and-Supervisely-Annotations/case_5317/mask_anatomy_inst/case5317_09.png
1340,/data/shared/CataractData/semantic_segmentation/Annotations/Images-and-Supervisely-Annotations/case_5317/img/case5317_10.png,/data/shared/CataractData/semantic_segmentation/Annotations/Images-and-Supervisely-Annotations/case_5317/mask_anatomy_inst/case5317_10.png
1341,/data/shared/CataractData/semantic_segmentation/Annotations/Images-and-Supervisely-Annotations/case_5317/img/case5317_11.png,/data/shared/CataractData/semantic_segmentation/Annotations/Images-and-Supervisely-Annotations/case_5317/mask_anatomy_inst/case5317_11.png
1342,/data/shared/CataractData/semantic_segmentation/Annotations/Images-and-Supervisely-Annotations/case_5317/img/case5317_12.png,/data/shared/CataractData/semantic_segmentation/Annotations/Images-and-Supervisely-Annotations/case_5317/mask_anatomy_inst/case5317_12.png
1343,/data/shared/CataractData/semantic_segmentation/Annotations/Images-and-Supervisely-Annotations/case_5317/img/case5317_13.png,/data/shared/CataractData/semantic_segmentation/Annotations/Images-and-Supervisely-Annotations/case_5317/mask_anatomy_inst/case5317_13.png
1344,/data/shared/CataractData/semantic_segmentation/Annotations/Images-and-Supervisely-Annotations/case_5317/img/case5317_14.png,/data/shared/CataractData/semantic_segmentation/Annotations/Images-and-Supervisely-Annotations/case_5317/mask_anatomy_inst/case5317_14.png
1345,/data/shared/CataractData/semantic_segmentation/Annotations/Images-and-Supervisely-Annotations/case_5317/img/case5317_15.png,/data/shared/CataractData/semantic_segmentation/Annotations/Images-and-Supervisely-Annotations/case_5317/mask_anatomy_inst/case5317_15.png
1346,/data/shared/CataractData/semantic_segmentation/Annotations/Images-and-Supervisely-Annotations/case_5317/img/case5317_16.png,/data/shared/CataractData/semantic_segmentation/Annotations/Images-and-Supervisely-Annotations/case_5317/mask_anatomy_inst/case5317_16.png
1347,/data/shared/CataractData/semantic_segmentation/Annotations/Images-and-Supervisely-Annotations/case_5317/img/case5317_17.png,/data/shared/CataractData/semantic_segmentation/Annotations/Images-and-Supervisely-Annotations/case_5317/mask_anatomy_inst/case5317_17.png
1348,/data/shared/CataractData/semantic_segmentation/Annotations/Images-and-Supervisely-Annotations/case_5317/img/case5317_18.png,/data/shared/CataractData/semantic_segmentation/Annotations/Images-and-Supervisely-Annotations/case_5317/mask_anatomy_inst/case5317_18.png
1349,/data/shared/CataractData/semantic_segmentation/Annotations/Images-and-Supervisely-Annotations/case_5317/img/case5317_19.png,/data/shared/CataractData/semantic_segmentation/Annotations/Images-and-Supervisely-Annotations/case_5317/mask_anatomy_inst/case5317_19.png
1350,/data/shared/CataractData/semantic_segmentation/Annotations/Images-and-Supervisely-Annotations/case_5317/img/case5317_20.png,/data/shared/CataractData/semantic_segmentation/Annotations/Images-and-Supervisely-Annotations/case_5317/mask_anatomy_inst/case5317_20.png
1351,/data/shared/CataractData/semantic_segmentation/Annotations/Images-and-Supervisely-Annotations/case_5317/img/case5317_21.png,/data/shared/CataractData/semantic_segmentation/Annotations/Images-and-Supervisely-Annotations/case_5317/mask_anatomy_inst/case5317_21.png
1352,/data/shared/CataractData/semantic_segmentation/Annotations/Images-and-Supervisely-Annotations/case_5317/img/case5317_23.png,/data/shared/CataractData/semantic_segmentation/Annotations/Images-and-Supervisely-Annotations/case_5317/mask_anatomy_inst/case5317_23.png
1353,/data/shared/CataractData/semantic_segmentation/Annotations/Images-and-Supervisely-Annotations/case_5317/img/case5317_24.png,/data/shared/CataractData/semantic_segmentation/Annotations/Images-and-Supervisely-Annotations/case_5317/mask_anatomy_inst/case5317_24.png
1354,/data/shared/CataractData/semantic_segmentation/Annotations/Images-and-Supervisely-Annotations/case_5317/img/case5317_25.png,/data/shared/CataractData/semantic_segmentation/Annotations/Images-and-Supervisely-Annotations/case_5317/mask_anatomy_inst/case5317_25.png
1355,/data/shared/CataractData/semantic_segmentation/Annotations/Images-and-Supervisely-Annotations/case_5317/img/case5317_26.png,/data/shared/CataractData/semantic_segmentation/Annotations/Images-and-Supervisely-Annotations/case_5317/mask_anatomy_inst/case5317_26.png
1356,/data/shared/CataractData/semantic_segmentation/Annotations/Images-and-Supervisely-Annotations/case_5317/img/case5317_27.png,/data/shared/CataractData/semantic_segmentation/Annotations/Images-and-Supervisely-Annotations/case_5317/mask_anatomy_inst/case5317_27.png
1357,/data/shared/CataractData/semantic_segmentation/Annotations/Images-and-Supervisely-Annotations/case_5317/img/case5317_28.png,/data/shared/CataractData/semantic_segmentation/Annotations/Images-and-Supervisely-Annotations/case_5317/mask_anatomy_inst/case5317_28.png
1358,/data/shared/CataractData/semantic_segmentation/Annotations/Images-and-Supervisely-Annotations/case_5317/img/case5317_29.png,/data/shared/CataractData/semantic_segmentation/Annotations/Images-and-Supervisely-Annotations/case_5317/mask_anatomy_inst/case5317_29.png
1359,/data/shared/CataractData/semantic_segmentation/Annotations/Images-and-Supervisely-Annotations/case_5317/img/case5317_30.png,/data/shared/CataractData/semantic_segmentation/Annotations/Images-and-Supervisely-Annotations/case_5317/mask_anatomy_inst/case5317_30.png
1360,/data/shared/CataractData/semantic_segmentation/Annotations/Images-and-Supervisely-Annotations/case_5317/img/case5317_32.png,/data/shared/CataractData/semantic_segmentation/Annotations/Images-and-Supervisely-Annotations/case_5317/mask_anatomy_inst/case5317_32.png
1361,/data/shared/CataractData/semantic_segmentation/Annotations/Images-and-Supervisely-Annotations/case_5317/img/case5317_33.png,/data/shared/CataractData/semantic_segmentation/Annotations/Images-and-Supervisely-Annotations/case_5317/mask_anatomy_inst/case5317_33.png
1362,/data/shared/CataractData/semantic_segmentation/Annotations/Images-and-Supervisely-Annotations/case_5317/img/case5317_34.png,/data/shared/CataractData/semantic_segmentation/Annotations/Images-and-Supervisely-Annotations/case_5317/mask_anatomy_inst/case5317_34.png
1363,/data/shared/CataractData/semantic_segmentation/Annotations/Images-and-Supervisely-Annotations/case_5317/img/case5317_35.png,/data/shared/CataractData/semantic_segmentation/Annotations/Images-and-Supervisely-Annotations/case_5317/mask_anatomy_inst/case5317_35.png
1364,/data/shared/CataractData/semantic_segmentation/Annotations/Images-and-Supervisely-Annotations/case_5317/img/case5317_36.png,/data/shared/CataractData/semantic_segmentation/Annotations/Images-and-Supervisely-Annotations/case_5317/mask_anatomy_inst/case5317_36.png
1365,/data/shared/CataractData/semantic_segmentation/Annotations/Images-and-Supervisely-Annotations/case_5317/img/case5317_37.png,/data/shared/CataractData/semantic_segmentation/Annotations/Images-and-Supervisely-Annotations/case_5317/mask_anatomy_inst/case5317_37.png
1366,/data/shared/CataractData/semantic_segmentation/Annotations/Images-and-Supervisely-Annotations/case_5317/img/case5317_38.png,/data/shared/CataractData/semantic_segmentation/Annotations/Images-and-Supervisely-Annotations/case_5317/mask_anatomy_inst/case5317_38.png
1367,/data/shared/CataractData/semantic_segmentation/Annotations/Images-and-Supervisely-Annotations/case_5317/img/case5317_39.png,/data/shared/CataractData/semantic_segmentation/Annotations/Images-and-Supervisely-Annotations/case_5317/mask_anatomy_inst/case5317_39.png
1368,/data/shared/CataractData/semantic_segmentation/Annotations/Images-and-Supervisely-Annotations/case_5317/img/case5317_40.png,/data/shared/CataractData/semantic_segmentation/Annotations/Images-and-Supervisely-Annotations/case_5317/mask_anatomy_inst/case5317_40.png
1369,/data/shared/CataractData/semantic_segmentation/Annotations/Images-and-Supervisely-Annotations/case_5317/img/case5317_41.png,/data/shared/CataractData/semantic_segmentation/Annotations/Images-and-Supervisely-Annotations/case_5317/mask_anatomy_inst/case5317_41.png
1370,/data/shared/CataractData/semantic_segmentation/Annotations/Images-and-Supervisely-Annotations/case_5317/img/case5317_42.png,/data/shared/CataractData/semantic_segmentation/Annotations/Images-and-Supervisely-Annotations/case_5317/mask_anatomy_inst/case5317_42.png
1371,/data/shared/CataractData/semantic_segmentation/Annotations/Images-and-Supervisely-Annotations/case_5317/img/case5317_43.png,/data/shared/CataractData/semantic_segmentation/Annotations/Images-and-Supervisely-Annotations/case_5317/mask_anatomy_inst/case5317_43.png
1372,/data/shared/CataractData/semantic_segmentation/Annotations/Images-and-Supervisely-Annotations/case_5317/img/case5317_44.png,/data/shared/CataractData/semantic_segmentation/Annotations/Images-and-Supervisely-Annotations/case_5317/mask_anatomy_inst/case5317_44.png
1373,/data/shared/CataractData/semantic_segmentation/Annotations/Images-and-Supervisely-Annotations/case_5317/img/case5317_45.png,/data/shared/CataractData/semantic_segmentation/Annotations/Images-and-Supervisely-Annotations/case_5317/mask_anatomy_inst/case5317_45.png
1374,/data/shared/CataractData/semantic_segmentation/Annotations/Images-and-Supervisely-Annotations/case_5317/img/case5317_46.png,/data/shared/CataractData/semantic_segmentation/Annotations/Images-and-Supervisely-Annotations/case_5317/mask_anatomy_inst/case5317_46.png
1375,/data/shared/CataractData/semantic_segmentation/Annotations/Images-and-Supervisely-Annotations/case_5317/img/case5317_47.png,/data/shared/CataractData/semantic_segmentation/Annotations/Images-and-Supervisely-Annotations/case_5317/mask_anatomy_inst/case5317_47.png
1376,/data/shared/CataractData/semantic_segmentation/Annotations/Images-and-Supervisely-Annotations/case_5317/img/case5317_48.png,/data/shared/CataractData/semantic_segmentation/Annotations/Images-and-Supervisely-Annotations/case_5317/mask_anatomy_inst/case5317_48.png
1377,/data/shared/CataractData/semantic_segmentation/Annotations/Images-and-Supervisely-Annotations/case_5317/img/case5317_49.png,/data/shared/CataractData/semantic_segmentation/Annotations/Images-and-Supervisely-Annotations/case_5317/mask_anatomy_inst/case5317_49.png
1378,/data/shared/CataractData/semantic_segmentation/Annotations/Images-and-Supervisely-Annotations/case_5317/img/case5317_50.png,/data/shared/CataractData/semantic_segmentation/Annotations/Images-and-Supervisely-Annotations/case_5317/mask_anatomy_inst/case5317_50.png
1379,/data/shared/CataractData/semantic_segmentation/Annotations/Images-and-Supervisely-Annotations/case_5317/img/case5317_51.png,/data/shared/CataractData/semantic_segmentation/Annotations/Images-and-Supervisely-Annotations/case_5317/mask_anatomy_inst/case5317_51.png
1380,/data/shared/CataractData/semantic_segmentation/Annotations/Images-and-Supervisely-Annotations/case_5317/img/case5317_52.png,/data/shared/CataractData/semantic_segmentation/Annotations/Images-and-Supervisely-Annotations/case_5317/mask_anatomy_inst/case5317_52.png
1381,/data/shared/CataractData/semantic_segmentation/Annotations/Images-and-Supervisely-Annotations/case_5317/img/case5317_53.png,/data/shared/CataractData/semantic_segmentation/Annotations/Images-and-Supervisely-Annotations/case_5317/mask_anatomy_inst/case5317_53.png
1382,/data/shared/CataractData/semantic_segmentation/Annotations/Images-and-Supervisely-Annotations/case_5317/img/case5317_54.png,/data/shared/CataractData/semantic_segmentation/Annotations/Images-and-Supervisely-Annotations/case_5317/mask_anatomy_inst/case5317_54.png
1383,/data/shared/CataractData/semantic_segmentation/Annotations/Images-and-Supervisely-Annotations/case_5317/img/case5317_55.png,/data/shared/CataractData/semantic_segmentation/Annotations/Images-and-Supervisely-Annotations/case_5317/mask_anatomy_inst/case5317_55.png
1384,/data/shared/CataractData/semantic_segmentation/Annotations/Images-and-Supervisely-Annotations/case_5317/img/case5317_56.png,/data/shared/CataractData/semantic_segmentation/Annotations/Images-and-Supervisely-Annotations/case_5317/mask_anatomy_inst/case5317_56.png
1385,/data/shared/CataractData/semantic_segmentation/Annotations/Images-and-Supervisely-Annotations/case_5317/img/case5317_57.png,/data/shared/CataractData/semantic_segmentation/Annotations/Images-and-Supervisely-Annotations/case_5317/mask_anatomy_inst/case5317_57.png
1386,/data/shared/CataractData/semantic_segmentation/Annotations/Images-and-Supervisely-Annotations/case_5317/img/case5317_58.png,/data/shared/CataractData/semantic_segmentation/Annotations/Images-and-Supervisely-Annotations/case_5317/mask_anatomy_inst/case5317_58.png
1387,/data/shared/CataractData/semantic_segmentation/Annotations/Images-and-Supervisely-Annotations/case_5317/img/case5317_59.png,/data/shared/CataractData/semantic_segmentation/Annotations/Images-and-Supervisely-Annotations/case_5317/mask_anatomy_inst/case5317_59.png
1388,/data/shared/CataractData/semantic_segmentation/Annotations/Images-and-Supervisely-Annotations/case_5317/img/case5317_60.png,/data/shared/CataractData/semantic_segmentation/Annotations/Images-and-Supervisely-Annotations/case_5317/mask_anatomy_inst/case5317_60.png
1389,/data/shared/CataractData/semantic_segmentation/Annotations/Images-and-Supervisely-Annotations/case_5317/img/case5317_61.png,/data/shared/CataractData/semantic_segmentation/Annotations/Images-and-Supervisely-Annotations/case_5317/mask_anatomy_inst/case5317_61.png
1390,/data/shared/CataractData/semantic_segmentation/Annotations/Images-and-Supervisely-Annotations/case_5317/img/case5317_62.png,/data/shared/CataractData/semantic_segmentation/Annotations/Images-and-Supervisely-Annotations/case_5317/mask_anatomy_inst/case5317_62.png
1391,/data/shared/CataractData/semantic_segmentation/Annotations/Images-and-Supervisely-Annotations/case_5319/img/case5319_01.png,/data/shared/CataractData/semantic_segmentation/Annotations/Images-and-Supervisely-Annotations/case_5319/mask_anatomy_inst/case5319_01.png
1392,/data/shared/CataractData/semantic_segmentation/Annotations/Images-and-Supervisely-Annotations/case_5319/img/case5319_02.png,/data/shared/CataractData/semantic_segmentation/Annotations/Images-and-Supervisely-Annotations/case_5319/mask_anatomy_inst/case5319_02.png
1393,/data/shared/CataractData/semantic_segmentation/Annotations/Images-and-Supervisely-Annotations/case_5319/img/case5319_03.png,/data/shared/CataractData/semantic_segmentation/Annotations/Images-and-Supervisely-Annotations/case_5319/mask_anatomy_inst/case5319_03.png
1394,/data/shared/CataractData/semantic_segmentation/Annotations/Images-and-Supervisely-Annotations/case_5319/img/case5319_04.png,/data/shared/CataractData/semantic_segmentation/Annotations/Images-and-Supervisely-Annotations/case_5319/mask_anatomy_inst/case5319_04.png
1395,/data/shared/CataractData/semantic_segmentation/Annotations/Images-and-Supervisely-Annotations/case_5319/img/case5319_05.png,/data/shared/CataractData/semantic_segmentation/Annotations/Images-and-Supervisely-Annotations/case_5319/mask_anatomy_inst/case5319_05.png
1396,/data/shared/CataractData/semantic_segmentation/Annotations/Images-and-Supervisely-Annotations/case_5319/img/case5319_06.png,/data/shared/CataractData/semantic_segmentation/Annotations/Images-and-Supervisely-Annotations/case_5319/mask_anatomy_inst/case5319_06.png
1397,/data/shared/CataractData/semantic_segmentation/Annotations/Images-and-Supervisely-Annotations/case_5319/img/case5319_07.png,/data/shared/CataractData/semantic_segmentation/Annotations/Images-and-Supervisely-Annotations/case_5319/mask_anatomy_inst/case5319_07.png
1398,/data/shared/CataractData/semantic_segmentation/Annotations/Images-and-Supervisely-Annotations/case_5319/img/case5319_08.png,/data/shared/CataractData/semantic_segmentation/Annotations/Images-and-Supervisely-Annotations/case_5319/mask_anatomy_inst/case5319_08.png
1399,/data/shared/CataractData/semantic_segmentation/Annotations/Images-and-Supervisely-Annotations/case_5319/img/case5319_09.png,/data/shared/CataractData/semantic_segmentation/Annotations/Images-and-Supervisely-Annotations/case_5319/mask_anatomy_inst/case5319_09.png
1400,/data/shared/CataractData/semantic_segmentation/Annotations/Images-and-Supervisely-Annotations/case_5319/img/case5319_10.png,/data/shared/CataractData/semantic_segmentation/Annotations/Images-and-Supervisely-Annotations/case_5319/mask_anatomy_inst/case5319_10.png
1401,/data/shared/CataractData/semantic_segmentation/Annotations/Images-and-Supervisely-Annotations/case_5319/img/case5319_100.png,/data/shared/CataractData/semantic_segmentation/Annotations/Images-and-Supervisely-Annotations/case_5319/mask_anatomy_inst/case5319_100.png
1402,/data/shared/CataractData/semantic_segmentation/Annotations/Images-and-Supervisely-Annotations/case_5319/img/case5319_101.png,/data/shared/CataractData/semantic_segmentation/Annotations/Images-and-Supervisely-Annotations/case_5319/mask_anatomy_inst/case5319_101.png
1403,/data/shared/CataractData/semantic_segmentation/Annotations/Images-and-Supervisely-Annotations/case_5319/img/case5319_102.png,/data/shared/CataractData/semantic_segmentation/Annotations/Images-and-Supervisely-Annotations/case_5319/mask_anatomy_inst/case5319_102.png
1404,/data/shared/CataractData/semantic_segmentation/Annotations/Images-and-Supervisely-Annotations/case_5319/img/case5319_103.png,/data/shared/CataractData/semantic_segmentation/Annotations/Images-and-Supervisely-Annotations/case_5319/mask_anatomy_inst/case5319_103.png
1405,/data/shared/CataractData/semantic_segmentation/Annotations/Images-and-Supervisely-Annotations/case_5319/img/case5319_104.png,/data/shared/CataractData/semantic_segmentation/Annotations/Images-and-Supervisely-Annotations/case_5319/mask_anatomy_inst/case5319_104.png
1406,/data/shared/CataractData/semantic_segmentation/Annotations/Images-and-Supervisely-Annotations/case_5319/img/case5319_105.png,/data/shared/CataractData/semantic_segmentation/Annotations/Images-and-Supervisely-Annotations/case_5319/mask_anatomy_inst/case5319_105.png
1407,/data/shared/CataractData/semantic_segmentation/Annotations/Images-and-Supervisely-Annotations/case_5319/img/case5319_106.png,/data/shared/CataractData/semantic_segmentation/Annotations/Images-and-Supervisely-Annotations/case_5319/mask_anatomy_inst/case5319_106.png
1408,/data/shared/CataractData/semantic_segmentation/Annotations/Images-and-Supervisely-Annotations/case_5319/img/case5319_107.png,/data/shared/CataractData/semantic_segmentation/Annotations/Images-and-Supervisely-Annotations/case_5319/mask_anatomy_inst/case5319_107.png
1409,/data/shared/CataractData/semantic_segmentation/Annotations/Images-and-Supervisely-Annotations/case_5319/img/case5319_108.png,/data/shared/CataractData/semantic_segmentation/Annotations/Images-and-Supervisely-Annotations/case_5319/mask_anatomy_inst/case5319_108.png
1410,/data/shared/CataractData/semantic_segmentation/Annotations/Images-and-Supervisely-Annotations/case_5319/img/case5319_109.png,/data/shared/CataractData/semantic_segmentation/Annotations/Images-and-Supervisely-Annotations/case_5319/mask_anatomy_inst/case5319_109.png
1411,/data/shared/CataractData/semantic_segmentation/Annotations/Images-and-Supervisely-Annotations/case_5319/img/case5319_11.png,/data/shared/CataractData/semantic_segmentation/Annotations/Images-and-Supervisely-Annotations/case_5319/mask_anatomy_inst/case5319_11.png
1412,/data/shared/CataractData/semantic_segmentation/Annotations/Images-and-Supervisely-Annotations/case_5319/img/case5319_110.png,/data/shared/CataractData/semantic_segmentation/Annotations/Images-and-Supervisely-Annotations/case_5319/mask_anatomy_inst/case5319_110.png
1413,/data/shared/CataractData/semantic_segmentation/Annotations/Images-and-Supervisely-Annotations/case_5319/img/case5319_111.png,/data/shared/CataractData/semantic_segmentation/Annotations/Images-and-Supervisely-Annotations/case_5319/mask_anatomy_inst/case5319_111.png
1414,/data/shared/CataractData/semantic_segmentation/Annotations/Images-and-Supervisely-Annotations/case_5319/img/case5319_12.png,/data/shared/CataractData/semantic_segmentation/Annotations/Images-and-Supervisely-Annotations/case_5319/mask_anatomy_inst/case5319_12.png
1415,/data/shared/CataractData/semantic_segmentation/Annotations/Images-and-Supervisely-Annotations/case_5319/img/case5319_13.png,/data/shared/CataractData/semantic_segmentation/Annotations/Images-and-Supervisely-Annotations/case_5319/mask_anatomy_inst/case5319_13.png
1416,/data/shared/CataractData/semantic_segmentation/Annotations/Images-and-Supervisely-Annotations/case_5319/img/case5319_14.png,/data/shared/CataractData/semantic_segmentation/Annotations/Images-and-Supervisely-Annotations/case_5319/mask_anatomy_inst/case5319_14.png
1417,/data/shared/CataractData/semantic_segmentation/Annotations/Images-and-Supervisely-Annotations/case_5319/img/case5319_15.png,/data/shared/CataractData/semantic_segmentation/Annotations/Images-and-Supervisely-Annotations/case_5319/mask_anatomy_inst/case5319_15.png
1418,/data/shared/CataractData/semantic_segmentation/Annotations/Images-and-Supervisely-Annotations/case_5319/img/case5319_16.png,/data/shared/CataractData/semantic_segmentation/Annotations/Images-and-Supervisely-Annotations/case_5319/mask_anatomy_inst/case5319_16.png
1419,/data/shared/CataractData/semantic_segmentation/Annotations/Images-and-Supervisely-Annotations/case_5319/img/case5319_17.png,/data/shared/CataractData/semantic_segmentation/Annotations/Images-and-Supervisely-Annotations/case_5319/mask_anatomy_inst/case5319_17.png
1420,/data/shared/CataractData/semantic_segmentation/Annotations/Images-and-Supervisely-Annotations/case_5319/img/case5319_18.png,/data/shared/CataractData/semantic_segmentation/Annotations/Images-and-Supervisely-Annotations/case_5319/mask_anatomy_inst/case5319_18.png
1421,/data/shared/CataractData/semantic_segmentation/Annotations/Images-and-Supervisely-Annotations/case_5319/img/case5319_19.png,/data/shared/CataractData/semantic_segmentation/Annotations/Images-and-Supervisely-Annotations/case_5319/mask_anatomy_inst/case5319_19.png
1422,/data/shared/CataractData/semantic_segmentation/Annotations/Images-and-Supervisely-Annotations/case_5319/img/case5319_20.png,/data/shared/CataractData/semantic_segmentation/Annotations/Images-and-Supervisely-Annotations/case_5319/mask_anatomy_inst/case5319_20.png
1423,/data/shared/CataractData/semantic_segmentation/Annotations/Images-and-Supervisely-Annotations/case_5319/img/case5319_21.png,/data/shared/CataractData/semantic_segmentation/Annotations/Images-and-Supervisely-Annotations/case_5319/mask_anatomy_inst/case5319_21.png
1424,/data/shared/CataractData/semantic_segmentation/Annotations/Images-and-Supervisely-Annotations/case_5319/img/case5319_22.png,/data/shared/CataractData/semantic_segmentation/Annotations/Images-and-Supervisely-Annotations/case_5319/mask_anatomy_inst/case5319_22.png
1425,/data/shared/CataractData/semantic_segmentation/Annotations/Images-and-Supervisely-Annotations/case_5319/img/case5319_23.png,/data/shared/CataractData/semantic_segmentation/Annotations/Images-and-Supervisely-Annotations/case_5319/mask_anatomy_inst/case5319_23.png
1426,/data/shared/CataractData/semantic_segmentation/Annotations/Images-and-Supervisely-Annotations/case_5319/img/case5319_24.png,/data/shared/CataractData/semantic_segmentation/Annotations/Images-and-Supervisely-Annotations/case_5319/mask_anatomy_inst/case5319_24.png
1427,/data/shared/CataractData/semantic_segmentation/Annotations/Images-and-Supervisely-Annotations/case_5319/img/case5319_25.png,/data/shared/CataractData/semantic_segmentation/Annotations/Images-and-Supervisely-Annotations/case_5319/mask_anatomy_inst/case5319_25.png
1428,/data/shared/CataractData/semantic_segmentation/Annotations/Images-and-Supervisely-Annotations/case_5319/img/case5319_26.png,/data/shared/CataractData/semantic_segmentation/Annotations/Images-and-Supervisely-Annotations/case_5319/mask_anatomy_inst/case5319_26.png
1429,/data/shared/CataractData/semantic_segmentation/Annotations/Images-and-Supervisely-Annotations/case_5319/img/case5319_27.png,/data/shared/CataractData/semantic_segmentation/Annotations/Images-and-Supervisely-Annotations/case_5319/mask_anatomy_inst/case5319_27.png
1430,/data/shared/CataractData/semantic_segmentation/Annotations/Images-and-Supervisely-Annotations/case_5319/img/case5319_28.png,/data/shared/CataractData/semantic_segmentation/Annotations/Images-and-Supervisely-Annotations/case_5319/mask_anatomy_inst/case5319_28.png
1431,/data/shared/CataractData/semantic_segmentation/Annotations/Images-and-Supervisely-Annotations/case_5319/img/case5319_29.png,/data/shared/CataractData/semantic_segmentation/Annotations/Images-and-Supervisely-Annotations/case_5319/mask_anatomy_inst/case5319_29.png
1432,/data/shared/CataractData/semantic_segmentation/Annotations/Images-and-Supervisely-Annotations/case_5319/img/case5319_30.png,/data/shared/CataractData/semantic_segmentation/Annotations/Images-and-Supervisely-Annotations/case_5319/mask_anatomy_inst/case5319_30.png
1433,/data/shared/CataractData/semantic_segmentation/Annotations/Images-and-Supervisely-Annotations/case_5319/img/case5319_31.png,/data/shared/CataractData/semantic_segmentation/Annotations/Images-and-Supervisely-Annotations/case_5319/mask_anatomy_inst/case5319_31.png
1434,/data/shared/CataractData/semantic_segmentation/Annotations/Images-and-Supervisely-Annotations/case_5319/img/case5319_32.png,/data/shared/CataractData/semantic_segmentation/Annotations/Images-and-Supervisely-Annotations/case_5319/mask_anatomy_inst/case5319_32.png
1435,/data/shared/CataractData/semantic_segmentation/Annotations/Images-and-Supervisely-Annotations/case_5319/img/case5319_33.png,/data/shared/CataractData/semantic_segmentation/Annotations/Images-and-Supervisely-Annotations/case_5319/mask_anatomy_inst/case5319_33.png
1436,/data/shared/CataractData/semantic_segmentation/Annotations/Images-and-Supervisely-Annotations/case_5319/img/case5319_34.png,/data/shared/CataractData/semantic_segmentation/Annotations/Images-and-Supervisely-Annotations/case_5319/mask_anatomy_inst/case5319_34.png
1437,/data/shared/CataractData/semantic_segmentation/Annotations/Images-and-Supervisely-Annotations/case_5319/img/case5319_35.png,/data/shared/CataractData/semantic_segmentation/Annotations/Images-and-Supervisely-Annotations/case_5319/mask_anatomy_inst/case5319_35.png
1438,/data/shared/CataractData/semantic_segmentation/Annotations/Images-and-Supervisely-Annotations/case_5319/img/case5319_36.png,/data/shared/CataractData/semantic_segmentation/Annotations/Images-and-Supervisely-Annotations/case_5319/mask_anatomy_inst/case5319_36.png
1439,/data/shared/CataractData/semantic_segmentation/Annotations/Images-and-Supervisely-Annotations/case_5319/img/case5319_37.png,/data/shared/CataractData/semantic_segmentation/Annotations/Images-and-Supervisely-Annotations/case_5319/mask_anatomy_inst/case5319_37.png
1440,/data/shared/CataractData/semantic_segmentation/Annotations/Images-and-Supervisely-Annotations/case_5319/img/case5319_38.png,/data/shared/CataractData/semantic_segmentation/Annotations/Images-and-Supervisely-Annotations/case_5319/mask_anatomy_inst/case5319_38.png
1441,/data/shared/CataractData/semantic_segmentation/Annotations/Images-and-Supervisely-Annotations/case_5319/img/case5319_39.png,/data/shared/CataractData/semantic_segmentation/Annotations/Images-and-Supervisely-Annotations/case_5319/mask_anatomy_inst/case5319_39.png
1442,/data/shared/CataractData/semantic_segmentation/Annotations/Images-and-Supervisely-Annotations/case_5319/img/case5319_40.png,/data/shared/CataractData/semantic_segmentation/Annotations/Images-and-Supervisely-Annotations/case_5319/mask_anatomy_inst/case5319_40.png
1443,/data/shared/CataractData/semantic_segmentation/Annotations/Images-and-Supervisely-Annotations/case_5319/img/case5319_41.png,/data/shared/CataractData/semantic_segmentation/Annotations/Images-and-Supervisely-Annotations/case_5319/mask_anatomy_inst/case5319_41.png
1444,/data/shared/CataractData/semantic_segmentation/Annotations/Images-and-Supervisely-Annotations/case_5319/img/case5319_42.png,/data/shared/CataractData/semantic_segmentation/Annotations/Images-and-Supervisely-Annotations/case_5319/mask_anatomy_inst/case5319_42.png
1445,/data/shared/CataractData/semantic_segmentation/Annotations/Images-and-Supervisely-Annotations/case_5319/img/case5319_43.png,/data/shared/CataractData/semantic_segmentation/Annotations/Images-and-Supervisely-Annotations/case_5319/mask_anatomy_inst/case5319_43.png
1446,/data/shared/CataractData/semantic_segmentation/Annotations/Images-and-Supervisely-Annotations/case_5319/img/case5319_44.png,/data/shared/CataractData/semantic_segmentation/Annotations/Images-and-Supervisely-Annotations/case_5319/mask_anatomy_inst/case5319_44.png
1447,/data/shared/CataractData/semantic_segmentation/Annotations/Images-and-Supervisely-Annotations/case_5319/img/case5319_45.png,/data/shared/CataractData/semantic_segmentation/Annotations/Images-and-Supervisely-Annotations/case_5319/mask_anatomy_inst/case5319_45.png
1448,/data/shared/CataractData/semantic_segmentation/Annotations/Images-and-Supervisely-Annotations/case_5319/img/case5319_46.png,/data/shared/CataractData/semantic_segmentation/Annotations/Images-and-Supervisely-Annotations/case_5319/mask_anatomy_inst/case5319_46.png
1449,/data/shared/CataractData/semantic_segmentation/Annotations/Images-and-Supervisely-Annotations/case_5319/img/case5319_47.png,/data/shared/CataractData/semantic_segmentation/Annotations/Images-and-Supervisely-Annotations/case_5319/mask_anatomy_inst/case5319_47.png
1450,/data/shared/CataractData/semantic_segmentation/Annotations/Images-and-Supervisely-Annotations/case_5319/img/case5319_48.png,/data/shared/CataractData/semantic_segmentation/Annotations/Images-and-Supervisely-Annotations/case_5319/mask_anatomy_inst/case5319_48.png
1451,/data/shared/CataractData/semantic_segmentation/Annotations/Images-and-Supervisely-Annotations/case_5319/img/case5319_49.png,/data/shared/CataractData/semantic_segmentation/Annotations/Images-and-Supervisely-Annotations/case_5319/mask_anatomy_inst/case5319_49.png
1452,/data/shared/CataractData/semantic_segmentation/Annotations/Images-and-Supervisely-Annotations/case_5319/img/case5319_50.png,/data/shared/CataractData/semantic_segmentation/Annotations/Images-and-Supervisely-Annotations/case_5319/mask_anatomy_inst/case5319_50.png
1453,/data/shared/CataractData/semantic_segmentation/Annotations/Images-and-Supervisely-Annotations/case_5319/img/case5319_51.png,/data/shared/CataractData/semantic_segmentation/Annotations/Images-and-Supervisely-Annotations/case_5319/mask_anatomy_inst/case5319_51.png
1454,/data/shared/CataractData/semantic_segmentation/Annotations/Images-and-Supervisely-Annotations/case_5319/img/case5319_52.png,/data/shared/CataractData/semantic_segmentation/Annotations/Images-and-Supervisely-Annotations/case_5319/mask_anatomy_inst/case5319_52.png
1455,/data/shared/CataractData/semantic_segmentation/Annotations/Images-and-Supervisely-Annotations/case_5319/img/case5319_53.png,/data/shared/CataractData/semantic_segmentation/Annotations/Images-and-Supervisely-Annotations/case_5319/mask_anatomy_inst/case5319_53.png
1456,/data/shared/CataractData/semantic_segmentation/Annotations/Images-and-Supervisely-Annotations/case_5319/img/case5319_54.png,/data/shared/CataractData/semantic_segmentation/Annotations/Images-and-Supervisely-Annotations/case_5319/mask_anatomy_inst/case5319_54.png
1457,/data/shared/CataractData/semantic_segmentation/Annotations/Images-and-Supervisely-Annotations/case_5319/img/case5319_55.png,/data/shared/CataractData/semantic_segmentation/Annotations/Images-and-Supervisely-Annotations/case_5319/mask_anatomy_inst/case5319_55.png
1458,/data/shared/CataractData/semantic_segmentation/Annotations/Images-and-Supervisely-Annotations/case_5319/img/case5319_56.png,/data/shared/CataractData/semantic_segmentation/Annotations/Images-and-Supervisely-Annotations/case_5319/mask_anatomy_inst/case5319_56.png
1459,/data/shared/CataractData/semantic_segmentation/Annotations/Images-and-Supervisely-Annotations/case_5319/img/case5319_57.png,/data/shared/CataractData/semantic_segmentation/Annotations/Images-and-Supervisely-Annotations/case_5319/mask_anatomy_inst/case5319_57.png
1460,/data/shared/CataractData/semantic_segmentation/Annotations/Images-and-Supervisely-Annotations/case_5319/img/case5319_58.png,/data/shared/CataractData/semantic_segmentation/Annotations/Images-and-Supervisely-Annotations/case_5319/mask_anatomy_inst/case5319_58.png
1461,/data/shared/CataractData/semantic_segmentation/Annotations/Images-and-Supervisely-Annotations/case_5319/img/case5319_59.png,/data/shared/CataractData/semantic_segmentation/Annotations/Images-and-Supervisely-Annotations/case_5319/mask_anatomy_inst/case5319_59.png
1462,/data/shared/CataractData/semantic_segmentation/Annotations/Images-and-Supervisely-Annotations/case_5319/img/case5319_60.png,/data/shared/CataractData/semantic_segmentation/Annotations/Images-and-Supervisely-Annotations/case_5319/mask_anatomy_inst/case5319_60.png
1463,/data/shared/CataractData/semantic_segmentation/Annotations/Images-and-Supervisely-Annotations/case_5319/img/case5319_61.png,/data/shared/CataractData/semantic_segmentation/Annotations/Images-and-Supervisely-Annotations/case_5319/mask_anatomy_inst/case5319_61.png
1464,/data/shared/CataractData/semantic_segmentation/Annotations/Images-and-Supervisely-Annotations/case_5319/img/case5319_62.png,/data/shared/CataractData/semantic_segmentation/Annotations/Images-and-Supervisely-Annotations/case_5319/mask_anatomy_inst/case5319_62.png
1465,/data/shared/CataractData/semantic_segmentation/Annotations/Images-and-Supervisely-Annotations/case_5319/img/case5319_63.png,/data/shared/CataractData/semantic_segmentation/Annotations/Images-and-Supervisely-Annotations/case_5319/mask_anatomy_inst/case5319_63.png
1466,/data/shared/CataractData/semantic_segmentation/Annotations/Images-and-Supervisely-Annotations/case_5319/img/case5319_64.png,/data/shared/CataractData/semantic_segmentation/Annotations/Images-and-Supervisely-Annotations/case_5319/mask_anatomy_inst/case5319_64.png
1467,/data/shared/CataractData/semantic_segmentation/Annotations/Images-and-Supervisely-Annotations/case_5319/img/case5319_65.png,/data/shared/CataractData/semantic_segmentation/Annotations/Images-and-Supervisely-Annotations/case_5319/mask_anatomy_inst/case5319_65.png
1468,/data/shared/CataractData/semantic_segmentation/Annotations/Images-and-Supervisely-Annotations/case_5319/img/case5319_66.png,/data/shared/CataractData/semantic_segmentation/Annotations/Images-and-Supervisely-Annotations/case_5319/mask_anatomy_inst/case5319_66.png
1469,/data/shared/CataractData/semantic_segmentation/Annotations/Images-and-Supervisely-Annotations/case_5319/img/case5319_67.png,/data/shared/CataractData/semantic_segmentation/Annotations/Images-and-Supervisely-Annotations/case_5319/mask_anatomy_inst/case5319_67.png
1470,/data/shared/CataractData/semantic_segmentation/Annotations/Images-and-Supervisely-Annotations/case_5319/img/case5319_68.png,/data/shared/CataractData/semantic_segmentation/Annotations/Images-and-Supervisely-Annotations/case_5319/mask_anatomy_inst/case5319_68.png
1471,/data/shared/CataractData/semantic_segmentation/Annotations/Images-and-Supervisely-Annotations/case_5319/img/case5319_69.png,/data/shared/CataractData/semantic_segmentation/Annotations/Images-and-Supervisely-Annotations/case_5319/mask_anatomy_inst/case5319_69.png
1472,/data/shared/CataractData/semantic_segmentation/Annotations/Images-and-Supervisely-Annotations/case_5319/img/case5319_70.png,/data/shared/CataractData/semantic_segmentation/Annotations/Images-and-Supervisely-Annotations/case_5319/mask_anatomy_inst/case5319_70.png
1473,/data/shared/CataractData/semantic_segmentation/Annotations/Images-and-Supervisely-Annotations/case_5319/img/case5319_71.png,/data/shared/CataractData/semantic_segmentation/Annotations/Images-and-Supervisely-Annotations/case_5319/mask_anatomy_inst/case5319_71.png
1474,/data/shared/CataractData/semantic_segmentation/Annotations/Images-and-Supervisely-Annotations/case_5319/img/case5319_72.png,/data/shared/CataractData/semantic_segmentation/Annotations/Images-and-Supervisely-Annotations/case_5319/mask_anatomy_inst/case5319_72.png
1475,/data/shared/CataractData/semantic_segmentation/Annotations/Images-and-Supervisely-Annotations/case_5319/img/case5319_73.png,/data/shared/CataractData/semantic_segmentation/Annotations/Images-and-Supervisely-Annotations/case_5319/mask_anatomy_inst/case5319_73.png
1476,/data/shared/CataractData/semantic_segmentation/Annotations/Images-and-Supervisely-Annotations/case_5319/img/case5319_74.png,/data/shared/CataractData/semantic_segmentation/Annotations/Images-and-Supervisely-Annotations/case_5319/mask_anatomy_inst/case5319_74.png
1477,/data/shared/CataractData/semantic_segmentation/Annotations/Images-and-Supervisely-Annotations/case_5319/img/case5319_75.png,/data/shared/CataractData/semantic_segmentation/Annotations/Images-and-Supervisely-Annotations/case_5319/mask_anatomy_inst/case5319_75.png
1478,/data/shared/CataractData/semantic_segmentation/Annotations/Images-and-Supervisely-Annotations/case_5319/img/case5319_76.png,/data/shared/CataractData/semantic_segmentation/Annotations/Images-and-Supervisely-Annotations/case_5319/mask_anatomy_inst/case5319_76.png
1479,/data/shared/CataractData/semantic_segmentation/Annotations/Images-and-Supervisely-Annotations/case_5319/img/case5319_77.png,/data/shared/CataractData/semantic_segmentation/Annotations/Images-and-Supervisely-Annotations/case_5319/mask_anatomy_inst/case5319_77.png
1480,/data/shared/CataractData/semantic_segmentation/Annotations/Images-and-Supervisely-Annotations/case_5319/img/case5319_78.png,/data/shared/CataractData/semantic_segmentation/Annotations/Images-and-Supervisely-Annotations/case_5319/mask_anatomy_inst/case5319_78.png
1481,/data/shared/CataractData/semantic_segmentation/Annotations/Images-and-Supervisely-Annotations/case_5319/img/case5319_79.png,/data/shared/CataractData/semantic_segmentation/Annotations/Images-and-Supervisely-Annotations/case_5319/mask_anatomy_inst/case5319_79.png
1482,/data/shared/CataractData/semantic_segmentation/Annotations/Images-and-Supervisely-Annotations/case_5319/img/case5319_80.png,/data/shared/CataractData/semantic_segmentation/Annotations/Images-and-Supervisely-Annotations/case_5319/mask_anatomy_inst/case5319_80.png
1483,/data/shared/CataractData/semantic_segmentation/Annotations/Images-and-Supervisely-Annotations/case_5319/img/case5319_81.png,/data/shared/CataractData/semantic_segmentation/Annotations/Images-and-Supervisely-Annotations/case_5319/mask_anatomy_inst/case5319_81.png
1484,/data/shared/CataractData/semantic_segmentation/Annotations/Images-and-Supervisely-Annotations/case_5319/img/case5319_82.png,/data/shared/CataractData/semantic_segmentation/Annotations/Images-and-Supervisely-Annotations/case_5319/mask_anatomy_inst/case5319_82.png
1485,/data/shared/CataractData/semantic_segmentation/Annotations/Images-and-Supervisely-Annotations/case_5319/img/case5319_83.png,/data/shared/CataractData/semantic_segmentation/Annotations/Images-and-Supervisely-Annotations/case_5319/mask_anatomy_inst/case5319_83.png
1486,/data/shared/CataractData/semantic_segmentation/Annotations/Images-and-Supervisely-Annotations/case_5319/img/case5319_84.png,/data/shared/CataractData/semantic_segmentation/Annotations/Images-and-Supervisely-Annotations/case_5319/mask_anatomy_inst/case5319_84.png
1487,/data/shared/CataractData/semantic_segmentation/Annotations/Images-and-Supervisely-Annotations/case_5319/img/case5319_85.png,/data/shared/CataractData/semantic_segmentation/Annotations/Images-and-Supervisely-Annotations/case_5319/mask_anatomy_inst/case5319_85.png
1488,/data/shared/CataractData/semantic_segmentation/Annotations/Images-and-Supervisely-Annotations/case_5319/img/case5319_86.png,/data/shared/CataractData/semantic_segmentation/Annotations/Images-and-Supervisely-Annotations/case_5319/mask_anatomy_inst/case5319_86.png
1489,/data/shared/CataractData/semantic_segmentation/Annotations/Images-and-Supervisely-Annotations/case_5319/img/case5319_87.png,/data/shared/CataractData/semantic_segmentation/Annotations/Images-and-Supervisely-Annotations/case_5319/mask_anatomy_inst/case5319_87.png
1490,/data/shared/CataractData/semantic_segmentation/Annotations/Images-and-Supervisely-Annotations/case_5319/img/case5319_88.png,/data/shared/CataractData/semantic_segmentation/Annotations/Images-and-Supervisely-Annotations/case_5319/mask_anatomy_inst/case5319_88.png
1491,/data/shared/CataractData/semantic_segmentation/Annotations/Images-and-Supervisely-Annotations/case_5319/img/case5319_89.png,/data/shared/CataractData/semantic_segmentation/Annotations/Images-and-Supervisely-Annotations/case_5319/mask_anatomy_inst/case5319_89.png
1492,/data/shared/CataractData/semantic_segmentation/Annotations/Images-and-Supervisely-Annotations/case_5319/img/case5319_90.png,/data/shared/CataractData/semantic_segmentation/Annotations/Images-and-Supervisely-Annotations/case_5319/mask_anatomy_inst/case5319_90.png
1493,/data/shared/CataractData/semantic_segmentation/Annotations/Images-and-Supervisely-Annotations/case_5319/img/case5319_91.png,/data/shared/CataractData/semantic_segmentation/Annotations/Images-and-Supervisely-Annotations/case_5319/mask_anatomy_inst/case5319_91.png
1494,/data/shared/CataractData/semantic_segmentation/Annotations/Images-and-Supervisely-Annotations/case_5319/img/case5319_92.png,/data/shared/CataractData/semantic_segmentation/Annotations/Images-and-Supervisely-Annotations/case_5319/mask_anatomy_inst/case5319_92.png
1495,/data/shared/CataractData/semantic_segmentation/Annotations/Images-and-Supervisely-Annotations/case_5319/img/case5319_93.png,/data/shared/CataractData/semantic_segmentation/Annotations/Images-and-Supervisely-Annotations/case_5319/mask_anatomy_inst/case5319_93.png
1496,/data/shared/CataractData/semantic_segmentation/Annotations/Images-and-Supervisely-Annotations/case_5319/img/case5319_94.png,/data/shared/CataractData/semantic_segmentation/Annotations/Images-and-Supervisely-Annotations/case_5319/mask_anatomy_inst/case5319_94.png
1497,/data/shared/CataractData/semantic_segmentation/Annotations/Images-and-Supervisely-Annotations/case_5319/img/case5319_95.png,/data/shared/CataractData/semantic_segmentation/Annotations/Images-and-Supervisely-Annotations/case_5319/mask_anatomy_inst/case5319_95.png
1498,/data/shared/CataractData/semantic_segmentation/Annotations/Images-and-Supervisely-Annotations/case_5319/img/case5319_96.png,/data/shared/CataractData/semantic_segmentation/Annotations/Images-and-Supervisely-Annotations/case_5319/mask_anatomy_inst/case5319_96.png
1499,/data/shared/CataractData/semantic_segmentation/Annotations/Images-and-Supervisely-Annotations/case_5319/img/case5319_97.png,/data/shared/CataractData/semantic_segmentation/Annotations/Images-and-Supervisely-Annotations/case_5319/mask_anatomy_inst/case5319_97.png
1500,/data/shared/CataractData/semantic_segmentation/Annotations/Images-and-Supervisely-Annotations/case_5319/img/case5319_98.png,/data/shared/CataractData/semantic_segmentation/Annotations/Images-and-Supervisely-Annotations/case_5319/mask_anatomy_inst/case5319_98.png
1501,/data/shared/CataractData/semantic_segmentation/Annotations/Images-and-Supervisely-Annotations/case_5319/img/case5319_99.png,/data/shared/CataractData/semantic_segmentation/Annotations/Images-and-Supervisely-Annotations/case_5319/mask_anatomy_inst/case5319_99.png
1502,/data/shared/CataractData/semantic_segmentation/Annotations/Images-and-Supervisely-Annotations/case_5325/img/case5325_01.png,/data/shared/CataractData/semantic_segmentation/Annotations/Images-and-Supervisely-Annotations/case_5325/mask_anatomy_inst/case5325_01.png
1503,/data/shared/CataractData/semantic_segmentation/Annotations/Images-and-Supervisely-Annotations/case_5325/img/case5325_02.png,/data/shared/CataractData/semantic_segmentation/Annotations/Images-and-Supervisely-Annotations/case_5325/mask_anatomy_inst/case5325_02.png
1504,/data/shared/CataractData/semantic_segmentation/Annotations/Images-and-Supervisely-Annotations/case_5325/img/case5325_03.png,/data/shared/CataractData/semantic_segmentation/Annotations/Images-and-Supervisely-Annotations/case_5325/mask_anatomy_inst/case5325_03.png
1505,/data/shared/CataractData/semantic_segmentation/Annotations/Images-and-Supervisely-Annotations/case_5325/img/case5325_04.png,/data/shared/CataractData/semantic_segmentation/Annotations/Images-and-Supervisely-Annotations/case_5325/mask_anatomy_inst/case5325_04.png
1506,/data/shared/CataractData/semantic_segmentation/Annotations/Images-and-Supervisely-Annotations/case_5325/img/case5325_05.png,/data/shared/CataractData/semantic_segmentation/Annotations/Images-and-Supervisely-Annotations/case_5325/mask_anatomy_inst/case5325_05.png
1507,/data/shared/CataractData/semantic_segmentation/Annotations/Images-and-Supervisely-Annotations/case_5325/img/case5325_06.png,/data/shared/CataractData/semantic_segmentation/Annotations/Images-and-Supervisely-Annotations/case_5325/mask_anatomy_inst/case5325_06.png
1508,/data/shared/CataractData/semantic_segmentation/Annotations/Images-and-Supervisely-Annotations/case_5325/img/case5325_07.png,/data/shared/CataractData/semantic_segmentation/Annotations/Images-and-Supervisely-Annotations/case_5325/mask_anatomy_inst/case5325_07.png
1509,/data/shared/CataractData/semantic_segmentation/Annotations/Images-and-Supervisely-Annotations/case_5325/img/case5325_08.png,/data/shared/CataractData/semantic_segmentation/Annotations/Images-and-Supervisely-Annotations/case_5325/mask_anatomy_inst/case5325_08.png
1510,/data/shared/CataractData/semantic_segmentation/Annotations/Images-and-Supervisely-Annotations/case_5325/img/case5325_09.png,/data/shared/CataractData/semantic_segmentation/Annotations/Images-and-Supervisely-Annotations/case_5325/mask_anatomy_inst/case5325_09.png
1511,/data/shared/CataractData/semantic_segmentation/Annotations/Images-and-Supervisely-Annotations/case_5325/img/case5325_10.png,/data/shared/CataractData/semantic_segmentation/Annotations/Images-and-Supervisely-Annotations/case_5325/mask_anatomy_inst/case5325_10.png
1512,/data/shared/CataractData/semantic_segmentation/Annotations/Images-and-Supervisely-Annotations/case_5325/img/case5325_11.png,/data/shared/CataractData/semantic_segmentation/Annotations/Images-and-Supervisely-Annotations/case_5325/mask_anatomy_inst/case5325_11.png
1513,/data/shared/CataractData/semantic_segmentation/Annotations/Images-and-Supervisely-Annotations/case_5325/img/case5325_12.png,/data/shared/CataractData/semantic_segmentation/Annotations/Images-and-Supervisely-Annotations/case_5325/mask_anatomy_inst/case5325_12.png
1514,/data/shared/CataractData/semantic_segmentation/Annotations/Images-and-Supervisely-Annotations/case_5325/img/case5325_13.png,/data/shared/CataractData/semantic_segmentation/Annotations/Images-and-Supervisely-Annotations/case_5325/mask_anatomy_inst/case5325_13.png
1515,/data/shared/CataractData/semantic_segmentation/Annotations/Images-and-Supervisely-Annotations/case_5325/img/case5325_14.png,/data/shared/CataractData/semantic_segmentation/Annotations/Images-and-Supervisely-Annotations/case_5325/mask_anatomy_inst/case5325_14.png
1516,/data/shared/CataractData/semantic_segmentation/Annotations/Images-and-Supervisely-Annotations/case_5325/img/case5325_15.png,/data/shared/CataractData/semantic_segmentation/Annotations/Images-and-Supervisely-Annotations/case_5325/mask_anatomy_inst/case5325_15.png
1517,/data/shared/CataractData/semantic_segmentation/Annotations/Images-and-Supervisely-Annotations/case_5325/img/case5325_16.png,/data/shared/CataractData/semantic_segmentation/Annotations/Images-and-Supervisely-Annotations/case_5325/mask_anatomy_inst/case5325_16.png
1518,/data/shared/CataractData/semantic_segmentation/Annotations/Images-and-Supervisely-Annotations/case_5325/img/case5325_17.png,/data/shared/CataractData/semantic_segmentation/Annotations/Images-and-Supervisely-Annotations/case_5325/mask_anatomy_inst/case5325_17.png
1519,/data/shared/CataractData/semantic_segmentation/Annotations/Images-and-Supervisely-Annotations/case_5325/img/case5325_18.png,/data/shared/CataractData/semantic_segmentation/Annotations/Images-and-Supervisely-Annotations/case_5325/mask_anatomy_inst/case5325_18.png
1520,/data/shared/CataractData/semantic_segmentation/Annotations/Images-and-Supervisely-Annotations/case_5325/img/case5325_19.png,/data/shared/CataractData/semantic_segmentation/Annotations/Images-and-Supervisely-Annotations/case_5325/mask_anatomy_inst/case5325_19.png
1521,/data/shared/CataractData/semantic_segmentation/Annotations/Images-and-Supervisely-Annotations/case_5325/img/case5325_20.png,/data/shared/CataractData/semantic_segmentation/Annotations/Images-and-Supervisely-Annotations/case_5325/mask_anatomy_inst/case5325_20.png
1522,/data/shared/CataractData/semantic_segmentation/Annotations/Images-and-Supervisely-Annotations/case_5325/img/case5325_21.png,/data/shared/CataractData/semantic_segmentation/Annotations/Images-and-Supervisely-Annotations/case_5325/mask_anatomy_inst/case5325_21.png
1523,/data/shared/CataractData/semantic_segmentation/Annotations/Images-and-Supervisely-Annotations/case_5325/img/case5325_22.png,/data/shared/CataractData/semantic_segmentation/Annotations/Images-and-Supervisely-Annotations/case_5325/mask_anatomy_inst/case5325_22.png
1524,/data/shared/CataractData/semantic_segmentation/Annotations/Images-and-Supervisely-Annotations/case_5325/img/case5325_23.png,/data/shared/CataractData/semantic_segmentation/Annotations/Images-and-Supervisely-Annotations/case_5325/mask_anatomy_inst/case5325_23.png
1525,/data/shared/CataractData/semantic_segmentation/Annotations/Images-and-Supervisely-Annotations/case_5325/img/case5325_24.png,/data/shared/CataractData/semantic_segmentation/Annotations/Images-and-Supervisely-Annotations/case_5325/mask_anatomy_inst/case5325_24.png
1526,/data/shared/CataractData/semantic_segmentation/Annotations/Images-and-Supervisely-Annotations/case_5325/img/case5325_25.png,/data/shared/CataractData/semantic_segmentation/Annotations/Images-and-Supervisely-Annotations/case_5325/mask_anatomy_inst/case5325_25.png
1527,/data/shared/CataractData/semantic_segmentation/Annotations/Images-and-Supervisely-Annotations/case_5325/img/case5325_26.png,/data/shared/CataractData/semantic_segmentation/Annotations/Images-and-Supervisely-Annotations/case_5325/mask_anatomy_inst/case5325_26.png
1528,/data/shared/CataractData/semantic_segmentation/Annotations/Images-and-Supervisely-Annotations/case_5325/img/case5325_27.png,/data/shared/CataractData/semantic_segmentation/Annotations/Images-and-Supervisely-Annotations/case_5325/mask_anatomy_inst/case5325_27.png
1529,/data/shared/CataractData/semantic_segmentation/Annotations/Images-and-Supervisely-Annotations/case_5325/img/case5325_28.png,/data/shared/CataractData/semantic_segmentation/Annotations/Images-and-Supervisely-Annotations/case_5325/mask_anatomy_inst/case5325_28.png
1530,/data/shared/CataractData/semantic_segmentation/Annotations/Images-and-Supervisely-Annotations/case_5325/img/case5325_29.png,/data/shared/CataractData/semantic_segmentation/Annotations/Images-and-Supervisely-Annotations/case_5325/mask_anatomy_inst/case5325_29.png
1531,/data/shared/CataractData/semantic_segmentation/Annotations/Images-and-Supervisely-Annotations/case_5325/img/case5325_30.png,/data/shared/CataractData/semantic_segmentation/Annotations/Images-and-Supervisely-Annotations/case_5325/mask_anatomy_inst/case5325_30.png
1532,/data/shared/CataractData/semantic_segmentation/Annotations/Images-and-Supervisely-Annotations/case_5325/img/case5325_31.png,/data/shared/CataractData/semantic_segmentation/Annotations/Images-and-Supervisely-Annotations/case_5325/mask_anatomy_inst/case5325_31.png
1533,/data/shared/CataractData/semantic_segmentation/Annotations/Images-and-Supervisely-Annotations/case_5325/img/case5325_32.png,/data/shared/CataractData/semantic_segmentation/Annotations/Images-and-Supervisely-Annotations/case_5325/mask_anatomy_inst/case5325_32.png
1534,/data/shared/CataractData/semantic_segmentation/Annotations/Images-and-Supervisely-Annotations/case_5325/img/case5325_33.png,/data/shared/CataractData/semantic_segmentation/Annotations/Images-and-Supervisely-Annotations/case_5325/mask_anatomy_inst/case5325_33.png
1535,/data/shared/CataractData/semantic_segmentation/Annotations/Images-and-Supervisely-Annotations/case_5325/img/case5325_34.png,/data/shared/CataractData/semantic_segmentation/Annotations/Images-and-Supervisely-Annotations/case_5325/mask_anatomy_inst/case5325_34.png
1536,/data/shared/CataractData/semantic_segmentation/Annotations/Images-and-Supervisely-Annotations/case_5325/img/case5325_35.png,/data/shared/CataractData/semantic_segmentation/Annotations/Images-and-Supervisely-Annotations/case_5325/mask_anatomy_inst/case5325_35.png
1537,/data/shared/CataractData/semantic_segmentation/Annotations/Images-and-Supervisely-Annotations/case_5325/img/case5325_36.png,/data/shared/CataractData/semantic_segmentation/Annotations/Images-and-Supervisely-Annotations/case_5325/mask_anatomy_inst/case5325_36.png
1538,/data/shared/CataractData/semantic_segmentation/Annotations/Images-and-Supervisely-Annotations/case_5325/img/case5325_37.png,/data/shared/CataractData/semantic_segmentation/Annotations/Images-and-Supervisely-Annotations/case_5325/mask_anatomy_inst/case5325_37.png
1539,/data/shared/CataractData/semantic_segmentation/Annotations/Images-and-Supervisely-Annotations/case_5325/img/case5325_38.png,/data/shared/CataractData/semantic_segmentation/Annotations/Images-and-Supervisely-Annotations/case_5325/mask_anatomy_inst/case5325_38.png
1540,/data/shared/CataractData/semantic_segmentation/Annotations/Images-and-Supervisely-Annotations/case_5325/img/case5325_39.png,/data/shared/CataractData/semantic_segmentation/Annotations/Images-and-Supervisely-Annotations/case_5325/mask_anatomy_inst/case5325_39.png
1541,/data/shared/CataractData/semantic_segmentation/Annotations/Images-and-Supervisely-Annotations/case_5325/img/case5325_40.png,/data/shared/CataractData/semantic_segmentation/Annotations/Images-and-Supervisely-Annotations/case_5325/mask_anatomy_inst/case5325_40.png
1542,/data/shared/CataractData/semantic_segmentation/Annotations/Images-and-Supervisely-Annotations/case_5325/img/case5325_41.png,/data/shared/CataractData/semantic_segmentation/Annotations/Images-and-Supervisely-Annotations/case_5325/mask_anatomy_inst/case5325_41.png
1543,/data/shared/CataractData/semantic_segmentation/Annotations/Images-and-Supervisely-Annotations/case_5325/img/case5325_42.png,/data/shared/CataractData/semantic_segmentation/Annotations/Images-and-Supervisely-Annotations/case_5325/mask_anatomy_inst/case5325_42.png
1544,/data/shared/CataractData/semantic_segmentation/Annotations/Images-and-Supervisely-Annotations/case_5325/img/case5325_43.png,/data/shared/CataractData/semantic_segmentation/Annotations/Images-and-Supervisely-Annotations/case_5325/mask_anatomy_inst/case5325_43.png
1545,/data/shared/CataractData/semantic_segmentation/Annotations/Images-and-Supervisely-Annotations/case_5325/img/case5325_44.png,/data/shared/CataractData/semantic_segmentation/Annotations/Images-and-Supervisely-Annotations/case_5325/mask_anatomy_inst/case5325_44.png
1546,/data/shared/CataractData/semantic_segmentation/Annotations/Images-and-Supervisely-Annotations/case_5325/img/case5325_45.png,/data/shared/CataractData/semantic_segmentation/Annotations/Images-and-Supervisely-Annotations/case_5325/mask_anatomy_inst/case5325_45.png
1547,/data/shared/CataractData/semantic_segmentation/Annotations/Images-and-Supervisely-Annotations/case_5325/img/case5325_46.png,/data/shared/CataractData/semantic_segmentation/Annotations/Images-and-Supervisely-Annotations/case_5325/mask_anatomy_inst/case5325_46.png
1548,/data/shared/CataractData/semantic_segmentation/Annotations/Images-and-Supervisely-Annotations/case_5325/img/case5325_47.png,/data/shared/CataractData/semantic_segmentation/Annotations/Images-and-Supervisely-Annotations/case_5325/mask_anatomy_inst/case5325_47.png
1549,/data/shared/CataractData/semantic_segmentation/Annotations/Images-and-Supervisely-Annotations/case_5325/img/case5325_48.png,/data/shared/CataractData/semantic_segmentation/Annotations/Images-and-Supervisely-Annotations/case_5325/mask_anatomy_inst/case5325_48.png
1550,/data/shared/CataractData/semantic_segmentation/Annotations/Images-and-Supervisely-Annotations/case_5325/img/case5325_49.png,/data/shared/CataractData/semantic_segmentation/Annotations/Images-and-Supervisely-Annotations/case_5325/mask_anatomy_inst/case5325_49.png
1551,/data/shared/CataractData/semantic_segmentation/Annotations/Images-and-Supervisely-Annotations/case_5325/img/case5325_50.png,/data/shared/CataractData/semantic_segmentation/Annotations/Images-and-Supervisely-Annotations/case_5325/mask_anatomy_inst/case5325_50.png
1552,/data/shared/CataractData/semantic_segmentation/Annotations/Images-and-Supervisely-Annotations/case_5325/img/case5325_51.png,/data/shared/CataractData/semantic_segmentation/Annotations/Images-and-Supervisely-Annotations/case_5325/mask_anatomy_inst/case5325_51.png
1553,/data/shared/CataractData/semantic_segmentation/Annotations/Images-and-Supervisely-Annotations/case_5325/img/case5325_52.png,/data/shared/CataractData/semantic_segmentation/Annotations/Images-and-Supervisely-Annotations/case_5325/mask_anatomy_inst/case5325_52.png
1554,/data/shared/CataractData/semantic_segmentation/Annotations/Images-and-Supervisely-Annotations/case_5325/img/case5325_53.png,/data/shared/CataractData/semantic_segmentation/Annotations/Images-and-Supervisely-Annotations/case_5325/mask_anatomy_inst/case5325_53.png
1555,/data/shared/CataractData/semantic_segmentation/Annotations/Images-and-Supervisely-Annotations/case_5325/img/case5325_54.png,/data/shared/CataractData/semantic_segmentation/Annotations/Images-and-Supervisely-Annotations/case_5325/mask_anatomy_inst/case5325_54.png
1556,/data/shared/CataractData/semantic_segmentation/Annotations/Images-and-Supervisely-Annotations/case_5325/img/case5325_55.png,/data/shared/CataractData/semantic_segmentation/Annotations/Images-and-Supervisely-Annotations/case_5325/mask_anatomy_inst/case5325_55.png
1557,/data/shared/CataractData/semantic_segmentation/Annotations/Images-and-Supervisely-Annotations/case_5325/img/case5325_56.png,/data/shared/CataractData/semantic_segmentation/Annotations/Images-and-Supervisely-Annotations/case_5325/mask_anatomy_inst/case5325_56.png
1558,/data/shared/CataractData/semantic_segmentation/Annotations/Images-and-Supervisely-Annotations/case_5325/img/case5325_57.png,/data/shared/CataractData/semantic_segmentation/Annotations/Images-and-Supervisely-Annotations/case_5325/mask_anatomy_inst/case5325_57.png
1559,/data/shared/CataractData/semantic_segmentation/Annotations/Images-and-Supervisely-Annotations/case_5325/img/case5325_58.png,/data/shared/CataractData/semantic_segmentation/Annotations/Images-and-Supervisely-Annotations/case_5325/mask_anatomy_inst/case5325_58.png
1560,/data/shared/CataractData/semantic_segmentation/Annotations/Images-and-Supervisely-Annotations/case_5325/img/case5325_59.png,/data/shared/CataractData/semantic_segmentation/Annotations/Images-and-Supervisely-Annotations/case_5325/mask_anatomy_inst/case5325_59.png
1561,/data/shared/CataractData/semantic_segmentation/Annotations/Images-and-Supervisely-Annotations/case_5325/img/case5325_60.png,/data/shared/CataractData/semantic_segmentation/Annotations/Images-and-Supervisely-Annotations/case_5325/mask_anatomy_inst/case5325_60.png
1562,/data/shared/CataractData/semantic_segmentation/Annotations/Images-and-Supervisely-Annotations/case_5325/img/case5325_61.png,/data/shared/CataractData/semantic_segmentation/Annotations/Images-and-Supervisely-Annotations/case_5325/mask_anatomy_inst/case5325_61.png
1563,/data/shared/CataractData/semantic_segmentation/Annotations/Images-and-Supervisely-Annotations/case_5325/img/case5325_62.png,/data/shared/CataractData/semantic_segmentation/Annotations/Images-and-Supervisely-Annotations/case_5325/mask_anatomy_inst/case5325_62.png
1564,/data/shared/CataractData/semantic_segmentation/Annotations/Images-and-Supervisely-Annotations/case_5325/img/case5325_63.png,/data/shared/CataractData/semantic_segmentation/Annotations/Images-and-Supervisely-Annotations/case_5325/mask_anatomy_inst/case5325_63.png
1565,/data/shared/CataractData/semantic_segmentation/Annotations/Images-and-Supervisely-Annotations/case_5325/img/case5325_64.png,/data/shared/CataractData/semantic_segmentation/Annotations/Images-and-Supervisely-Annotations/case_5325/mask_anatomy_inst/case5325_64.png
1566,/data/shared/CataractData/semantic_segmentation/Annotations/Images-and-Supervisely-Annotations/case_5325/img/case5325_65.png,/data/shared/CataractData/semantic_segmentation/Annotations/Images-and-Supervisely-Annotations/case_5325/mask_anatomy_inst/case5325_65.png
1567,/data/shared/CataractData/semantic_segmentation/Annotations/Images-and-Supervisely-Annotations/case_5325/img/case5325_66.png,/data/shared/CataractData/semantic_segmentation/Annotations/Images-and-Supervisely-Annotations/case_5325/mask_anatomy_inst/case5325_66.png
1568,/data/shared/CataractData/semantic_segmentation/Annotations/Images-and-Supervisely-Annotations/case_5325/img/case5325_67.png,/data/shared/CataractData/semantic_segmentation/Annotations/Images-and-Supervisely-Annotations/case_5325/mask_anatomy_inst/case5325_67.png
1569,/data/shared/CataractData/semantic_segmentation/Annotations/Images-and-Supervisely-Annotations/case_5325/img/case5325_68.png,/data/shared/CataractData/semantic_segmentation/Annotations/Images-and-Supervisely-Annotations/case_5325/mask_anatomy_inst/case5325_68.png
1570,/data/shared/CataractData/semantic_segmentation/Annotations/Images-and-Supervisely-Annotations/case_5325/img/case5325_69.png,/data/shared/CataractData/semantic_segmentation/Annotations/Images-and-Supervisely-Annotations/case_5325/mask_anatomy_inst/case5325_69.png
1571,/data/shared/CataractData/semantic_segmentation/Annotations/Images-and-Supervisely-Annotations/case_5325/img/case5325_70.png,/data/shared/CataractData/semantic_segmentation/Annotations/Images-and-Supervisely-Annotations/case_5325/mask_anatomy_inst/case5325_70.png
1572,/data/shared/CataractData/semantic_segmentation/Annotations/Images-and-Supervisely-Annotations/case_5325/img/case5325_71.png,/data/shared/CataractData/semantic_segmentation/Annotations/Images-and-Supervisely-Annotations/case_5325/mask_anatomy_inst/case5325_71.png
1573,/data/shared/CataractData/semantic_segmentation/Annotations/Images-and-Supervisely-Annotations/case_5325/img/case5325_72.png,/data/shared/CataractData/semantic_segmentation/Annotations/Images-and-Supervisely-Annotations/case_5325/mask_anatomy_inst/case5325_72.png
1574,/data/shared/CataractData/semantic_segmentation/Annotations/Images-and-Supervisely-Annotations/case_5325/img/case5325_73.png,/data/shared/CataractData/semantic_segmentation/Annotations/Images-and-Supervisely-Annotations/case_5325/mask_anatomy_inst/case5325_73.png
1575,/data/shared/CataractData/semantic_segmentation/Annotations/Images-and-Supervisely-Annotations/case_5325/img/case5325_74.png,/data/shared/CataractData/semantic_segmentation/Annotations/Images-and-Supervisely-Annotations/case_5325/mask_anatomy_inst/case5325_74.png
1576,/data/shared/CataractData/semantic_segmentation/Annotations/Images-and-Supervisely-Annotations/case_5325/img/case5325_75.png,/data/shared/CataractData/semantic_segmentation/Annotations/Images-and-Supervisely-Annotations/case_5325/mask_anatomy_inst/case5325_75.png
1577,/data/shared/CataractData/semantic_segmentation/Annotations/Images-and-Supervisely-Annotations/case_5325/img/case5325_76.png,/data/shared/CataractData/semantic_segmentation/Annotations/Images-and-Supervisely-Annotations/case_5325/mask_anatomy_inst/case5325_76.png
1578,/data/shared/CataractData/semantic_segmentation/Annotations/Images-and-Supervisely-Annotations/case_5325/img/case5325_77.png,/data/shared/CataractData/semantic_segmentation/Annotations/Images-and-Supervisely-Annotations/case_5325/mask_anatomy_inst/case5325_77.png
1579,/data/shared/CataractData/semantic_segmentation/Annotations/Images-and-Supervisely-Annotations/case_5325/img/case5325_78.png,/data/shared/CataractData/semantic_segmentation/Annotations/Images-and-Supervisely-Annotations/case_5325/mask_anatomy_inst/case5325_78.png
1580,/data/shared/CataractData/semantic_segmentation/Annotations/Images-and-Supervisely-Annotations/case_5325/img/case5325_79.png,/data/shared/CataractData/semantic_segmentation/Annotations/Images-and-Supervisely-Annotations/case_5325/mask_anatomy_inst/case5325_79.png
1581,/data/shared/CataractData/semantic_segmentation/Annotations/Images-and-Supervisely-Annotations/case_5325/img/case5325_80.png,/data/shared/CataractData/semantic_segmentation/Annotations/Images-and-Supervisely-Annotations/case_5325/mask_anatomy_inst/case5325_80.png
1582,/data/shared/CataractData/semantic_segmentation/Annotations/Images-and-Supervisely-Annotations/case_5325/img/case5325_81.png,/data/shared/CataractData/semantic_segmentation/Annotations/Images-and-Supervisely-Annotations/case_5325/mask_anatomy_inst/case5325_81.png
1583,/data/shared/CataractData/semantic_segmentation/Annotations/Images-and-Supervisely-Annotations/case_5325/img/case5325_82.png,/data/shared/CataractData/semantic_segmentation/Annotations/Images-and-Supervisely-Annotations/case_5325/mask_anatomy_inst/case5325_82.png
1584,/data/shared/CataractData/semantic_segmentation/Annotations/Images-and-Supervisely-Annotations/case_5325/img/case5325_83.png,/data/shared/CataractData/semantic_segmentation/Annotations/Images-and-Supervisely-Annotations/case_5325/mask_anatomy_inst/case5325_83.png
1585,/data/shared/CataractData/semantic_segmentation/Annotations/Images-and-Supervisely-Annotations/case_5325/img/case5325_84.png,/data/shared/CataractData/semantic_segmentation/Annotations/Images-and-Supervisely-Annotations/case_5325/mask_anatomy_inst/case5325_84.png
1586,/data/shared/CataractData/semantic_segmentation/Annotations/Images-and-Supervisely-Annotations/case_5325/img/case5325_85.png,/data/shared/CataractData/semantic_segmentation/Annotations/Images-and-Supervisely-Annotations/case_5325/mask_anatomy_inst/case5325_85.png
1587,/data/shared/CataractData/semantic_segmentation/Annotations/Images-and-Supervisely-Annotations/case_5325/img/case5325_86.png,/data/shared/CataractData/semantic_segmentation/Annotations/Images-and-Supervisely-Annotations/case_5325/mask_anatomy_inst/case5325_86.png
1588,/data/shared/CataractData/semantic_segmentation/Annotations/Images-and-Supervisely-Annotations/case_5325/img/case5325_87.png,/data/shared/CataractData/semantic_segmentation/Annotations/Images-and-Supervisely-Annotations/case_5325/mask_anatomy_inst/case5325_87.png
1589,/data/shared/CataractData/semantic_segmentation/Annotations/Images-and-Supervisely-Annotations/case_5325/img/case5325_88.png,/data/shared/CataractData/semantic_segmentation/Annotations/Images-and-Supervisely-Annotations/case_5325/mask_anatomy_inst/case5325_88.png
1590,/data/shared/CataractData/semantic_segmentation/Annotations/Images-and-Supervisely-Annotations/case_5325/img/case5325_89.png,/data/shared/CataractData/semantic_segmentation/Annotations/Images-and-Supervisely-Annotations/case_5325/mask_anatomy_inst/case5325_89.png
1591,/data/shared/CataractData/semantic_segmentation/Annotations/Images-and-Supervisely-Annotations/case_5325/img/case5325_90.png,/data/shared/CataractData/semantic_segmentation/Annotations/Images-and-Supervisely-Annotations/case_5325/mask_anatomy_inst/case5325_90.png
1592,/data/shared/CataractData/semantic_segmentation/Annotations/Images-and-Supervisely-Annotations/case_5325/img/case5325_91.png,/data/shared/CataractData/semantic_segmentation/Annotations/Images-and-Supervisely-Annotations/case_5325/mask_anatomy_inst/case5325_91.png
1593,/data/shared/CataractData/semantic_segmentation/Annotations/Images-and-Supervisely-Annotations/case_5325/img/case5325_92.png,/data/shared/CataractData/semantic_segmentation/Annotations/Images-and-Supervisely-Annotations/case_5325/mask_anatomy_inst/case5325_92.png
1594,/data/shared/CataractData/semantic_segmentation/Annotations/Images-and-Supervisely-Annotations/case_5325/img/case5325_93.png,/data/shared/CataractData/semantic_segmentation/Annotations/Images-and-Supervisely-Annotations/case_5325/mask_anatomy_inst/case5325_93.png
1595,/data/shared/CataractData/semantic_segmentation/Annotations/Images-and-Supervisely-Annotations/case_5325/img/case5325_94.png,/data/shared/CataractData/semantic_segmentation/Annotations/Images-and-Supervisely-Annotations/case_5325/mask_anatomy_inst/case5325_94.png
1596,/data/shared/CataractData/semantic_segmentation/Annotations/Images-and-Supervisely-Annotations/case_5325/img/case5325_95.png,/data/shared/CataractData/semantic_segmentation/Annotations/Images-and-Supervisely-Annotations/case_5325/mask_anatomy_inst/case5325_95.png
1597,/data/shared/CataractData/semantic_segmentation/Annotations/Images-and-Supervisely-Annotations/case_5329/img/case5329_01.png,/data/shared/CataractData/semantic_segmentation/Annotations/Images-and-Supervisely-Annotations/case_5329/mask_anatomy_inst/case5329_01.png
1598,/data/shared/CataractData/semantic_segmentation/Annotations/Images-and-Supervisely-Annotations/case_5329/img/case5329_02.png,/data/shared/CataractData/semantic_segmentation/Annotations/Images-and-Supervisely-Annotations/case_5329/mask_anatomy_inst/case5329_02.png
1599,/data/shared/CataractData/semantic_segmentation/Annotations/Images-and-Supervisely-Annotations/case_5329/img/case5329_03.png,/data/shared/CataractData/semantic_segmentation/Annotations/Images-and-Supervisely-Annotations/case_5329/mask_anatomy_inst/case5329_03.png
1600,/data/shared/CataractData/semantic_segmentation/Annotations/Images-and-Supervisely-Annotations/case_5329/img/case5329_04.png,/data/shared/CataractData/semantic_segmentation/Annotations/Images-and-Supervisely-Annotations/case_5329/mask_anatomy_inst/case5329_04.png
1601,/data/shared/CataractData/semantic_segmentation/Annotations/Images-and-Supervisely-Annotations/case_5329/img/case5329_05.png,/data/shared/CataractData/semantic_segmentation/Annotations/Images-and-Supervisely-Annotations/case_5329/mask_anatomy_inst/case5329_05.png
1602,/data/shared/CataractData/semantic_segmentation/Annotations/Images-and-Supervisely-Annotations/case_5329/img/case5329_06.png,/data/shared/CataractData/semantic_segmentation/Annotations/Images-and-Supervisely-Annotations/case_5329/mask_anatomy_inst/case5329_06.png
1603,/data/shared/CataractData/semantic_segmentation/Annotations/Images-and-Supervisely-Annotations/case_5329/img/case5329_07.png,/data/shared/CataractData/semantic_segmentation/Annotations/Images-and-Supervisely-Annotations/case_5329/mask_anatomy_inst/case5329_07.png
1604,/data/shared/CataractData/semantic_segmentation/Annotations/Images-and-Supervisely-Annotations/case_5329/img/case5329_08.png,/data/shared/CataractData/semantic_segmentation/Annotations/Images-and-Supervisely-Annotations/case_5329/mask_anatomy_inst/case5329_08.png
1605,/data/shared/CataractData/semantic_segmentation/Annotations/Images-and-Supervisely-Annotations/case_5329/img/case5329_09.png,/data/shared/CataractData/semantic_segmentation/Annotations/Images-and-Supervisely-Annotations/case_5329/mask_anatomy_inst/case5329_09.png
1606,/data/shared/CataractData/semantic_segmentation/Annotations/Images-and-Supervisely-Annotations/case_5329/img/case5329_10.png,/data/shared/CataractData/semantic_segmentation/Annotations/Images-and-Supervisely-Annotations/case_5329/mask_anatomy_inst/case5329_10.png
1607,/data/shared/CataractData/semantic_segmentation/Annotations/Images-and-Supervisely-Annotations/case_5329/img/case5329_11.png,/data/shared/CataractData/semantic_segmentation/Annotations/Images-and-Supervisely-Annotations/case_5329/mask_anatomy_inst/case5329_11.png
1608,/data/shared/CataractData/semantic_segmentation/Annotations/Images-and-Supervisely-Annotations/case_5329/img/case5329_12.png,/data/shared/CataractData/semantic_segmentation/Annotations/Images-and-Supervisely-Annotations/case_5329/mask_anatomy_inst/case5329_12.png
1609,/data/shared/CataractData/semantic_segmentation/Annotations/Images-and-Supervisely-Annotations/case_5329/img/case5329_13.png,/data/shared/CataractData/semantic_segmentation/Annotations/Images-and-Supervisely-Annotations/case_5329/mask_anatomy_inst/case5329_13.png
1610,/data/shared/CataractData/semantic_segmentation/Annotations/Images-and-Supervisely-Annotations/case_5329/img/case5329_14.png,/data/shared/CataractData/semantic_segmentation/Annotations/Images-and-Supervisely-Annotations/case_5329/mask_anatomy_inst/case5329_14.png
1611,/data/shared/CataractData/semantic_segmentation/Annotations/Images-and-Supervisely-Annotations/case_5329/img/case5329_15.png,/data/shared/CataractData/semantic_segmentation/Annotations/Images-and-Supervisely-Annotations/case_5329/mask_anatomy_inst/case5329_15.png
1612,/data/shared/CataractData/semantic_segmentation/Annotations/Images-and-Supervisely-Annotations/case_5329/img/case5329_16.png,/data/shared/CataractData/semantic_segmentation/Annotations/Images-and-Supervisely-Annotations/case_5329/mask_anatomy_inst/case5329_16.png
1613,/data/shared/CataractData/semantic_segmentation/Annotations/Images-and-Supervisely-Annotations/case_5329/img/case5329_17.png,/data/shared/CataractData/semantic_segmentation/Annotations/Images-and-Supervisely-Annotations/case_5329/mask_anatomy_inst/case5329_17.png
1614,/data/shared/CataractData/semantic_segmentation/Annotations/Images-and-Supervisely-Annotations/case_5329/img/case5329_18.png,/data/shared/CataractData/semantic_segmentation/Annotations/Images-and-Supervisely-Annotations/case_5329/mask_anatomy_inst/case5329_18.png
1615,/data/shared/CataractData/semantic_segmentation/Annotations/Images-and-Supervisely-Annotations/case_5329/img/case5329_19.png,/data/shared/CataractData/semantic_segmentation/Annotations/Images-and-Supervisely-Annotations/case_5329/mask_anatomy_inst/case5329_19.png
1616,/data/shared/CataractData/semantic_segmentation/Annotations/Images-and-Supervisely-Annotations/case_5329/img/case5329_20.png,/data/shared/CataractData/semantic_segmentation/Annotations/Images-and-Supervisely-Annotations/case_5329/mask_anatomy_inst/case5329_20.png
1617,/data/shared/CataractData/semantic_segmentation/Annotations/Images-and-Supervisely-Annotations/case_5329/img/case5329_21.png,/data/shared/CataractData/semantic_segmentation/Annotations/Images-and-Supervisely-Annotations/case_5329/mask_anatomy_inst/case5329_21.png
1618,/data/shared/CataractData/semantic_segmentation/Annotations/Images-and-Supervisely-Annotations/case_5329/img/case5329_22.png,/data/shared/CataractData/semantic_segmentation/Annotations/Images-and-Supervisely-Annotations/case_5329/mask_anatomy_inst/case5329_22.png
1619,/data/shared/CataractData/semantic_segmentation/Annotations/Images-and-Supervisely-Annotations/case_5329/img/case5329_23.png,/data/shared/CataractData/semantic_segmentation/Annotations/Images-and-Supervisely-Annotations/case_5329/mask_anatomy_inst/case5329_23.png
1620,/data/shared/CataractData/semantic_segmentation/Annotations/Images-and-Supervisely-Annotations/case_5329/img/case5329_24.png,/data/shared/CataractData/semantic_segmentation/Annotations/Images-and-Supervisely-Annotations/case_5329/mask_anatomy_inst/case5329_24.png
1621,/data/shared/CataractData/semantic_segmentation/Annotations/Images-and-Supervisely-Annotations/case_5329/img/case5329_25.png,/data/shared/CataractData/semantic_segmentation/Annotations/Images-and-Supervisely-Annotations/case_5329/mask_anatomy_inst/case5329_25.png
1622,/data/shared/CataractData/semantic_segmentation/Annotations/Images-and-Supervisely-Annotations/case_5329/img/case5329_26.png,/data/shared/CataractData/semantic_segmentation/Annotations/Images-and-Supervisely-Annotations/case_5329/mask_anatomy_inst/case5329_26.png
1623,/data/shared/CataractData/semantic_segmentation/Annotations/Images-and-Supervisely-Annotations/case_5329/img/case5329_27.png,/data/shared/CataractData/semantic_segmentation/Annotations/Images-and-Supervisely-Annotations/case_5329/mask_anatomy_inst/case5329_27.png
1624,/data/shared/CataractData/semantic_segmentation/Annotations/Images-and-Supervisely-Annotations/case_5329/img/case5329_28.png,/data/shared/CataractData/semantic_segmentation/Annotations/Images-and-Supervisely-Annotations/case_5329/mask_anatomy_inst/case5329_28.png
1625,/data/shared/CataractData/semantic_segmentation/Annotations/Images-and-Supervisely-Annotations/case_5329/img/case5329_29.png,/data/shared/CataractData/semantic_segmentation/Annotations/Images-and-Supervisely-Annotations/case_5329/mask_anatomy_inst/case5329_29.png
1626,/data/shared/CataractData/semantic_segmentation/Annotations/Images-and-Supervisely-Annotations/case_5329/img/case5329_30.png,/data/shared/CataractData/semantic_segmentation/Annotations/Images-and-Supervisely-Annotations/case_5329/mask_anatomy_inst/case5329_30.png
1627,/data/shared/CataractData/semantic_segmentation/Annotations/Images-and-Supervisely-Annotations/case_5329/img/case5329_31.png,/data/shared/CataractData/semantic_segmentation/Annotations/Images-and-Supervisely-Annotations/case_5329/mask_anatomy_inst/case5329_31.png
1628,/data/shared/CataractData/semantic_segmentation/Annotations/Images-and-Supervisely-Annotations/case_5329/img/case5329_32.png,/data/shared/CataractData/semantic_segmentation/Annotations/Images-and-Supervisely-Annotations/case_5329/mask_anatomy_inst/case5329_32.png
1629,/data/shared/CataractData/semantic_segmentation/Annotations/Images-and-Supervisely-Annotations/case_5329/img/case5329_33.png,/data/shared/CataractData/semantic_segmentation/Annotations/Images-and-Supervisely-Annotations/case_5329/mask_anatomy_inst/case5329_33.png
1630,/data/shared/CataractData/semantic_segmentation/Annotations/Images-and-Supervisely-Annotations/case_5329/img/case5329_34.png,/data/shared/CataractData/semantic_segmentation/Annotations/Images-and-Supervisely-Annotations/case_5329/mask_anatomy_inst/case5329_34.png
1631,/data/shared/CataractData/semantic_segmentation/Annotations/Images-and-Supervisely-Annotations/case_5329/img/case5329_35.png,/data/shared/CataractData/semantic_segmentation/Annotations/Images-and-Supervisely-Annotations/case_5329/mask_anatomy_inst/case5329_35.png
1632,/data/shared/CataractData/semantic_segmentation/Annotations/Images-and-Supervisely-Annotations/case_5329/img/case5329_36.png,/data/shared/CataractData/semantic_segmentation/Annotations/Images-and-Supervisely-Annotations/case_5329/mask_anatomy_inst/case5329_36.png
1633,/data/shared/CataractData/semantic_segmentation/Annotations/Images-and-Supervisely-Annotations/case_5329/img/case5329_37.png,/data/shared/CataractData/semantic_segmentation/Annotations/Images-and-Supervisely-Annotations/case_5329/mask_anatomy_inst/case5329_37.png
1634,/data/shared/CataractData/semantic_segmentation/Annotations/Images-and-Supervisely-Annotations/case_5329/img/case5329_38.png,/data/shared/CataractData/semantic_segmentation/Annotations/Images-and-Supervisely-Annotations/case_5329/mask_anatomy_inst/case5329_38.png
1635,/data/shared/CataractData/semantic_segmentation/Annotations/Images-and-Supervisely-Annotations/case_5329/img/case5329_39.png,/data/shared/CataractData/semantic_segmentation/Annotations/Images-and-Supervisely-Annotations/case_5329/mask_anatomy_inst/case5329_39.png
1636,/data/shared/CataractData/semantic_segmentation/Annotations/Images-and-Supervisely-Annotations/case_5329/img/case5329_40.png,/data/shared/CataractData/semantic_segmentation/Annotations/Images-and-Supervisely-Annotations/case_5329/mask_anatomy_inst/case5329_40.png
1637,/data/shared/CataractData/semantic_segmentation/Annotations/Images-and-Supervisely-Annotations/case_5329/img/case5329_41.png,/data/shared/CataractData/semantic_segmentation/Annotations/Images-and-Supervisely-Annotations/case_5329/mask_anatomy_inst/case5329_41.png
1638,/data/shared/CataractData/semantic_segmentation/Annotations/Images-and-Supervisely-Annotations/case_5329/img/case5329_42.png,/data/shared/CataractData/semantic_segmentation/Annotations/Images-and-Supervisely-Annotations/case_5329/mask_anatomy_inst/case5329_42.png
1639,/data/shared/CataractData/semantic_segmentation/Annotations/Images-and-Supervisely-Annotations/case_5329/img/case5329_43.png,/data/shared/CataractData/semantic_segmentation/Annotations/Images-and-Supervisely-Annotations/case_5329/mask_anatomy_inst/case5329_43.png
1640,/data/shared/CataractData/semantic_segmentation/Annotations/Images-and-Supervisely-Annotations/case_5329/img/case5329_44.png,/data/shared/CataractData/semantic_segmentation/Annotations/Images-and-Supervisely-Annotations/case_5329/mask_anatomy_inst/case5329_44.png
1641,/data/shared/CataractData/semantic_segmentation/Annotations/Images-and-Supervisely-Annotations/case_5329/img/case5329_45.png,/data/shared/CataractData/semantic_segmentation/Annotations/Images-and-Supervisely-Annotations/case_5329/mask_anatomy_inst/case5329_45.png
1642,/data/shared/CataractData/semantic_segmentation/Annotations/Images-and-Supervisely-Annotations/case_5329/img/case5329_46.png,/data/shared/CataractData/semantic_segmentation/Annotations/Images-and-Supervisely-Annotations/case_5329/mask_anatomy_inst/case5329_46.png
1643,/data/shared/CataractData/semantic_segmentation/Annotations/Images-and-Supervisely-Annotations/case_5329/img/case5329_47.png,/data/shared/CataractData/semantic_segmentation/Annotations/Images-and-Supervisely-Annotations/case_5329/mask_anatomy_inst/case5329_47.png
1644,/data/shared/CataractData/semantic_segmentation/Annotations/Images-and-Supervisely-Annotations/case_5329/img/case5329_48.png,/data/shared/CataractData/semantic_segmentation/Annotations/Images-and-Supervisely-Annotations/case_5329/mask_anatomy_inst/case5329_48.png
1645,/data/shared/CataractData/semantic_segmentation/Annotations/Images-and-Supervisely-Annotations/case_5329/img/case5329_49.png,/data/shared/CataractData/semantic_segmentation/Annotations/Images-and-Supervisely-Annotations/case_5329/mask_anatomy_inst/case5329_49.png
1646,/data/shared/CataractData/semantic_segmentation/Annotations/Images-and-Supervisely-Annotations/case_5329/img/case5329_50.png,/data/shared/CataractData/semantic_segmentation/Annotations/Images-and-Supervisely-Annotations/case_5329/mask_anatomy_inst/case5329_50.png
1647,/data/shared/CataractData/semantic_segmentation/Annotations/Images-and-Supervisely-Annotations/case_5329/img/case5329_51.png,/data/shared/CataractData/semantic_segmentation/Annotations/Images-and-Supervisely-Annotations/case_5329/mask_anatomy_inst/case5329_51.png
1648,/data/shared/CataractData/semantic_segmentation/Annotations/Images-and-Supervisely-Annotations/case_5329/img/case5329_52.png,/data/shared/CataractData/semantic_segmentation/Annotations/Images-and-Supervisely-Annotations/case_5329/mask_anatomy_inst/case5329_52.png
1649,/data/shared/CataractData/semantic_segmentation/Annotations/Images-and-Supervisely-Annotations/case_5329/img/case5329_53.png,/data/shared/CataractData/semantic_segmentation/Annotations/Images-and-Supervisely-Annotations/case_5329/mask_anatomy_inst/case5329_53.png
1650,/data/shared/CataractData/semantic_segmentation/Annotations/Images-and-Supervisely-Annotations/case_5329/img/case5329_54.png,/data/shared/CataractData/semantic_segmentation/Annotations/Images-and-Supervisely-Annotations/case_5329/mask_anatomy_inst/case5329_54.png
1651,/data/shared/CataractData/semantic_segmentation/Annotations/Images-and-Supervisely-Annotations/case_5329/img/case5329_55.png,/data/shared/CataractData/semantic_segmentation/Annotations/Images-and-Supervisely-Annotations/case_5329/mask_anatomy_inst/case5329_55.png
1652,/data/shared/CataractData/semantic_segmentation/Annotations/Images-and-Supervisely-Annotations/case_5329/img/case5329_56.png,/data/shared/CataractData/semantic_segmentation/Annotations/Images-and-Supervisely-Annotations/case_5329/mask_anatomy_inst/case5329_56.png
1653,/data/shared/CataractData/semantic_segmentation/Annotations/Images-and-Supervisely-Annotations/case_5329/img/case5329_57.png,/data/shared/CataractData/semantic_segmentation/Annotations/Images-and-Supervisely-Annotations/case_5329/mask_anatomy_inst/case5329_57.png
1654,/data/shared/CataractData/semantic_segmentation/Annotations/Images-and-Supervisely-Annotations/case_5329/img/case5329_58.png,/data/shared/CataractData/semantic_segmentation/Annotations/Images-and-Supervisely-Annotations/case_5329/mask_anatomy_inst/case5329_58.png
1655,/data/shared/CataractData/semantic_segmentation/Annotations/Images-and-Supervisely-Annotations/case_5329/img/case5329_59.png,/data/shared/CataractData/semantic_segmentation/Annotations/Images-and-Supervisely-Annotations/case_5329/mask_anatomy_inst/case5329_59.png
1656,/data/shared/CataractData/semantic_segmentation/Annotations/Images-and-Supervisely-Annotations/case_5329/img/case5329_60.png,/data/shared/CataractData/semantic_segmentation/Annotations/Images-and-Supervisely-Annotations/case_5329/mask_anatomy_inst/case5329_60.png
1657,/data/shared/CataractData/semantic_segmentation/Annotations/Images-and-Supervisely-Annotations/case_5329/img/case5329_61.png,/data/shared/CataractData/semantic_segmentation/Annotations/Images-and-Supervisely-Annotations/case_5329/mask_anatomy_inst/case5329_61.png
1658,/data/shared/CataractData/semantic_segmentation/Annotations/Images-and-Supervisely-Annotations/case_5329/img/case5329_62.png,/data/shared/CataractData/semantic_segmentation/Annotations/Images-and-Supervisely-Annotations/case_5329/mask_anatomy_inst/case5329_62.png
1659,/data/shared/CataractData/semantic_segmentation/Annotations/Images-and-Supervisely-Annotations/case_5329/img/case5329_63.png,/data/shared/CataractData/semantic_segmentation/Annotations/Images-and-Supervisely-Annotations/case_5329/mask_anatomy_inst/case5329_63.png
1660,/data/shared/CataractData/semantic_segmentation/Annotations/Images-and-Supervisely-Annotations/case_5329/img/case5329_64.png,/data/shared/CataractData/semantic_segmentation/Annotations/Images-and-Supervisely-Annotations/case_5329/mask_anatomy_inst/case5329_64.png
1661,/data/shared/CataractData/semantic_segmentation/Annotations/Images-and-Supervisely-Annotations/case_5329/img/case5329_65.png,/data/shared/CataractData/semantic_segmentation/Annotations/Images-and-Supervisely-Annotations/case_5329/mask_anatomy_inst/case5329_65.png
1662,/data/shared/CataractData/semantic_segmentation/Annotations/Images-and-Supervisely-Annotations/case_5329/img/case5329_66.png,/data/shared/CataractData/semantic_segmentation/Annotations/Images-and-Supervisely-Annotations/case_5329/mask_anatomy_inst/case5329_66.png
1663,/data/shared/CataractData/semantic_segmentation/Annotations/Images-and-Supervisely-Annotations/case_5329/img/case5329_67.png,/data/shared/CataractData/semantic_segmentation/Annotations/Images-and-Supervisely-Annotations/case_5329/mask_anatomy_inst/case5329_67.png
1664,/data/shared/CataractData/semantic_segmentation/Annotations/Images-and-Supervisely-Annotations/case_5329/img/case5329_68.png,/data/shared/CataractData/semantic_segmentation/Annotations/Images-and-Supervisely-Annotations/case_5329/mask_anatomy_inst/case5329_68.png
1665,/data/shared/CataractData/semantic_segmentation/Annotations/Images-and-Supervisely-Annotations/case_5329/img/case5329_69.png,/data/shared/CataractData/semantic_segmentation/Annotations/Images-and-Supervisely-Annotations/case_5329/mask_anatomy_inst/case5329_69.png
1666,/data/shared/CataractData/semantic_segmentation/Annotations/Images-and-Supervisely-Annotations/case_5329/img/case5329_70.png,/data/shared/CataractData/semantic_segmentation/Annotations/Images-and-Supervisely-Annotations/case_5329/mask_anatomy_inst/case5329_70.png
1667,/data/shared/CataractData/semantic_segmentation/Annotations/Images-and-Supervisely-Annotations/case_5329/img/case5329_71.png,/data/shared/CataractData/semantic_segmentation/Annotations/Images-and-Supervisely-Annotations/case_5329/mask_anatomy_inst/case5329_71.png
1668,/data/shared/CataractData/semantic_segmentation/Annotations/Images-and-Supervisely-Annotations/case_5329/img/case5329_72.png,/data/shared/CataractData/semantic_segmentation/Annotations/Images-and-Supervisely-Annotations/case_5329/mask_anatomy_inst/case5329_72.png
1669,/data/shared/CataractData/semantic_segmentation/Annotations/Images-and-Supervisely-Annotations/case_5329/img/case5329_73.png,/data/shared/CataractData/semantic_segmentation/Annotations/Images-and-Supervisely-Annotations/case_5329/mask_anatomy_inst/case5329_73.png
1670,/data/shared/CataractData/semantic_segmentation/Annotations/Images-and-Supervisely-Annotations/case_5329/img/case5329_74.png,/data/shared/CataractData/semantic_segmentation/Annotations/Images-and-Supervisely-Annotations/case_5329/mask_anatomy_inst/case5329_74.png
1671,/data/shared/CataractData/semantic_segmentation/Annotations/Images-and-Supervisely-Annotations/case_5329/img/case5329_75.png,/data/shared/CataractData/semantic_segmentation/Annotations/Images-and-Supervisely-Annotations/case_5329/mask_anatomy_inst/case5329_75.png
1672,/data/shared/CataractData/semantic_segmentation/Annotations/Images-and-Supervisely-Annotations/case_5329/img/case5329_76.png,/data/shared/CataractData/semantic_segmentation/Annotations/Images-and-Supervisely-Annotations/case_5329/mask_anatomy_inst/case5329_76.png
1673,/data/shared/CataractData/semantic_segmentation/Annotations/Images-and-Supervisely-Annotations/case_5334/img/case5334_01.png,/data/shared/CataractData/semantic_segmentation/Annotations/Images-and-Supervisely-Annotations/case_5334/mask_anatomy_inst/case5334_01.png
1674,/data/shared/CataractData/semantic_segmentation/Annotations/Images-and-Supervisely-Annotations/case_5334/img/case5334_02.png,/data/shared/CataractData/semantic_segmentation/Annotations/Images-and-Supervisely-Annotations/case_5334/mask_anatomy_inst/case5334_02.png
1675,/data/shared/CataractData/semantic_segmentation/Annotations/Images-and-Supervisely-Annotations/case_5334/img/case5334_03.png,/data/shared/CataractData/semantic_segmentation/Annotations/Images-and-Supervisely-Annotations/case_5334/mask_anatomy_inst/case5334_03.png
1676,/data/shared/CataractData/semantic_segmentation/Annotations/Images-and-Supervisely-Annotations/case_5334/img/case5334_04.png,/data/shared/CataractData/semantic_segmentation/Annotations/Images-and-Supervisely-Annotations/case_5334/mask_anatomy_inst/case5334_04.png
1677,/data/shared/CataractData/semantic_segmentation/Annotations/Images-and-Supervisely-Annotations/case_5334/img/case5334_05.png,/data/shared/CataractData/semantic_segmentation/Annotations/Images-and-Supervisely-Annotations/case_5334/mask_anatomy_inst/case5334_05.png
1678,/data/shared/CataractData/semantic_segmentation/Annotations/Images-and-Supervisely-Annotations/case_5334/img/case5334_06.png,/data/shared/CataractData/semantic_segmentation/Annotations/Images-and-Supervisely-Annotations/case_5334/mask_anatomy_inst/case5334_06.png
1679,/data/shared/CataractData/semantic_segmentation/Annotations/Images-and-Supervisely-Annotations/case_5334/img/case5334_07.png,/data/shared/CataractData/semantic_segmentation/Annotations/Images-and-Supervisely-Annotations/case_5334/mask_anatomy_inst/case5334_07.png
1680,/data/shared/CataractData/semantic_segmentation/Annotations/Images-and-Supervisely-Annotations/case_5334/img/case5334_08.png,/data/shared/CataractData/semantic_segmentation/Annotations/Images-and-Supervisely-Annotations/case_5334/mask_anatomy_inst/case5334_08.png
1681,/data/shared/CataractData/semantic_segmentation/Annotations/Images-and-Supervisely-Annotations/case_5334/img/case5334_09.png,/data/shared/CataractData/semantic_segmentation/Annotations/Images-and-Supervisely-Annotations/case_5334/mask_anatomy_inst/case5334_09.png
1682,/data/shared/CataractData/semantic_segmentation/Annotations/Images-and-Supervisely-Annotations/case_5334/img/case5334_10.png,/data/shared/CataractData/semantic_segmentation/Annotations/Images-and-Supervisely-Annotations/case_5334/mask_anatomy_inst/case5334_10.png
1683,/data/shared/CataractData/semantic_segmentation/Annotations/Images-and-Supervisely-Annotations/case_5334/img/case5334_11.png,/data/shared/CataractData/semantic_segmentation/Annotations/Images-and-Supervisely-Annotations/case_5334/mask_anatomy_inst/case5334_11.png
1684,/data/shared/CataractData/semantic_segmentation/Annotations/Images-and-Supervisely-Annotations/case_5334/img/case5334_12.png,/data/shared/CataractData/semantic_segmentation/Annotations/Images-and-Supervisely-Annotations/case_5334/mask_anatomy_inst/case5334_12.png
1685,/data/shared/CataractData/semantic_segmentation/Annotations/Images-and-Supervisely-Annotations/case_5334/img/case5334_13.png,/data/shared/CataractData/semantic_segmentation/Annotations/Images-and-Supervisely-Annotations/case_5334/mask_anatomy_inst/case5334_13.png
1686,/data/shared/CataractData/semantic_segmentation/Annotations/Images-and-Supervisely-Annotations/case_5334/img/case5334_14.png,/data/shared/CataractData/semantic_segmentation/Annotations/Images-and-Supervisely-Annotations/case_5334/mask_anatomy_inst/case5334_14.png
1687,/data/shared/CataractData/semantic_segmentation/Annotations/Images-and-Supervisely-Annotations/case_5334/img/case5334_15.png,/data/shared/CataractData/semantic_segmentation/Annotations/Images-and-Supervisely-Annotations/case_5334/mask_anatomy_inst/case5334_15.png
1688,/data/shared/CataractData/semantic_segmentation/Annotations/Images-and-Supervisely-Annotations/case_5334/img/case5334_16.png,/data/shared/CataractData/semantic_segmentation/Annotations/Images-and-Supervisely-Annotations/case_5334/mask_anatomy_inst/case5334_16.png
1689,/data/shared/CataractData/semantic_segmentation/Annotations/Images-and-Supervisely-Annotations/case_5334/img/case5334_17.png,/data/shared/CataractData/semantic_segmentation/Annotations/Images-and-Supervisely-Annotations/case_5334/mask_anatomy_inst/case5334_17.png
1690,/data/shared/CataractData/semantic_segmentation/Annotations/Images-and-Supervisely-Annotations/case_5334/img/case5334_18.png,/data/shared/CataractData/semantic_segmentation/Annotations/Images-and-Supervisely-Annotations/case_5334/mask_anatomy_inst/case5334_18.png
1691,/data/shared/CataractData/semantic_segmentation/Annotations/Images-and-Supervisely-Annotations/case_5334/img/case5334_20.png,/data/shared/CataractData/semantic_segmentation/Annotations/Images-and-Supervisely-Annotations/case_5334/mask_anatomy_inst/case5334_20.png
1692,/data/shared/CataractData/semantic_segmentation/Annotations/Images-and-Supervisely-Annotations/case_5334/img/case5334_21.png,/data/shared/CataractData/semantic_segmentation/Annotations/Images-and-Supervisely-Annotations/case_5334/mask_anatomy_inst/case5334_21.png
1693,/data/shared/CataractData/semantic_segmentation/Annotations/Images-and-Supervisely-Annotations/case_5334/img/case5334_22.png,/data/shared/CataractData/semantic_segmentation/Annotations/Images-and-Supervisely-Annotations/case_5334/mask_anatomy_inst/case5334_22.png
1694,/data/shared/CataractData/semantic_segmentation/Annotations/Images-and-Supervisely-Annotations/case_5334/img/case5334_23.png,/data/shared/CataractData/semantic_segmentation/Annotations/Images-and-Supervisely-Annotations/case_5334/mask_anatomy_inst/case5334_23.png
1695,/data/shared/CataractData/semantic_segmentation/Annotations/Images-and-Supervisely-Annotations/case_5334/img/case5334_24.png,/data/shared/CataractData/semantic_segmentation/Annotations/Images-and-Supervisely-Annotations/case_5334/mask_anatomy_inst/case5334_24.png
1696,/data/shared/CataractData/semantic_segmentation/Annotations/Images-and-Supervisely-Annotations/case_5334/img/case5334_25.png,/data/shared/CataractData/semantic_segmentation/Annotations/Images-and-Supervisely-Annotations/case_5334/mask_anatomy_inst/case5334_25.png
1697,/data/shared/CataractData/semantic_segmentation/Annotations/Images-and-Supervisely-Annotations/case_5334/img/case5334_26.png,/data/shared/CataractData/semantic_segmentation/Annotations/Images-and-Supervisely-Annotations/case_5334/mask_anatomy_inst/case5334_26.png
1698,/data/shared/CataractData/semantic_segmentation/Annotations/Images-and-Supervisely-Annotations/case_5334/img/case5334_27.png,/data/shared/CataractData/semantic_segmentation/Annotations/Images-and-Supervisely-Annotations/case_5334/mask_anatomy_inst/case5334_27.png
1699,/data/shared/CataractData/semantic_segmentation/Annotations/Images-and-Supervisely-Annotations/case_5334/img/case5334_28.png,/data/shared/CataractData/semantic_segmentation/Annotations/Images-and-Supervisely-Annotations/case_5334/mask_anatomy_inst/case5334_28.png
1700,/data/shared/CataractData/semantic_segmentation/Annotations/Images-and-Supervisely-Annotations/case_5334/img/case5334_29.png,/data/shared/CataractData/semantic_segmentation/Annotations/Images-and-Supervisely-Annotations/case_5334/mask_anatomy_inst/case5334_29.png
1701,/data/shared/CataractData/semantic_segmentation/Annotations/Images-and-Supervisely-Annotations/case_5334/img/case5334_30.png,/data/shared/CataractData/semantic_segmentation/Annotations/Images-and-Supervisely-Annotations/case_5334/mask_anatomy_inst/case5334_30.png
1702,/data/shared/CataractData/semantic_segmentation/Annotations/Images-and-Supervisely-Annotations/case_5334/img/case5334_31.png,/data/shared/CataractData/semantic_segmentation/Annotations/Images-and-Supervisely-Annotations/case_5334/mask_anatomy_inst/case5334_31.png
1703,/data/shared/CataractData/semantic_segmentation/Annotations/Images-and-Supervisely-Annotations/case_5334/img/case5334_32.png,/data/shared/CataractData/semantic_segmentation/Annotations/Images-and-Supervisely-Annotations/case_5334/mask_anatomy_inst/case5334_32.png
1704,/data/shared/CataractData/semantic_segmentation/Annotations/Images-and-Supervisely-Annotations/case_5334/img/case5334_33.png,/data/shared/CataractData/semantic_segmentation/Annotations/Images-and-Supervisely-Annotations/case_5334/mask_anatomy_inst/case5334_33.png
1705,/data/shared/CataractData/semantic_segmentation/Annotations/Images-and-Supervisely-Annotations/case_5334/img/case5334_34.png,/data/shared/CataractData/semantic_segmentation/Annotations/Images-and-Supervisely-Annotations/case_5334/mask_anatomy_inst/case5334_34.png
1706,/data/shared/CataractData/semantic_segmentation/Annotations/Images-and-Supervisely-Annotations/case_5334/img/case5334_35.png,/data/shared/CataractData/semantic_segmentation/Annotations/Images-and-Supervisely-Annotations/case_5334/mask_anatomy_inst/case5334_35.png
1707,/data/shared/CataractData/semantic_segmentation/Annotations/Images-and-Supervisely-Annotations/case_5334/img/case5334_36.png,/data/shared/CataractData/semantic_segmentation/Annotations/Images-and-Supervisely-Annotations/case_5334/mask_anatomy_inst/case5334_36.png
1708,/data/shared/CataractData/semantic_segmentation/Annotations/Images-and-Supervisely-Annotations/case_5334/img/case5334_37.png,/data/shared/CataractData/semantic_segmentation/Annotations/Images-and-Supervisely-Annotations/case_5334/mask_anatomy_inst/case5334_37.png
1709,/data/shared/CataractData/semantic_segmentation/Annotations/Images-and-Supervisely-Annotations/case_5334/img/case5334_38.png,/data/shared/CataractData/semantic_segmentation/Annotations/Images-and-Supervisely-Annotations/case_5334/mask_anatomy_inst/case5334_38.png
1710,/data/shared/CataractData/semantic_segmentation/Annotations/Images-and-Supervisely-Annotations/case_5334/img/case5334_39.png,/data/shared/CataractData/semantic_segmentation/Annotations/Images-and-Supervisely-Annotations/case_5334/mask_anatomy_inst/case5334_39.png
1711,/data/shared/CataractData/semantic_segmentation/Annotations/Images-and-Supervisely-Annotations/case_5334/img/case5334_40.png,/data/shared/CataractData/semantic_segmentation/Annotations/Images-and-Supervisely-Annotations/case_5334/mask_anatomy_inst/case5334_40.png
1712,/data/shared/CataractData/semantic_segmentation/Annotations/Images-and-Supervisely-Annotations/case_5334/img/case5334_41.png,/data/shared/CataractData/semantic_segmentation/Annotations/Images-and-Supervisely-Annotations/case_5334/mask_anatomy_inst/case5334_41.png
1713,/data/shared/CataractData/semantic_segmentation/Annotations/Images-and-Supervisely-Annotations/case_5334/img/case5334_42.png,/data/shared/CataractData/semantic_segmentation/Annotations/Images-and-Supervisely-Annotations/case_5334/mask_anatomy_inst/case5334_42.png
1714,/data/shared/CataractData/semantic_segmentation/Annotations/Images-and-Supervisely-Annotations/case_5334/img/case5334_43.png,/data/shared/CataractData/semantic_segmentation/Annotations/Images-and-Supervisely-Annotations/case_5334/mask_anatomy_inst/case5334_43.png
1715,/data/shared/CataractData/semantic_segmentation/Annotations/Images-and-Supervisely-Annotations/case_5334/img/case5334_44.png,/data/shared/CataractData/semantic_segmentation/Annotations/Images-and-Supervisely-Annotations/case_5334/mask_anatomy_inst/case5334_44.png
1716,/data/shared/CataractData/semantic_segmentation/Annotations/Images-and-Supervisely-Annotations/case_5334/img/case5334_45.png,/data/shared/CataractData/semantic_segmentation/Annotations/Images-and-Supervisely-Annotations/case_5334/mask_anatomy_inst/case5334_45.png
1717,/data/shared/CataractData/semantic_segmentation/Annotations/Images-and-Supervisely-Annotations/case_5334/img/case5334_46.png,/data/shared/CataractData/semantic_segmentation/Annotations/Images-and-Supervisely-Annotations/case_5334/mask_anatomy_inst/case5334_46.png
1718,/data/shared/CataractData/semantic_segmentation/Annotations/Images-and-Supervisely-Annotations/case_5334/img/case5334_47.png,/data/shared/CataractData/semantic_segmentation/Annotations/Images-and-Supervisely-Annotations/case_5334/mask_anatomy_inst/case5334_47.png
1719,/data/shared/CataractData/semantic_segmentation/Annotations/Images-and-Supervisely-Annotations/case_5334/img/case5334_48.png,/data/shared/CataractData/semantic_segmentation/Annotations/Images-and-Supervisely-Annotations/case_5334/mask_anatomy_inst/case5334_48.png
1720,/data/shared/CataractData/semantic_segmentation/Annotations/Images-and-Supervisely-Annotations/case_5334/img/case5334_49.png,/data/shared/CataractData/semantic_segmentation/Annotations/Images-and-Supervisely-Annotations/case_5334/mask_anatomy_inst/case5334_49.png
1721,/data/shared/CataractData/semantic_segmentation/Annotations/Images-and-Supervisely-Annotations/case_5334/img/case5334_50.png,/data/shared/CataractData/semantic_segmentation/Annotations/Images-and-Supervisely-Annotations/case_5334/mask_anatomy_inst/case5334_50.png
1722,/data/shared/CataractData/semantic_segmentation/Annotations/Images-and-Supervisely-Annotations/case_5334/img/case5334_51.png,/data/shared/CataractData/semantic_segmentation/Annotations/Images-and-Supervisely-Annotations/case_5334/mask_anatomy_inst/case5334_51.png
1723,/data/shared/CataractData/semantic_segmentation/Annotations/Images-and-Supervisely-Annotations/case_5334/img/case5334_52.png,/data/shared/CataractData/semantic_segmentation/Annotations/Images-and-Supervisely-Annotations/case_5334/mask_anatomy_inst/case5334_52.png
1724,/data/shared/CataractData/semantic_segmentation/Annotations/Images-and-Supervisely-Annotations/case_5334/img/case5334_53.png,/data/shared/CataractData/semantic_segmentation/Annotations/Images-and-Supervisely-Annotations/case_5334/mask_anatomy_inst/case5334_53.png
1725,/data/shared/CataractData/semantic_segmentation/Annotations/Images-and-Supervisely-Annotations/case_5334/img/case5334_54.png,/data/shared/CataractData/semantic_segmentation/Annotations/Images-and-Supervisely-Annotations/case_5334/mask_anatomy_inst/case5334_54.png
1726,/data/shared/CataractData/semantic_segmentation/Annotations/Images-and-Supervisely-Annotations/case_5334/img/case5334_55.png,/data/shared/CataractData/semantic_segmentation/Annotations/Images-and-Supervisely-Annotations/case_5334/mask_anatomy_inst/case5334_55.png
1727,/data/shared/CataractData/semantic_segmentation/Annotations/Images-and-Supervisely-Annotations/case_5334/img/case5334_56.png,/data/shared/CataractData/semantic_segmentation/Annotations/Images-and-Supervisely-Annotations/case_5334/mask_anatomy_inst/case5334_56.png
1728,/data/shared/CataractData/semantic_segmentation/Annotations/Images-and-Supervisely-Annotations/case_5334/img/case5334_57.png,/data/shared/CataractData/semantic_segmentation/Annotations/Images-and-Supervisely-Annotations/case_5334/mask_anatomy_inst/case5334_57.png
1729,/data/shared/CataractData/semantic_segmentation/Annotations/Images-and-Supervisely-Annotations/case_5334/img/case5334_58.png,/data/shared/CataractData/semantic_segmentation/Annotations/Images-and-Supervisely-Annotations/case_5334/mask_anatomy_inst/case5334_58.png
1730,/data/shared/CataractData/semantic_segmentation/Annotations/Images-and-Supervisely-Annotations/case_5334/img/case5334_59.png,/data/shared/CataractData/semantic_segmentation/Annotations/Images-and-Supervisely-Annotations/case_5334/mask_anatomy_inst/case5334_59.png
1731,/data/shared/CataractData/semantic_segmentation/Annotations/Images-and-Supervisely-Annotations/case_5334/img/case5334_60.png,/data/shared/CataractData/semantic_segmentation/Annotations/Images-and-Supervisely-Annotations/case_5334/mask_anatomy_inst/case5334_60.png
1732,/data/shared/CataractData/semantic_segmentation/Annotations/Images-and-Supervisely-Annotations/case_5334/img/case5334_61.png,/data/shared/CataractData/semantic_segmentation/Annotations/Images-and-Supervisely-Annotations/case_5334/mask_anatomy_inst/case5334_61.png
1733,/data/shared/CataractData/semantic_segmentation/Annotations/Images-and-Supervisely-Annotations/case_5334/img/case5334_62.png,/data/shared/CataractData/semantic_segmentation/Annotations/Images-and-Supervisely-Annotations/case_5334/mask_anatomy_inst/case5334_62.png
1734,/data/shared/CataractData/semantic_segmentation/Annotations/Images-and-Supervisely-Annotations/case_5334/img/case5334_63.png,/data/shared/CataractData/semantic_segmentation/Annotations/Images-and-Supervisely-Annotations/case_5334/mask_anatomy_inst/case5334_63.png
1735,/data/shared/CataractData/semantic_segmentation/Annotations/Images-and-Supervisely-Annotations/case_5334/img/case5334_64.png,/data/shared/CataractData/semantic_segmentation/Annotations/Images-and-Supervisely-Annotations/case_5334/mask_anatomy_inst/case5334_64.png
1736,/data/shared/CataractData/semantic_segmentation/Annotations/Images-and-Supervisely-Annotations/case_5334/img/case5334_65.png,/data/shared/CataractData/semantic_segmentation/Annotations/Images-and-Supervisely-Annotations/case_5334/mask_anatomy_inst/case5334_65.png
1737,/data/shared/CataractData/semantic_segmentation/Annotations/Images-and-Supervisely-Annotations/case_5334/img/case5334_66.png,/data/shared/CataractData/semantic_segmentation/Annotations/Images-and-Supervisely-Annotations/case_5334/mask_anatomy_inst/case5334_66.png
1738,/data/shared/CataractData/semantic_segmentation/Annotations/Images-and-Supervisely-Annotations/case_5334/img/case5334_67.png,/data/shared/CataractData/semantic_segmentation/Annotations/Images-and-Supervisely-Annotations/case_5334/mask_anatomy_inst/case5334_67.png
1739,/data/shared/CataractData/semantic_segmentation/Annotations/Images-and-Supervisely-Annotations/case_5334/img/case5334_68.png,/data/shared/CataractData/semantic_segmentation/Annotations/Images-and-Supervisely-Annotations/case_5334/mask_anatomy_inst/case5334_68.png
1740,/data/shared/CataractData/semantic_segmentation/Annotations/Images-and-Supervisely-Annotations/case_5334/img/case5334_69.png,/data/shared/CataractData/semantic_segmentation/Annotations/Images-and-Supervisely-Annotations/case_5334/mask_anatomy_inst/case5334_69.png
1741,/data/shared/CataractData/semantic_segmentation/Annotations/Images-and-Supervisely-Annotations/case_5334/img/case5334_70.png,/data/shared/CataractData/semantic_segmentation/Annotations/Images-and-Supervisely-Annotations/case_5334/mask_anatomy_inst/case5334_70.png
1742,/data/shared/CataractData/semantic_segmentation/Annotations/Images-and-Supervisely-Annotations/case_5334/img/case5334_71.png,/data/shared/CataractData/semantic_segmentation/Annotations/Images-and-Supervisely-Annotations/case_5334/mask_anatomy_inst/case5334_71.png
1743,/data/shared/CataractData/semantic_segmentation/Annotations/Images-and-Supervisely-Annotations/case_5334/img/case5334_72.png,/data/shared/CataractData/semantic_segmentation/Annotations/Images-and-Supervisely-Annotations/case_5334/mask_anatomy_inst/case5334_72.png
1744,/data/shared/CataractData/semantic_segmentation/Annotations/Images-and-Supervisely-Annotations/case_5334/img/case5334_73.png,/data/shared/CataractData/semantic_segmentation/Annotations/Images-and-Supervisely-Annotations/case_5334/mask_anatomy_inst/case5334_73.png
1745,/data/shared/CataractData/semantic_segmentation/Annotations/Images-and-Supervisely-Annotations/case_5334/img/case5334_74.png,/data/shared/CataractData/semantic_segmentation/Annotations/Images-and-Supervisely-Annotations/case_5334/mask_anatomy_inst/case5334_74.png
1746,/data/shared/CataractData/semantic_segmentation/Annotations/Images-and-Supervisely-Annotations/case_5334/img/case5334_75.png,/data/shared/CataractData/semantic_segmentation/Annotations/Images-and-Supervisely-Annotations/case_5334/mask_anatomy_inst/case5334_75.png
1747,/data/shared/CataractData/semantic_segmentation/Annotations/Images-and-Supervisely-Annotations/case_5334/img/case5334_76.png,/data/shared/CataractData/semantic_segmentation/Annotations/Images-and-Supervisely-Annotations/case_5334/mask_anatomy_inst/case5334_76.png
1748,/data/shared/CataractData/semantic_segmentation/Annotations/Images-and-Supervisely-Annotations/case_5334/img/case5334_77.png,/data/shared/CataractData/semantic_segmentation/Annotations/Images-and-Supervisely-Annotations/case_5334/mask_anatomy_inst/case5334_77.png
1749,/data/shared/CataractData/semantic_segmentation/Annotations/Images-and-Supervisely-Annotations/case_5334/img/case5334_78.png,/data/shared/CataractData/semantic_segmentation/Annotations/Images-and-Supervisely-Annotations/case_5334/mask_anatomy_inst/case5334_78.png
1750,/data/shared/CataractData/semantic_segmentation/Annotations/Images-and-Supervisely-Annotations/case_5334/img/case5334_79.png,/data/shared/CataractData/semantic_segmentation/Annotations/Images-and-Supervisely-Annotations/case_5334/mask_anatomy_inst/case5334_79.png
1751,/data/shared/CataractData/semantic_segmentation/Annotations/Images-and-Supervisely-Annotations/case_5335/img/case5335_01.png,/data/shared/CataractData/semantic_segmentation/Annotations/Images-and-Supervisely-Annotations/case_5335/mask_anatomy_inst/case5335_01.png
1752,/data/shared/CataractData/semantic_segmentation/Annotations/Images-and-Supervisely-Annotations/case_5335/img/case5335_02.png,/data/shared/CataractData/semantic_segmentation/Annotations/Images-and-Supervisely-Annotations/case_5335/mask_anatomy_inst/case5335_02.png
1753,/data/shared/CataractData/semantic_segmentation/Annotations/Images-and-Supervisely-Annotations/case_5335/img/case5335_03.png,/data/shared/CataractData/semantic_segmentation/Annotations/Images-and-Supervisely-Annotations/case_5335/mask_anatomy_inst/case5335_03.png
1754,/data/shared/CataractData/semantic_segmentation/Annotations/Images-and-Supervisely-Annotations/case_5335/img/case5335_04.png,/data/shared/CataractData/semantic_segmentation/Annotations/Images-and-Supervisely-Annotations/case_5335/mask_anatomy_inst/case5335_04.png
1755,/data/shared/CataractData/semantic_segmentation/Annotations/Images-and-Supervisely-Annotations/case_5335/img/case5335_05.png,/data/shared/CataractData/semantic_segmentation/Annotations/Images-and-Supervisely-Annotations/case_5335/mask_anatomy_inst/case5335_05.png
1756,/data/shared/CataractData/semantic_segmentation/Annotations/Images-and-Supervisely-Annotations/case_5335/img/case5335_06.png,/data/shared/CataractData/semantic_segmentation/Annotations/Images-and-Supervisely-Annotations/case_5335/mask_anatomy_inst/case5335_06.png
1757,/data/shared/CataractData/semantic_segmentation/Annotations/Images-and-Supervisely-Annotations/case_5335/img/case5335_07.png,/data/shared/CataractData/semantic_segmentation/Annotations/Images-and-Supervisely-Annotations/case_5335/mask_anatomy_inst/case5335_07.png
1758,/data/shared/CataractData/semantic_segmentation/Annotations/Images-and-Supervisely-Annotations/case_5335/img/case5335_08.png,/data/shared/CataractData/semantic_segmentation/Annotations/Images-and-Supervisely-Annotations/case_5335/mask_anatomy_inst/case5335_08.png
1759,/data/shared/CataractData/semantic_segmentation/Annotations/Images-and-Supervisely-Annotations/case_5335/img/case5335_09.png,/data/shared/CataractData/semantic_segmentation/Annotations/Images-and-Supervisely-Annotations/case_5335/mask_anatomy_inst/case5335_09.png
1760,/data/shared/CataractData/semantic_segmentation/Annotations/Images-and-Supervisely-Annotations/case_5335/img/case5335_10.png,/data/shared/CataractData/semantic_segmentation/Annotations/Images-and-Supervisely-Annotations/case_5335/mask_anatomy_inst/case5335_10.png
1761,/data/shared/CataractData/semantic_segmentation/Annotations/Images-and-Supervisely-Annotations/case_5335/img/case5335_11.png,/data/shared/CataractData/semantic_segmentation/Annotations/Images-and-Supervisely-Annotations/case_5335/mask_anatomy_inst/case5335_11.png
1762,/data/shared/CataractData/semantic_segmentation/Annotations/Images-and-Supervisely-Annotations/case_5335/img/case5335_12.png,/data/shared/CataractData/semantic_segmentation/Annotations/Images-and-Supervisely-Annotations/case_5335/mask_anatomy_inst/case5335_12.png
1763,/data/shared/CataractData/semantic_segmentation/Annotations/Images-and-Supervisely-Annotations/case_5335/img/case5335_13.png,/data/shared/CataractData/semantic_segmentation/Annotations/Images-and-Supervisely-Annotations/case_5335/mask_anatomy_inst/case5335_13.png
1764,/data/shared/CataractData/semantic_segmentation/Annotations/Images-and-Supervisely-Annotations/case_5335/img/case5335_14.png,/data/shared/CataractData/semantic_segmentation/Annotations/Images-and-Supervisely-Annotations/case_5335/mask_anatomy_inst/case5335_14.png
1765,/data/shared/CataractData/semantic_segmentation/Annotations/Images-and-Supervisely-Annotations/case_5335/img/case5335_15.png,/data/shared/CataractData/semantic_segmentation/Annotations/Images-and-Supervisely-Annotations/case_5335/mask_anatomy_inst/case5335_15.png
1766,/data/shared/CataractData/semantic_segmentation/Annotations/Images-and-Supervisely-Annotations/case_5335/img/case5335_16.png,/data/shared/CataractData/semantic_segmentation/Annotations/Images-and-Supervisely-Annotations/case_5335/mask_anatomy_inst/case5335_16.png
1767,/data/shared/CataractData/semantic_segmentation/Annotations/Images-and-Supervisely-Annotations/case_5335/img/case5335_17.png,/data/shared/CataractData/semantic_segmentation/Annotations/Images-and-Supervisely-Annotations/case_5335/mask_anatomy_inst/case5335_17.png
1768,/data/shared/CataractData/semantic_segmentation/Annotations/Images-and-Supervisely-Annotations/case_5335/img/case5335_18.png,/data/shared/CataractData/semantic_segmentation/Annotations/Images-and-Supervisely-Annotations/case_5335/mask_anatomy_inst/case5335_18.png
1769,/data/shared/CataractData/semantic_segmentation/Annotations/Images-and-Supervisely-Annotations/case_5335/img/case5335_19.png,/data/shared/CataractData/semantic_segmentation/Annotations/Images-and-Supervisely-Annotations/case_5335/mask_anatomy_inst/case5335_19.png
1770,/data/shared/CataractData/semantic_segmentation/Annotations/Images-and-Supervisely-Annotations/case_5335/img/case5335_20.png,/data/shared/CataractData/semantic_segmentation/Annotations/Images-and-Supervisely-Annotations/case_5335/mask_anatomy_inst/case5335_20.png
1771,/data/shared/CataractData/semantic_segmentation/Annotations/Images-and-Supervisely-Annotations/case_5335/img/case5335_21.png,/data/shared/CataractData/semantic_segmentation/Annotations/Images-and-Supervisely-Annotations/case_5335/mask_anatomy_inst/case5335_21.png
1772,/data/shared/CataractData/semantic_segmentation/Annotations/Images-and-Supervisely-Annotations/case_5335/img/case5335_22.png,/data/shared/CataractData/semantic_segmentation/Annotations/Images-and-Supervisely-Annotations/case_5335/mask_anatomy_inst/case5335_22.png
1773,/data/shared/CataractData/semantic_segmentation/Annotations/Images-and-Supervisely-Annotations/case_5335/img/case5335_23.png,/data/shared/CataractData/semantic_segmentation/Annotations/Images-and-Supervisely-Annotations/case_5335/mask_anatomy_inst/case5335_23.png
1774,/data/shared/CataractData/semantic_segmentation/Annotations/Images-and-Supervisely-Annotations/case_5335/img/case5335_24.png,/data/shared/CataractData/semantic_segmentation/Annotations/Images-and-Supervisely-Annotations/case_5335/mask_anatomy_inst/case5335_24.png
1775,/data/shared/CataractData/semantic_segmentation/Annotations/Images-and-Supervisely-Annotations/case_5335/img/case5335_25.png,/data/shared/CataractData/semantic_segmentation/Annotations/Images-and-Supervisely-Annotations/case_5335/mask_anatomy_inst/case5335_25.png
1776,/data/shared/CataractData/semantic_segmentation/Annotations/Images-and-Supervisely-Annotations/case_5335/img/case5335_26.png,/data/shared/CataractData/semantic_segmentation/Annotations/Images-and-Supervisely-Annotations/case_5335/mask_anatomy_inst/case5335_26.png
1777,/data/shared/CataractData/semantic_segmentation/Annotations/Images-and-Supervisely-Annotations/case_5335/img/case5335_27.png,/data/shared/CataractData/semantic_segmentation/Annotations/Images-and-Supervisely-Annotations/case_5335/mask_anatomy_inst/case5335_27.png
1778,/data/shared/CataractData/semantic_segmentation/Annotations/Images-and-Supervisely-Annotations/case_5335/img/case5335_28.png,/data/shared/CataractData/semantic_segmentation/Annotations/Images-and-Supervisely-Annotations/case_5335/mask_anatomy_inst/case5335_28.png
1779,/data/shared/CataractData/semantic_segmentation/Annotations/Images-and-Supervisely-Annotations/case_5335/img/case5335_29.png,/data/shared/CataractData/semantic_segmentation/Annotations/Images-and-Supervisely-Annotations/case_5335/mask_anatomy_inst/case5335_29.png
1780,/data/shared/CataractData/semantic_segmentation/Annotations/Images-and-Supervisely-Annotations/case_5335/img/case5335_30.png,/data/shared/CataractData/semantic_segmentation/Annotations/Images-and-Supervisely-Annotations/case_5335/mask_anatomy_inst/case5335_30.png
1781,/data/shared/CataractData/semantic_segmentation/Annotations/Images-and-Supervisely-Annotations/case_5335/img/case5335_31.png,/data/shared/CataractData/semantic_segmentation/Annotations/Images-and-Supervisely-Annotations/case_5335/mask_anatomy_inst/case5335_31.png
1782,/data/shared/CataractData/semantic_segmentation/Annotations/Images-and-Supervisely-Annotations/case_5335/img/case5335_32.png,/data/shared/CataractData/semantic_segmentation/Annotations/Images-and-Supervisely-Annotations/case_5335/mask_anatomy_inst/case5335_32.png
1783,/data/shared/CataractData/semantic_segmentation/Annotations/Images-and-Supervisely-Annotations/case_5335/img/case5335_33.png,/data/shared/CataractData/semantic_segmentation/Annotations/Images-and-Supervisely-Annotations/case_5335/mask_anatomy_inst/case5335_33.png
1784,/data/shared/CataractData/semantic_segmentation/Annotations/Images-and-Supervisely-Annotations/case_5335/img/case5335_34.png,/data/shared/CataractData/semantic_segmentation/Annotations/Images-and-Supervisely-Annotations/case_5335/mask_anatomy_inst/case5335_34.png
1785,/data/shared/CataractData/semantic_segmentation/Annotations/Images-and-Supervisely-Annotations/case_5335/img/case5335_35.png,/data/shared/CataractData/semantic_segmentation/Annotations/Images-and-Supervisely-Annotations/case_5335/mask_anatomy_inst/case5335_35.png
1786,/data/shared/CataractData/semantic_segmentation/Annotations/Images-and-Supervisely-Annotations/case_5335/img/case5335_36.png,/data/shared/CataractData/semantic_segmentation/Annotations/Images-and-Supervisely-Annotations/case_5335/mask_anatomy_inst/case5335_36.png
1787,/data/shared/CataractData/semantic_segmentation/Annotations/Images-and-Supervisely-Annotations/case_5335/img/case5335_37.png,/data/shared/CataractData/semantic_segmentation/Annotations/Images-and-Supervisely-Annotations/case_5335/mask_anatomy_inst/case5335_37.png
1788,/data/shared/CataractData/semantic_segmentation/Annotations/Images-and-Supervisely-Annotations/case_5335/img/case5335_38.png,/data/shared/CataractData/semantic_segmentation/Annotations/Images-and-Supervisely-Annotations/case_5335/mask_anatomy_inst/case5335_38.png
1789,/data/shared/CataractData/semantic_segmentation/Annotations/Images-and-Supervisely-Annotations/case_5335/img/case5335_39.png,/data/shared/CataractData/semantic_segmentation/Annotations/Images-and-Supervisely-Annotations/case_5335/mask_anatomy_inst/case5335_39.png
1790,/data/shared/CataractData/semantic_segmentation/Annotations/Images-and-Supervisely-Annotations/case_5335/img/case5335_40.png,/data/shared/CataractData/semantic_segmentation/Annotations/Images-and-Supervisely-Annotations/case_5335/mask_anatomy_inst/case5335_40.png
1791,/data/shared/CataractData/semantic_segmentation/Annotations/Images-and-Supervisely-Annotations/case_5335/img/case5335_41.png,/data/shared/CataractData/semantic_segmentation/Annotations/Images-and-Supervisely-Annotations/case_5335/mask_anatomy_inst/case5335_41.png
1792,/data/shared/CataractData/semantic_segmentation/Annotations/Images-and-Supervisely-Annotations/case_5335/img/case5335_42.png,/data/shared/CataractData/semantic_segmentation/Annotations/Images-and-Supervisely-Annotations/case_5335/mask_anatomy_inst/case5335_42.png
1793,/data/shared/CataractData/semantic_segmentation/Annotations/Images-and-Supervisely-Annotations/case_5335/img/case5335_43.png,/data/shared/CataractData/semantic_segmentation/Annotations/Images-and-Supervisely-Annotations/case_5335/mask_anatomy_inst/case5335_43.png
1794,/data/shared/CataractData/semantic_segmentation/Annotations/Images-and-Supervisely-Annotations/case_5335/img/case5335_44.png,/data/shared/CataractData/semantic_segmentation/Annotations/Images-and-Supervisely-Annotations/case_5335/mask_anatomy_inst/case5335_44.png
1795,/data/shared/CataractData/semantic_segmentation/Annotations/Images-and-Supervisely-Annotations/case_5335/img/case5335_45.png,/data/shared/CataractData/semantic_segmentation/Annotations/Images-and-Supervisely-Annotations/case_5335/mask_anatomy_inst/case5335_45.png
1796,/data/shared/CataractData/semantic_segmentation/Annotations/Images-and-Supervisely-Annotations/case_5335/img/case5335_46.png,/data/shared/CataractData/semantic_segmentation/Annotations/Images-and-Supervisely-Annotations/case_5335/mask_anatomy_inst/case5335_46.png
1797,/data/shared/CataractData/semantic_segmentation/Annotations/Images-and-Supervisely-Annotations/case_5335/img/case5335_47.png,/data/shared/CataractData/semantic_segmentation/Annotations/Images-and-Supervisely-Annotations/case_5335/mask_anatomy_inst/case5335_47.png
1798,/data/shared/CataractData/semantic_segmentation/Annotations/Images-and-Supervisely-Annotations/case_5335/img/case5335_48.png,/data/shared/CataractData/semantic_segmentation/Annotations/Images-and-Supervisely-Annotations/case_5335/mask_anatomy_inst/case5335_48.png
1799,/data/shared/CataractData/semantic_segmentation/Annotations/Images-and-Supervisely-Annotations/case_5335/img/case5335_49.png,/data/shared/CataractData/semantic_segmentation/Annotations/Images-and-Supervisely-Annotations/case_5335/mask_anatomy_inst/case5335_49.png
1800,/data/shared/CataractData/semantic_segmentation/Annotations/Images-and-Supervisely-Annotations/case_5335/img/case5335_50.png,/data/shared/CataractData/semantic_segmentation/Annotations/Images-and-Supervisely-Annotations/case_5335/mask_anatomy_inst/case5335_50.png
1801,/data/shared/CataractData/semantic_segmentation/Annotations/Images-and-Supervisely-Annotations/case_5335/img/case5335_51.png,/data/shared/CataractData/semantic_segmentation/Annotations/Images-and-Supervisely-Annotations/case_5335/mask_anatomy_inst/case5335_51.png
1802,/data/shared/CataractData/semantic_segmentation/Annotations/Images-and-Supervisely-Annotations/case_5335/img/case5335_52.png,/data/shared/CataractData/semantic_segmentation/Annotations/Images-and-Supervisely-Annotations/case_5335/mask_anatomy_inst/case5335_52.png
1803,/data/shared/CataractData/semantic_segmentation/Annotations/Images-and-Supervisely-Annotations/case_5335/img/case5335_53.png,/data/shared/CataractData/semantic_segmentation/Annotations/Images-and-Supervisely-Annotations/case_5335/mask_anatomy_inst/case5335_53.png
1804,/data/shared/CataractData/semantic_segmentation/Annotations/Images-and-Supervisely-Annotations/case_5335/img/case5335_54.png,/data/shared/CataractData/semantic_segmentation/Annotations/Images-and-Supervisely-Annotations/case_5335/mask_anatomy_inst/case5335_54.png
1805,/data/shared/CataractData/semantic_segmentation/Annotations/Images-and-Supervisely-Annotations/case_5335/img/case5335_55.png,/data/shared/CataractData/semantic_segmentation/Annotations/Images-and-Supervisely-Annotations/case_5335/mask_anatomy_inst/case5335_55.png
1806,/data/shared/CataractData/semantic_segmentation/Annotations/Images-and-Supervisely-Annotations/case_5335/img/case5335_56.png,/data/shared/CataractData/semantic_segmentation/Annotations/Images-and-Supervisely-Annotations/case_5335/mask_anatomy_inst/case5335_56.png
1807,/data/shared/CataractData/semantic_segmentation/Annotations/Images-and-Supervisely-Annotations/case_5335/img/case5335_57.png,/data/shared/CataractData/semantic_segmentation/Annotations/Images-and-Supervisely-Annotations/case_5335/mask_anatomy_inst/case5335_57.png
1808,/data/shared/CataractData/semantic_segmentation/Annotations/Images-and-Supervisely-Annotations/case_5335/img/case5335_58.png,/data/shared/CataractData/semantic_segmentation/Annotations/Images-and-Supervisely-Annotations/case_5335/mask_anatomy_inst/case5335_58.png
1809,/data/shared/CataractData/semantic_segmentation/Annotations/Images-and-Supervisely-Annotations/case_5335/img/case5335_59.png,/data/shared/CataractData/semantic_segmentation/Annotations/Images-and-Supervisely-Annotations/case_5335/mask_anatomy_inst/case5335_59.png
1810,/data/shared/CataractData/semantic_segmentation/Annotations/Images-and-Supervisely-Annotations/case_5335/img/case5335_60.png,/data/shared/CataractData/semantic_segmentation/Annotations/Images-and-Supervisely-Annotations/case_5335/mask_anatomy_inst/case5335_60.png
1811,/data/shared/CataractData/semantic_segmentation/Annotations/Images-and-Supervisely-Annotations/case_5335/img/case5335_61.png,/data/shared/CataractData/semantic_segmentation/Annotations/Images-and-Supervisely-Annotations/case_5335/mask_anatomy_inst/case5335_61.png
1812,/data/shared/CataractData/semantic_segmentation/Annotations/Images-and-Supervisely-Annotations/case_5335/img/case5335_62.png,/data/shared/CataractData/semantic_segmentation/Annotations/Images-and-Supervisely-Annotations/case_5335/mask_anatomy_inst/case5335_62.png
1813,/data/shared/CataractData/semantic_segmentation/Annotations/Images-and-Supervisely-Annotations/case_5335/img/case5335_63.png,/data/shared/CataractData/semantic_segmentation/Annotations/Images-and-Supervisely-Annotations/case_5335/mask_anatomy_inst/case5335_63.png
1814,/data/shared/CataractData/semantic_segmentation/Annotations/Images-and-Supervisely-Annotations/case_5335/img/case5335_64.png,/data/shared/CataractData/semantic_segmentation/Annotations/Images-and-Supervisely-Annotations/case_5335/mask_anatomy_inst/case5335_64.png
1815,/data/shared/CataractData/semantic_segmentation/Annotations/Images-and-Supervisely-Annotations/case_5335/img/case5335_65.png,/data/shared/CataractData/semantic_segmentation/Annotations/Images-and-Supervisely-Annotations/case_5335/mask_anatomy_inst/case5335_65.png
1816,/data/shared/CataractData/semantic_segmentation/Annotations/Images-and-Supervisely-Annotations/case_5335/img/case5335_66.png,/data/shared/CataractData/semantic_segmentation/Annotations/Images-and-Supervisely-Annotations/case_5335/mask_anatomy_inst/case5335_66.png
1817,/data/shared/CataractData/semantic_segmentation/Annotations/Images-and-Supervisely-Annotations/case_5335/img/case5335_67.png,/data/shared/CataractData/semantic_segmentation/Annotations/Images-and-Supervisely-Annotations/case_5335/mask_anatomy_inst/case5335_67.png
1818,/data/shared/CataractData/semantic_segmentation/Annotations/Images-and-Supervisely-Annotations/case_5335/img/case5335_68.png,/data/shared/CataractData/semantic_segmentation/Annotations/Images-and-Supervisely-Annotations/case_5335/mask_anatomy_inst/case5335_68.png
1819,/data/shared/CataractData/semantic_segmentation/Annotations/Images-and-Supervisely-Annotations/case_5335/img/case5335_69.png,/data/shared/CataractData/semantic_segmentation/Annotations/Images-and-Supervisely-Annotations/case_5335/mask_anatomy_inst/case5335_69.png
1820,/data/shared/CataractData/semantic_segmentation/Annotations/Images-and-Supervisely-Annotations/case_5335/img/case5335_70.png,/data/shared/CataractData/semantic_segmentation/Annotations/Images-and-Supervisely-Annotations/case_5335/mask_anatomy_inst/case5335_70.png
1821,/data/shared/CataractData/semantic_segmentation/Annotations/Images-and-Supervisely-Annotations/case_5335/img/case5335_71.png,/data/shared/CataractData/semantic_segmentation/Annotations/Images-and-Supervisely-Annotations/case_5335/mask_anatomy_inst/case5335_71.png
1822,/data/shared/CataractData/semantic_segmentation/Annotations/Images-and-Supervisely-Annotations/case_5335/img/case5335_72.png,/data/shared/CataractData/semantic_segmentation/Annotations/Images-and-Supervisely-Annotations/case_5335/mask_anatomy_inst/case5335_72.png
1823,/data/shared/CataractData/semantic_segmentation/Annotations/Images-and-Supervisely-Annotations/case_5335/img/case5335_73.png,/data/shared/CataractData/semantic_segmentation/Annotations/Images-and-Supervisely-Annotations/case_5335/mask_anatomy_inst/case5335_73.png
1824,/data/shared/CataractData/semantic_segmentation/Annotations/Images-and-Supervisely-Annotations/case_5335/img/case5335_74.png,/data/shared/CataractData/semantic_segmentation/Annotations/Images-and-Supervisely-Annotations/case_5335/mask_anatomy_inst/case5335_74.png
