,imgs,masks
0,/data/halyusuf/data/CataractData/semantic_segmentation/Annotations/Images-and-Supervisely-Annotations/case_5016/img/case5016_01.png,/data/halyusuf/data/CataractData/semantic_segmentation/Annotations/Images-and-Supervisely-Annotations/case_5016/mask_anatomy_inst/case5016_01.png
1,/data/halyusuf/data/CataractData/semantic_segmentation/Annotations/Images-and-Supervisely-Annotations/case_5016/img/case5016_02.png,/data/halyusuf/data/CataractData/semantic_segmentation/Annotations/Images-and-Supervisely-Annotations/case_5016/mask_anatomy_inst/case5016_02.png
2,/data/halyusuf/data/CataractData/semantic_segmentation/Annotations/Images-and-Supervisely-Annotations/case_5016/img/case5016_03.png,/data/halyusuf/data/CataractData/semantic_segmentation/Annotations/Images-and-Supervisely-Annotations/case_5016/mask_anatomy_inst/case5016_03.png
3,/data/halyusuf/data/CataractData/semantic_segmentation/Annotations/Images-and-Supervisely-Annotations/case_5016/img/case5016_04.png,/data/halyusuf/data/CataractData/semantic_segmentation/Annotations/Images-and-Supervisely-Annotations/case_5016/mask_anatomy_inst/case5016_04.png
4,/data/halyusuf/data/CataractData/semantic_segmentation/Annotations/Images-and-Supervisely-Annotations/case_5016/img/case5016_05.png,/data/halyusuf/data/CataractData/semantic_segmentation/Annotations/Images-and-Supervisely-Annotations/case_5016/mask_anatomy_inst/case5016_05.png
5,/data/halyusuf/data/CataractData/semantic_segmentation/Annotations/Images-and-Supervisely-Annotations/case_5016/img/case5016_06.png,/data/halyusuf/data/CataractData/semantic_segmentation/Annotations/Images-and-Supervisely-Annotations/case_5016/mask_anatomy_inst/case5016_06.png
6,/data/halyusuf/data/CataractData/semantic_segmentation/Annotations/Images-and-Supervisely-Annotations/case_5016/img/case5016_07.png,/data/halyusuf/data/CataractData/semantic_segmentation/Annotations/Images-and-Supervisely-Annotations/case_5016/mask_anatomy_inst/case5016_07.png
7,/data/halyusuf/data/CataractData/semantic_segmentation/Annotations/Images-and-Supervisely-Annotations/case_5016/img/case5016_08.png,/data/halyusuf/data/CataractData/semantic_segmentation/Annotations/Images-and-Supervisely-Annotations/case_5016/mask_anatomy_inst/case5016_08.png
8,/data/halyusuf/data/CataractData/semantic_segmentation/Annotations/Images-and-Supervisely-Annotations/case_5016/img/case5016_09.png,/data/halyusuf/data/CataractData/semantic_segmentation/Annotations/Images-and-Supervisely-Annotations/case_5016/mask_anatomy_inst/case5016_09.png
9,/data/halyusuf/data/CataractData/semantic_segmentation/Annotations/Images-and-Supervisely-Annotations/case_5016/img/case5016_10.png,/data/halyusuf/data/CataractData/semantic_segmentation/Annotations/Images-and-Supervisely-Annotations/case_5016/mask_anatomy_inst/case5016_10.png
10,/data/halyusuf/data/CataractData/semantic_segmentation/Annotations/Images-and-Supervisely-Annotations/case_5016/img/case5016_11.png,/data/halyusuf/data/CataractData/semantic_segmentation/Annotations/Images-and-Supervisely-Annotations/case_5016/mask_anatomy_inst/case5016_11.png
11,/data/halyusuf/data/CataractData/semantic_segmentation/Annotations/Images-and-Supervisely-Annotations/case_5016/img/case5016_12.png,/data/halyusuf/data/CataractData/semantic_segmentation/Annotations/Images-and-Supervisely-Annotations/case_5016/mask_anatomy_inst/case5016_12.png
12,/data/halyusuf/data/CataractData/semantic_segmentation/Annotations/Images-and-Supervisely-Annotations/case_5016/img/case5016_13.png,/data/halyusuf/data/CataractData/semantic_segmentation/Annotations/Images-and-Supervisely-Annotations/case_5016/mask_anatomy_inst/case5016_13.png
13,/data/halyusuf/data/CataractData/semantic_segmentation/Annotations/Images-and-Supervisely-Annotations/case_5016/img/case5016_14.png,/data/halyusuf/data/CataractData/semantic_segmentation/Annotations/Images-and-Supervisely-Annotations/case_5016/mask_anatomy_inst/case5016_14.png
14,/data/halyusuf/data/CataractData/semantic_segmentation/Annotations/Images-and-Supervisely-Annotations/case_5016/img/case5016_15.png,/data/halyusuf/data/CataractData/semantic_segmentation/Annotations/Images-and-Supervisely-Annotations/case_5016/mask_anatomy_inst/case5016_15.png
15,/data/halyusuf/data/CataractData/semantic_segmentation/Annotations/Images-and-Supervisely-Annotations/case_5016/img/case5016_16.png,/data/halyusuf/data/CataractData/semantic_segmentation/Annotations/Images-and-Supervisely-Annotations/case_5016/mask_anatomy_inst/case5016_16.png
16,/data/halyusuf/data/CataractData/semantic_segmentation/Annotations/Images-and-Supervisely-Annotations/case_5016/img/case5016_17.png,/data/halyusuf/data/CataractData/semantic_segmentation/Annotations/Images-and-Supervisely-Annotations/case_5016/mask_anatomy_inst/case5016_17.png
17,/data/halyusuf/data/CataractData/semantic_segmentation/Annotations/Images-and-Supervisely-Annotations/case_5016/img/case5016_18.png,/data/halyusuf/data/CataractData/semantic_segmentation/Annotations/Images-and-Supervisely-Annotations/case_5016/mask_anatomy_inst/case5016_18.png
18,/data/halyusuf/data/CataractData/semantic_segmentation/Annotations/Images-and-Supervisely-Annotations/case_5016/img/case5016_19.png,/data/halyusuf/data/CataractData/semantic_segmentation/Annotations/Images-and-Supervisely-Annotations/case_5016/mask_anatomy_inst/case5016_19.png
19,/data/halyusuf/data/CataractData/semantic_segmentation/Annotations/Images-and-Supervisely-Annotations/case_5016/img/case5016_20.png,/data/halyusuf/data/CataractData/semantic_segmentation/Annotations/Images-and-Supervisely-Annotations/case_5016/mask_anatomy_inst/case5016_20.png
20,/data/halyusuf/data/CataractData/semantic_segmentation/Annotations/Images-and-Supervisely-Annotations/case_5016/img/case5016_21.png,/data/halyusuf/data/CataractData/semantic_segmentation/Annotations/Images-and-Supervisely-Annotations/case_5016/mask_anatomy_inst/case5016_21.png
21,/data/halyusuf/data/CataractData/semantic_segmentation/Annotations/Images-and-Supervisely-Annotations/case_5016/img/case5016_22.png,/data/halyusuf/data/CataractData/semantic_segmentation/Annotations/Images-and-Supervisely-Annotations/case_5016/mask_anatomy_inst/case5016_22.png
22,/data/halyusuf/data/CataractData/semantic_segmentation/Annotations/Images-and-Supervisely-Annotations/case_5016/img/case5016_23.png,/data/halyusuf/data/CataractData/semantic_segmentation/Annotations/Images-and-Supervisely-Annotations/case_5016/mask_anatomy_inst/case5016_23.png
23,/data/halyusuf/data/CataractData/semantic_segmentation/Annotations/Images-and-Supervisely-Annotations/case_5016/img/case5016_24.png,/data/halyusuf/data/CataractData/semantic_segmentation/Annotations/Images-and-Supervisely-Annotations/case_5016/mask_anatomy_inst/case5016_24.png
24,/data/halyusuf/data/CataractData/semantic_segmentation/Annotations/Images-and-Supervisely-Annotations/case_5016/img/case5016_25.png,/data/halyusuf/data/CataractData/semantic_segmentation/Annotations/Images-and-Supervisely-Annotations/case_5016/mask_anatomy_inst/case5016_25.png
25,/data/halyusuf/data/CataractData/semantic_segmentation/Annotations/Images-and-Supervisely-Annotations/case_5016/img/case5016_26.png,/data/halyusuf/data/CataractData/semantic_segmentation/Annotations/Images-and-Supervisely-Annotations/case_5016/mask_anatomy_inst/case5016_26.png
26,/data/halyusuf/data/CataractData/semantic_segmentation/Annotations/Images-and-Supervisely-Annotations/case_5016/img/case5016_27.png,/data/halyusuf/data/CataractData/semantic_segmentation/Annotations/Images-and-Supervisely-Annotations/case_5016/mask_anatomy_inst/case5016_27.png
27,/data/halyusuf/data/CataractData/semantic_segmentation/Annotations/Images-and-Supervisely-Annotations/case_5016/img/case5016_28.png,/data/halyusuf/data/CataractData/semantic_segmentation/Annotations/Images-and-Supervisely-Annotations/case_5016/mask_anatomy_inst/case5016_28.png
28,/data/halyusuf/data/CataractData/semantic_segmentation/Annotations/Images-and-Supervisely-Annotations/case_5016/img/case5016_29.png,/data/halyusuf/data/CataractData/semantic_segmentation/Annotations/Images-and-Supervisely-Annotations/case_5016/mask_anatomy_inst/case5016_29.png
29,/data/halyusuf/data/CataractData/semantic_segmentation/Annotations/Images-and-Supervisely-Annotations/case_5016/img/case5016_30.png,/data/halyusuf/data/CataractData/semantic_segmentation/Annotations/Images-and-Supervisely-Annotations/case_5016/mask_anatomy_inst/case5016_30.png
30,/data/halyusuf/data/CataractData/semantic_segmentation/Annotations/Images-and-Supervisely-Annotations/case_5016/img/case5016_31.png,/data/halyusuf/data/CataractData/semantic_segmentation/Annotations/Images-and-Supervisely-Annotations/case_5016/mask_anatomy_inst/case5016_31.png
31,/data/halyusuf/data/CataractData/semantic_segmentation/Annotations/Images-and-Supervisely-Annotations/case_5016/img/case5016_32.png,/data/halyusuf/data/CataractData/semantic_segmentation/Annotations/Images-and-Supervisely-Annotations/case_5016/mask_anatomy_inst/case5016_32.png
32,/data/halyusuf/data/CataractData/semantic_segmentation/Annotations/Images-and-Supervisely-Annotations/case_5016/img/case5016_33.png,/data/halyusuf/data/CataractData/semantic_segmentation/Annotations/Images-and-Supervisely-Annotations/case_5016/mask_anatomy_inst/case5016_33.png
33,/data/halyusuf/data/CataractData/semantic_segmentation/Annotations/Images-and-Supervisely-Annotations/case_5016/img/case5016_34.png,/data/halyusuf/data/CataractData/semantic_segmentation/Annotations/Images-and-Supervisely-Annotations/case_5016/mask_anatomy_inst/case5016_34.png
34,/data/halyusuf/data/CataractData/semantic_segmentation/Annotations/Images-and-Supervisely-Annotations/case_5016/img/case5016_35.png,/data/halyusuf/data/CataractData/semantic_segmentation/Annotations/Images-and-Supervisely-Annotations/case_5016/mask_anatomy_inst/case5016_35.png
35,/data/halyusuf/data/CataractData/semantic_segmentation/Annotations/Images-and-Supervisely-Annotations/case_5016/img/case5016_36.png,/data/halyusuf/data/CataractData/semantic_segmentation/Annotations/Images-and-Supervisely-Annotations/case_5016/mask_anatomy_inst/case5016_36.png
36,/data/halyusuf/data/CataractData/semantic_segmentation/Annotations/Images-and-Supervisely-Annotations/case_5016/img/case5016_37.png,/data/halyusuf/data/CataractData/semantic_segmentation/Annotations/Images-and-Supervisely-Annotations/case_5016/mask_anatomy_inst/case5016_37.png
37,/data/halyusuf/data/CataractData/semantic_segmentation/Annotations/Images-and-Supervisely-Annotations/case_5016/img/case5016_38.png,/data/halyusuf/data/CataractData/semantic_segmentation/Annotations/Images-and-Supervisely-Annotations/case_5016/mask_anatomy_inst/case5016_38.png
38,/data/halyusuf/data/CataractData/semantic_segmentation/Annotations/Images-and-Supervisely-Annotations/case_5016/img/case5016_39.png,/data/halyusuf/data/CataractData/semantic_segmentation/Annotations/Images-and-Supervisely-Annotations/case_5016/mask_anatomy_inst/case5016_39.png
39,/data/halyusuf/data/CataractData/semantic_segmentation/Annotations/Images-and-Supervisely-Annotations/case_5016/img/case5016_40.png,/data/halyusuf/data/CataractData/semantic_segmentation/Annotations/Images-and-Supervisely-Annotations/case_5016/mask_anatomy_inst/case5016_40.png
40,/data/halyusuf/data/CataractData/semantic_segmentation/Annotations/Images-and-Supervisely-Annotations/case_5016/img/case5016_41.png,/data/halyusuf/data/CataractData/semantic_segmentation/Annotations/Images-and-Supervisely-Annotations/case_5016/mask_anatomy_inst/case5016_41.png
41,/data/halyusuf/data/CataractData/semantic_segmentation/Annotations/Images-and-Supervisely-Annotations/case_5016/img/case5016_42.png,/data/halyusuf/data/CataractData/semantic_segmentation/Annotations/Images-and-Supervisely-Annotations/case_5016/mask_anatomy_inst/case5016_42.png
42,/data/halyusuf/data/CataractData/semantic_segmentation/Annotations/Images-and-Supervisely-Annotations/case_5016/img/case5016_43.png,/data/halyusuf/data/CataractData/semantic_segmentation/Annotations/Images-and-Supervisely-Annotations/case_5016/mask_anatomy_inst/case5016_43.png
43,/data/halyusuf/data/CataractData/semantic_segmentation/Annotations/Images-and-Supervisely-Annotations/case_5016/img/case5016_44.png,/data/halyusuf/data/CataractData/semantic_segmentation/Annotations/Images-and-Supervisely-Annotations/case_5016/mask_anatomy_inst/case5016_44.png
44,/data/halyusuf/data/CataractData/semantic_segmentation/Annotations/Images-and-Supervisely-Annotations/case_5016/img/case5016_45.png,/data/halyusuf/data/CataractData/semantic_segmentation/Annotations/Images-and-Supervisely-Annotations/case_5016/mask_anatomy_inst/case5016_45.png
45,/data/halyusuf/data/CataractData/semantic_segmentation/Annotations/Images-and-Supervisely-Annotations/case_5016/img/case5016_46.png,/data/halyusuf/data/CataractData/semantic_segmentation/Annotations/Images-and-Supervisely-Annotations/case_5016/mask_anatomy_inst/case5016_46.png
46,/data/halyusuf/data/CataractData/semantic_segmentation/Annotations/Images-and-Supervisely-Annotations/case_5016/img/case5016_47.png,/data/halyusuf/data/CataractData/semantic_segmentation/Annotations/Images-and-Supervisely-Annotations/case_5016/mask_anatomy_inst/case5016_47.png
47,/data/halyusuf/data/CataractData/semantic_segmentation/Annotations/Images-and-Supervisely-Annotations/case_5016/img/case5016_48.png,/data/halyusuf/data/CataractData/semantic_segmentation/Annotations/Images-and-Supervisely-Annotations/case_5016/mask_anatomy_inst/case5016_48.png
48,/data/halyusuf/data/CataractData/semantic_segmentation/Annotations/Images-and-Supervisely-Annotations/case_5016/img/case5016_49.png,/data/halyusuf/data/CataractData/semantic_segmentation/Annotations/Images-and-Supervisely-Annotations/case_5016/mask_anatomy_inst/case5016_49.png
49,/data/halyusuf/data/CataractData/semantic_segmentation/Annotations/Images-and-Supervisely-Annotations/case_5016/img/case5016_50.png,/data/halyusuf/data/CataractData/semantic_segmentation/Annotations/Images-and-Supervisely-Annotations/case_5016/mask_anatomy_inst/case5016_50.png
50,/data/halyusuf/data/CataractData/semantic_segmentation/Annotations/Images-and-Supervisely-Annotations/case_5016/img/case5016_51.png,/data/halyusuf/data/CataractData/semantic_segmentation/Annotations/Images-and-Supervisely-Annotations/case_5016/mask_anatomy_inst/case5016_51.png
51,/data/halyusuf/data/CataractData/semantic_segmentation/Annotations/Images-and-Supervisely-Annotations/case_5016/img/case5016_52.png,/data/halyusuf/data/CataractData/semantic_segmentation/Annotations/Images-and-Supervisely-Annotations/case_5016/mask_anatomy_inst/case5016_52.png
52,/data/halyusuf/data/CataractData/semantic_segmentation/Annotations/Images-and-Supervisely-Annotations/case_5016/img/case5016_53.png,/data/halyusuf/data/CataractData/semantic_segmentation/Annotations/Images-and-Supervisely-Annotations/case_5016/mask_anatomy_inst/case5016_53.png
53,/data/halyusuf/data/CataractData/semantic_segmentation/Annotations/Images-and-Supervisely-Annotations/case_5016/img/case5016_54.png,/data/halyusuf/data/CataractData/semantic_segmentation/Annotations/Images-and-Supervisely-Annotations/case_5016/mask_anatomy_inst/case5016_54.png
54,/data/halyusuf/data/CataractData/semantic_segmentation/Annotations/Images-and-Supervisely-Annotations/case_5016/img/case5016_55.png,/data/halyusuf/data/CataractData/semantic_segmentation/Annotations/Images-and-Supervisely-Annotations/case_5016/mask_anatomy_inst/case5016_55.png
55,/data/halyusuf/data/CataractData/semantic_segmentation/Annotations/Images-and-Supervisely-Annotations/case_5016/img/case5016_56.png,/data/halyusuf/data/CataractData/semantic_segmentation/Annotations/Images-and-Supervisely-Annotations/case_5016/mask_anatomy_inst/case5016_56.png
56,/data/halyusuf/data/CataractData/semantic_segmentation/Annotations/Images-and-Supervisely-Annotations/case_5016/img/case5016_57.png,/data/halyusuf/data/CataractData/semantic_segmentation/Annotations/Images-and-Supervisely-Annotations/case_5016/mask_anatomy_inst/case5016_57.png
57,/data/halyusuf/data/CataractData/semantic_segmentation/Annotations/Images-and-Supervisely-Annotations/case_5016/img/case5016_58.png,/data/halyusuf/data/CataractData/semantic_segmentation/Annotations/Images-and-Supervisely-Annotations/case_5016/mask_anatomy_inst/case5016_58.png
58,/data/halyusuf/data/CataractData/semantic_segmentation/Annotations/Images-and-Supervisely-Annotations/case_5016/img/case5016_59.png,/data/halyusuf/data/CataractData/semantic_segmentation/Annotations/Images-and-Supervisely-Annotations/case_5016/mask_anatomy_inst/case5016_59.png
59,/data/halyusuf/data/CataractData/semantic_segmentation/Annotations/Images-and-Supervisely-Annotations/case_5016/img/case5016_60.png,/data/halyusuf/data/CataractData/semantic_segmentation/Annotations/Images-and-Supervisely-Annotations/case_5016/mask_anatomy_inst/case5016_60.png
60,/data/halyusuf/data/CataractData/semantic_segmentation/Annotations/Images-and-Supervisely-Annotations/case_5016/img/case5016_61.png,/data/halyusuf/data/CataractData/semantic_segmentation/Annotations/Images-and-Supervisely-Annotations/case_5016/mask_anatomy_inst/case5016_61.png
61,/data/halyusuf/data/CataractData/semantic_segmentation/Annotations/Images-and-Supervisely-Annotations/case_5016/img/case5016_62.png,/data/halyusuf/data/CataractData/semantic_segmentation/Annotations/Images-and-Supervisely-Annotations/case_5016/mask_anatomy_inst/case5016_62.png
62,/data/halyusuf/data/CataractData/semantic_segmentation/Annotations/Images-and-Supervisely-Annotations/case_5016/img/case5016_63.png,/data/halyusuf/data/CataractData/semantic_segmentation/Annotations/Images-and-Supervisely-Annotations/case_5016/mask_anatomy_inst/case5016_63.png
63,/data/halyusuf/data/CataractData/semantic_segmentation/Annotations/Images-and-Supervisely-Annotations/case_5016/img/case5016_64.png,/data/halyusuf/data/CataractData/semantic_segmentation/Annotations/Images-and-Supervisely-Annotations/case_5016/mask_anatomy_inst/case5016_64.png
64,/data/halyusuf/data/CataractData/semantic_segmentation/Annotations/Images-and-Supervisely-Annotations/case_5016/img/case5016_65.png,/data/halyusuf/data/CataractData/semantic_segmentation/Annotations/Images-and-Supervisely-Annotations/case_5016/mask_anatomy_inst/case5016_65.png
65,/data/halyusuf/data/CataractData/semantic_segmentation/Annotations/Images-and-Supervisely-Annotations/case_5016/img/case5016_66.png,/data/halyusuf/data/CataractData/semantic_segmentation/Annotations/Images-and-Supervisely-Annotations/case_5016/mask_anatomy_inst/case5016_66.png
66,/data/halyusuf/data/CataractData/semantic_segmentation/Annotations/Images-and-Supervisely-Annotations/case_5016/img/case5016_67.png,/data/halyusuf/data/CataractData/semantic_segmentation/Annotations/Images-and-Supervisely-Annotations/case_5016/mask_anatomy_inst/case5016_67.png
67,/data/halyusuf/data/CataractData/semantic_segmentation/Annotations/Images-and-Supervisely-Annotations/case_5016/img/case5016_68.png,/data/halyusuf/data/CataractData/semantic_segmentation/Annotations/Images-and-Supervisely-Annotations/case_5016/mask_anatomy_inst/case5016_68.png
68,/data/halyusuf/data/CataractData/semantic_segmentation/Annotations/Images-and-Supervisely-Annotations/case_5016/img/case5016_69.png,/data/halyusuf/data/CataractData/semantic_segmentation/Annotations/Images-and-Supervisely-Annotations/case_5016/mask_anatomy_inst/case5016_69.png
69,/data/halyusuf/data/CataractData/semantic_segmentation/Annotations/Images-and-Supervisely-Annotations/case_5016/img/case5016_70.png,/data/halyusuf/data/CataractData/semantic_segmentation/Annotations/Images-and-Supervisely-Annotations/case_5016/mask_anatomy_inst/case5016_70.png
70,/data/halyusuf/data/CataractData/semantic_segmentation/Annotations/Images-and-Supervisely-Annotations/case_5016/img/case5016_71.png,/data/halyusuf/data/CataractData/semantic_segmentation/Annotations/Images-and-Supervisely-Annotations/case_5016/mask_anatomy_inst/case5016_71.png
71,/data/halyusuf/data/CataractData/semantic_segmentation/Annotations/Images-and-Supervisely-Annotations/case_5016/img/case5016_72.png,/data/halyusuf/data/CataractData/semantic_segmentation/Annotations/Images-and-Supervisely-Annotations/case_5016/mask_anatomy_inst/case5016_72.png
72,/data/halyusuf/data/CataractData/semantic_segmentation/Annotations/Images-and-Supervisely-Annotations/case_5016/img/case5016_73.png,/data/halyusuf/data/CataractData/semantic_segmentation/Annotations/Images-and-Supervisely-Annotations/case_5016/mask_anatomy_inst/case5016_73.png
73,/data/halyusuf/data/CataractData/semantic_segmentation/Annotations/Images-and-Supervisely-Annotations/case_5016/img/case5016_74.png,/data/halyusuf/data/CataractData/semantic_segmentation/Annotations/Images-and-Supervisely-Annotations/case_5016/mask_anatomy_inst/case5016_74.png
74,/data/halyusuf/data/CataractData/semantic_segmentation/Annotations/Images-and-Supervisely-Annotations/case_5016/img/case5016_75.png,/data/halyusuf/data/CataractData/semantic_segmentation/Annotations/Images-and-Supervisely-Annotations/case_5016/mask_anatomy_inst/case5016_75.png
75,/data/halyusuf/data/CataractData/semantic_segmentation/Annotations/Images-and-Supervisely-Annotations/case_5032/img/case5032_01.png,/data/halyusuf/data/CataractData/semantic_segmentation/Annotations/Images-and-Supervisely-Annotations/case_5032/mask_anatomy_inst/case5032_01.png
76,/data/halyusuf/data/CataractData/semantic_segmentation/Annotations/Images-and-Supervisely-Annotations/case_5032/img/case5032_02.png,/data/halyusuf/data/CataractData/semantic_segmentation/Annotations/Images-and-Supervisely-Annotations/case_5032/mask_anatomy_inst/case5032_02.png
77,/data/halyusuf/data/CataractData/semantic_segmentation/Annotations/Images-and-Supervisely-Annotations/case_5032/img/case5032_03.png,/data/halyusuf/data/CataractData/semantic_segmentation/Annotations/Images-and-Supervisely-Annotations/case_5032/mask_anatomy_inst/case5032_03.png
78,/data/halyusuf/data/CataractData/semantic_segmentation/Annotations/Images-and-Supervisely-Annotations/case_5032/img/case5032_04.png,/data/halyusuf/data/CataractData/semantic_segmentation/Annotations/Images-and-Supervisely-Annotations/case_5032/mask_anatomy_inst/case5032_04.png
79,/data/halyusuf/data/CataractData/semantic_segmentation/Annotations/Images-and-Supervisely-Annotations/case_5032/img/case5032_05.png,/data/halyusuf/data/CataractData/semantic_segmentation/Annotations/Images-and-Supervisely-Annotations/case_5032/mask_anatomy_inst/case5032_05.png
80,/data/halyusuf/data/CataractData/semantic_segmentation/Annotations/Images-and-Supervisely-Annotations/case_5032/img/case5032_06.png,/data/halyusuf/data/CataractData/semantic_segmentation/Annotations/Images-and-Supervisely-Annotations/case_5032/mask_anatomy_inst/case5032_06.png
81,/data/halyusuf/data/CataractData/semantic_segmentation/Annotations/Images-and-Supervisely-Annotations/case_5032/img/case5032_07.png,/data/halyusuf/data/CataractData/semantic_segmentation/Annotations/Images-and-Supervisely-Annotations/case_5032/mask_anatomy_inst/case5032_07.png
82,/data/halyusuf/data/CataractData/semantic_segmentation/Annotations/Images-and-Supervisely-Annotations/case_5032/img/case5032_08.png,/data/halyusuf/data/CataractData/semantic_segmentation/Annotations/Images-and-Supervisely-Annotations/case_5032/mask_anatomy_inst/case5032_08.png
83,/data/halyusuf/data/CataractData/semantic_segmentation/Annotations/Images-and-Supervisely-Annotations/case_5032/img/case5032_09.png,/data/halyusuf/data/CataractData/semantic_segmentation/Annotations/Images-and-Supervisely-Annotations/case_5032/mask_anatomy_inst/case5032_09.png
84,/data/halyusuf/data/CataractData/semantic_segmentation/Annotations/Images-and-Supervisely-Annotations/case_5032/img/case5032_10.png,/data/halyusuf/data/CataractData/semantic_segmentation/Annotations/Images-and-Supervisely-Annotations/case_5032/mask_anatomy_inst/case5032_10.png
85,/data/halyusuf/data/CataractData/semantic_segmentation/Annotations/Images-and-Supervisely-Annotations/case_5032/img/case5032_11.png,/data/halyusuf/data/CataractData/semantic_segmentation/Annotations/Images-and-Supervisely-Annotations/case_5032/mask_anatomy_inst/case5032_11.png
86,/data/halyusuf/data/CataractData/semantic_segmentation/Annotations/Images-and-Supervisely-Annotations/case_5032/img/case5032_12.png,/data/halyusuf/data/CataractData/semantic_segmentation/Annotations/Images-and-Supervisely-Annotations/case_5032/mask_anatomy_inst/case5032_12.png
87,/data/halyusuf/data/CataractData/semantic_segmentation/Annotations/Images-and-Supervisely-Annotations/case_5032/img/case5032_13.png,/data/halyusuf/data/CataractData/semantic_segmentation/Annotations/Images-and-Supervisely-Annotations/case_5032/mask_anatomy_inst/case5032_13.png
88,/data/halyusuf/data/CataractData/semantic_segmentation/Annotations/Images-and-Supervisely-Annotations/case_5032/img/case5032_14.png,/data/halyusuf/data/CataractData/semantic_segmentation/Annotations/Images-and-Supervisely-Annotations/case_5032/mask_anatomy_inst/case5032_14.png
89,/data/halyusuf/data/CataractData/semantic_segmentation/Annotations/Images-and-Supervisely-Annotations/case_5032/img/case5032_15.png,/data/halyusuf/data/CataractData/semantic_segmentation/Annotations/Images-and-Supervisely-Annotations/case_5032/mask_anatomy_inst/case5032_15.png
90,/data/halyusuf/data/CataractData/semantic_segmentation/Annotations/Images-and-Supervisely-Annotations/case_5032/img/case5032_16.png,/data/halyusuf/data/CataractData/semantic_segmentation/Annotations/Images-and-Supervisely-Annotations/case_5032/mask_anatomy_inst/case5032_16.png
91,/data/halyusuf/data/CataractData/semantic_segmentation/Annotations/Images-and-Supervisely-Annotations/case_5032/img/case5032_17.png,/data/halyusuf/data/CataractData/semantic_segmentation/Annotations/Images-and-Supervisely-Annotations/case_5032/mask_anatomy_inst/case5032_17.png
92,/data/halyusuf/data/CataractData/semantic_segmentation/Annotations/Images-and-Supervisely-Annotations/case_5032/img/case5032_18.png,/data/halyusuf/data/CataractData/semantic_segmentation/Annotations/Images-and-Supervisely-Annotations/case_5032/mask_anatomy_inst/case5032_18.png
93,/data/halyusuf/data/CataractData/semantic_segmentation/Annotations/Images-and-Supervisely-Annotations/case_5032/img/case5032_19.png,/data/halyusuf/data/CataractData/semantic_segmentation/Annotations/Images-and-Supervisely-Annotations/case_5032/mask_anatomy_inst/case5032_19.png
94,/data/halyusuf/data/CataractData/semantic_segmentation/Annotations/Images-and-Supervisely-Annotations/case_5032/img/case5032_20.png,/data/halyusuf/data/CataractData/semantic_segmentation/Annotations/Images-and-Supervisely-Annotations/case_5032/mask_anatomy_inst/case5032_20.png
95,/data/halyusuf/data/CataractData/semantic_segmentation/Annotations/Images-and-Supervisely-Annotations/case_5032/img/case5032_21.png,/data/halyusuf/data/CataractData/semantic_segmentation/Annotations/Images-and-Supervisely-Annotations/case_5032/mask_anatomy_inst/case5032_21.png
96,/data/halyusuf/data/CataractData/semantic_segmentation/Annotations/Images-and-Supervisely-Annotations/case_5032/img/case5032_22.png,/data/halyusuf/data/CataractData/semantic_segmentation/Annotations/Images-and-Supervisely-Annotations/case_5032/mask_anatomy_inst/case5032_22.png
97,/data/halyusuf/data/CataractData/semantic_segmentation/Annotations/Images-and-Supervisely-Annotations/case_5032/img/case5032_23.png,/data/halyusuf/data/CataractData/semantic_segmentation/Annotations/Images-and-Supervisely-Annotations/case_5032/mask_anatomy_inst/case5032_23.png
98,/data/halyusuf/data/CataractData/semantic_segmentation/Annotations/Images-and-Supervisely-Annotations/case_5032/img/case5032_24.png,/data/halyusuf/data/CataractData/semantic_segmentation/Annotations/Images-and-Supervisely-Annotations/case_5032/mask_anatomy_inst/case5032_24.png
99,/data/halyusuf/data/CataractData/semantic_segmentation/Annotations/Images-and-Supervisely-Annotations/case_5032/img/case5032_25.png,/data/halyusuf/data/CataractData/semantic_segmentation/Annotations/Images-and-Supervisely-Annotations/case_5032/mask_anatomy_inst/case5032_25.png
100,/data/halyusuf/data/CataractData/semantic_segmentation/Annotations/Images-and-Supervisely-Annotations/case_5032/img/case5032_26.png,/data/halyusuf/data/CataractData/semantic_segmentation/Annotations/Images-and-Supervisely-Annotations/case_5032/mask_anatomy_inst/case5032_26.png
101,/data/halyusuf/data/CataractData/semantic_segmentation/Annotations/Images-and-Supervisely-Annotations/case_5032/img/case5032_27.png,/data/halyusuf/data/CataractData/semantic_segmentation/Annotations/Images-and-Supervisely-Annotations/case_5032/mask_anatomy_inst/case5032_27.png
102,/data/halyusuf/data/CataractData/semantic_segmentation/Annotations/Images-and-Supervisely-Annotations/case_5032/img/case5032_28.png,/data/halyusuf/data/CataractData/semantic_segmentation/Annotations/Images-and-Supervisely-Annotations/case_5032/mask_anatomy_inst/case5032_28.png
103,/data/halyusuf/data/CataractData/semantic_segmentation/Annotations/Images-and-Supervisely-Annotations/case_5032/img/case5032_29.png,/data/halyusuf/data/CataractData/semantic_segmentation/Annotations/Images-and-Supervisely-Annotations/case_5032/mask_anatomy_inst/case5032_29.png
104,/data/halyusuf/data/CataractData/semantic_segmentation/Annotations/Images-and-Supervisely-Annotations/case_5032/img/case5032_30.png,/data/halyusuf/data/CataractData/semantic_segmentation/Annotations/Images-and-Supervisely-Annotations/case_5032/mask_anatomy_inst/case5032_30.png
105,/data/halyusuf/data/CataractData/semantic_segmentation/Annotations/Images-and-Supervisely-Annotations/case_5032/img/case5032_31.png,/data/halyusuf/data/CataractData/semantic_segmentation/Annotations/Images-and-Supervisely-Annotations/case_5032/mask_anatomy_inst/case5032_31.png
106,/data/halyusuf/data/CataractData/semantic_segmentation/Annotations/Images-and-Supervisely-Annotations/case_5032/img/case5032_32.png,/data/halyusuf/data/CataractData/semantic_segmentation/Annotations/Images-and-Supervisely-Annotations/case_5032/mask_anatomy_inst/case5032_32.png
107,/data/halyusuf/data/CataractData/semantic_segmentation/Annotations/Images-and-Supervisely-Annotations/case_5032/img/case5032_33.png,/data/halyusuf/data/CataractData/semantic_segmentation/Annotations/Images-and-Supervisely-Annotations/case_5032/mask_anatomy_inst/case5032_33.png
108,/data/halyusuf/data/CataractData/semantic_segmentation/Annotations/Images-and-Supervisely-Annotations/case_5032/img/case5032_34.png,/data/halyusuf/data/CataractData/semantic_segmentation/Annotations/Images-and-Supervisely-Annotations/case_5032/mask_anatomy_inst/case5032_34.png
109,/data/halyusuf/data/CataractData/semantic_segmentation/Annotations/Images-and-Supervisely-Annotations/case_5032/img/case5032_35.png,/data/halyusuf/data/CataractData/semantic_segmentation/Annotations/Images-and-Supervisely-Annotations/case_5032/mask_anatomy_inst/case5032_35.png
110,/data/halyusuf/data/CataractData/semantic_segmentation/Annotations/Images-and-Supervisely-Annotations/case_5032/img/case5032_36.png,/data/halyusuf/data/CataractData/semantic_segmentation/Annotations/Images-and-Supervisely-Annotations/case_5032/mask_anatomy_inst/case5032_36.png
111,/data/halyusuf/data/CataractData/semantic_segmentation/Annotations/Images-and-Supervisely-Annotations/case_5032/img/case5032_37.png,/data/halyusuf/data/CataractData/semantic_segmentation/Annotations/Images-and-Supervisely-Annotations/case_5032/mask_anatomy_inst/case5032_37.png
112,/data/halyusuf/data/CataractData/semantic_segmentation/Annotations/Images-and-Supervisely-Annotations/case_5032/img/case5032_38.png,/data/halyusuf/data/CataractData/semantic_segmentation/Annotations/Images-and-Supervisely-Annotations/case_5032/mask_anatomy_inst/case5032_38.png
113,/data/halyusuf/data/CataractData/semantic_segmentation/Annotations/Images-and-Supervisely-Annotations/case_5032/img/case5032_39.png,/data/halyusuf/data/CataractData/semantic_segmentation/Annotations/Images-and-Supervisely-Annotations/case_5032/mask_anatomy_inst/case5032_39.png
114,/data/halyusuf/data/CataractData/semantic_segmentation/Annotations/Images-and-Supervisely-Annotations/case_5032/img/case5032_40.png,/data/halyusuf/data/CataractData/semantic_segmentation/Annotations/Images-and-Supervisely-Annotations/case_5032/mask_anatomy_inst/case5032_40.png
115,/data/halyusuf/data/CataractData/semantic_segmentation/Annotations/Images-and-Supervisely-Annotations/case_5032/img/case5032_41.png,/data/halyusuf/data/CataractData/semantic_segmentation/Annotations/Images-and-Supervisely-Annotations/case_5032/mask_anatomy_inst/case5032_41.png
116,/data/halyusuf/data/CataractData/semantic_segmentation/Annotations/Images-and-Supervisely-Annotations/case_5032/img/case5032_42.png,/data/halyusuf/data/CataractData/semantic_segmentation/Annotations/Images-and-Supervisely-Annotations/case_5032/mask_anatomy_inst/case5032_42.png
117,/data/halyusuf/data/CataractData/semantic_segmentation/Annotations/Images-and-Supervisely-Annotations/case_5032/img/case5032_43.png,/data/halyusuf/data/CataractData/semantic_segmentation/Annotations/Images-and-Supervisely-Annotations/case_5032/mask_anatomy_inst/case5032_43.png
118,/data/halyusuf/data/CataractData/semantic_segmentation/Annotations/Images-and-Supervisely-Annotations/case_5032/img/case5032_44.png,/data/halyusuf/data/CataractData/semantic_segmentation/Annotations/Images-and-Supervisely-Annotations/case_5032/mask_anatomy_inst/case5032_44.png
119,/data/halyusuf/data/CataractData/semantic_segmentation/Annotations/Images-and-Supervisely-Annotations/case_5032/img/case5032_45.png,/data/halyusuf/data/CataractData/semantic_segmentation/Annotations/Images-and-Supervisely-Annotations/case_5032/mask_anatomy_inst/case5032_45.png
120,/data/halyusuf/data/CataractData/semantic_segmentation/Annotations/Images-and-Supervisely-Annotations/case_5032/img/case5032_46.png,/data/halyusuf/data/CataractData/semantic_segmentation/Annotations/Images-and-Supervisely-Annotations/case_5032/mask_anatomy_inst/case5032_46.png
121,/data/halyusuf/data/CataractData/semantic_segmentation/Annotations/Images-and-Supervisely-Annotations/case_5032/img/case5032_47.png,/data/halyusuf/data/CataractData/semantic_segmentation/Annotations/Images-and-Supervisely-Annotations/case_5032/mask_anatomy_inst/case5032_47.png
122,/data/halyusuf/data/CataractData/semantic_segmentation/Annotations/Images-and-Supervisely-Annotations/case_5032/img/case5032_48.png,/data/halyusuf/data/CataractData/semantic_segmentation/Annotations/Images-and-Supervisely-Annotations/case_5032/mask_anatomy_inst/case5032_48.png
123,/data/halyusuf/data/CataractData/semantic_segmentation/Annotations/Images-and-Supervisely-Annotations/case_5032/img/case5032_49.png,/data/halyusuf/data/CataractData/semantic_segmentation/Annotations/Images-and-Supervisely-Annotations/case_5032/mask_anatomy_inst/case5032_49.png
124,/data/halyusuf/data/CataractData/semantic_segmentation/Annotations/Images-and-Supervisely-Annotations/case_5032/img/case5032_50.png,/data/halyusuf/data/CataractData/semantic_segmentation/Annotations/Images-and-Supervisely-Annotations/case_5032/mask_anatomy_inst/case5032_50.png
125,/data/halyusuf/data/CataractData/semantic_segmentation/Annotations/Images-and-Supervisely-Annotations/case_5032/img/case5032_51.png,/data/halyusuf/data/CataractData/semantic_segmentation/Annotations/Images-and-Supervisely-Annotations/case_5032/mask_anatomy_inst/case5032_51.png
126,/data/halyusuf/data/CataractData/semantic_segmentation/Annotations/Images-and-Supervisely-Annotations/case_5032/img/case5032_52.png,/data/halyusuf/data/CataractData/semantic_segmentation/Annotations/Images-and-Supervisely-Annotations/case_5032/mask_anatomy_inst/case5032_52.png
127,/data/halyusuf/data/CataractData/semantic_segmentation/Annotations/Images-and-Supervisely-Annotations/case_5032/img/case5032_53.png,/data/halyusuf/data/CataractData/semantic_segmentation/Annotations/Images-and-Supervisely-Annotations/case_5032/mask_anatomy_inst/case5032_53.png
128,/data/halyusuf/data/CataractData/semantic_segmentation/Annotations/Images-and-Supervisely-Annotations/case_5032/img/case5032_54.png,/data/halyusuf/data/CataractData/semantic_segmentation/Annotations/Images-and-Supervisely-Annotations/case_5032/mask_anatomy_inst/case5032_54.png
129,/data/halyusuf/data/CataractData/semantic_segmentation/Annotations/Images-and-Supervisely-Annotations/case_5032/img/case5032_55.png,/data/halyusuf/data/CataractData/semantic_segmentation/Annotations/Images-and-Supervisely-Annotations/case_5032/mask_anatomy_inst/case5032_55.png
130,/data/halyusuf/data/CataractData/semantic_segmentation/Annotations/Images-and-Supervisely-Annotations/case_5032/img/case5032_56.png,/data/halyusuf/data/CataractData/semantic_segmentation/Annotations/Images-and-Supervisely-Annotations/case_5032/mask_anatomy_inst/case5032_56.png
131,/data/halyusuf/data/CataractData/semantic_segmentation/Annotations/Images-and-Supervisely-Annotations/case_5032/img/case5032_57.png,/data/halyusuf/data/CataractData/semantic_segmentation/Annotations/Images-and-Supervisely-Annotations/case_5032/mask_anatomy_inst/case5032_57.png
132,/data/halyusuf/data/CataractData/semantic_segmentation/Annotations/Images-and-Supervisely-Annotations/case_5032/img/case5032_58.png,/data/halyusuf/data/CataractData/semantic_segmentation/Annotations/Images-and-Supervisely-Annotations/case_5032/mask_anatomy_inst/case5032_58.png
133,/data/halyusuf/data/CataractData/semantic_segmentation/Annotations/Images-and-Supervisely-Annotations/case_5032/img/case5032_59.png,/data/halyusuf/data/CataractData/semantic_segmentation/Annotations/Images-and-Supervisely-Annotations/case_5032/mask_anatomy_inst/case5032_59.png
134,/data/halyusuf/data/CataractData/semantic_segmentation/Annotations/Images-and-Supervisely-Annotations/case_5032/img/case5032_60.png,/data/halyusuf/data/CataractData/semantic_segmentation/Annotations/Images-and-Supervisely-Annotations/case_5032/mask_anatomy_inst/case5032_60.png
135,/data/halyusuf/data/CataractData/semantic_segmentation/Annotations/Images-and-Supervisely-Annotations/case_5032/img/case5032_61.png,/data/halyusuf/data/CataractData/semantic_segmentation/Annotations/Images-and-Supervisely-Annotations/case_5032/mask_anatomy_inst/case5032_61.png
136,/data/halyusuf/data/CataractData/semantic_segmentation/Annotations/Images-and-Supervisely-Annotations/case_5057/img/case5057_01.png,/data/halyusuf/data/CataractData/semantic_segmentation/Annotations/Images-and-Supervisely-Annotations/case_5057/mask_anatomy_inst/case5057_01.png
137,/data/halyusuf/data/CataractData/semantic_segmentation/Annotations/Images-and-Supervisely-Annotations/case_5057/img/case5057_02.png,/data/halyusuf/data/CataractData/semantic_segmentation/Annotations/Images-and-Supervisely-Annotations/case_5057/mask_anatomy_inst/case5057_02.png
138,/data/halyusuf/data/CataractData/semantic_segmentation/Annotations/Images-and-Supervisely-Annotations/case_5057/img/case5057_03.png,/data/halyusuf/data/CataractData/semantic_segmentation/Annotations/Images-and-Supervisely-Annotations/case_5057/mask_anatomy_inst/case5057_03.png
139,/data/halyusuf/data/CataractData/semantic_segmentation/Annotations/Images-and-Supervisely-Annotations/case_5057/img/case5057_04.png,/data/halyusuf/data/CataractData/semantic_segmentation/Annotations/Images-and-Supervisely-Annotations/case_5057/mask_anatomy_inst/case5057_04.png
140,/data/halyusuf/data/CataractData/semantic_segmentation/Annotations/Images-and-Supervisely-Annotations/case_5057/img/case5057_05.png,/data/halyusuf/data/CataractData/semantic_segmentation/Annotations/Images-and-Supervisely-Annotations/case_5057/mask_anatomy_inst/case5057_05.png
141,/data/halyusuf/data/CataractData/semantic_segmentation/Annotations/Images-and-Supervisely-Annotations/case_5057/img/case5057_06.png,/data/halyusuf/data/CataractData/semantic_segmentation/Annotations/Images-and-Supervisely-Annotations/case_5057/mask_anatomy_inst/case5057_06.png
142,/data/halyusuf/data/CataractData/semantic_segmentation/Annotations/Images-and-Supervisely-Annotations/case_5057/img/case5057_07.png,/data/halyusuf/data/CataractData/semantic_segmentation/Annotations/Images-and-Supervisely-Annotations/case_5057/mask_anatomy_inst/case5057_07.png
143,/data/halyusuf/data/CataractData/semantic_segmentation/Annotations/Images-and-Supervisely-Annotations/case_5057/img/case5057_08.png,/data/halyusuf/data/CataractData/semantic_segmentation/Annotations/Images-and-Supervisely-Annotations/case_5057/mask_anatomy_inst/case5057_08.png
144,/data/halyusuf/data/CataractData/semantic_segmentation/Annotations/Images-and-Supervisely-Annotations/case_5057/img/case5057_09.png,/data/halyusuf/data/CataractData/semantic_segmentation/Annotations/Images-and-Supervisely-Annotations/case_5057/mask_anatomy_inst/case5057_09.png
145,/data/halyusuf/data/CataractData/semantic_segmentation/Annotations/Images-and-Supervisely-Annotations/case_5057/img/case5057_10.png,/data/halyusuf/data/CataractData/semantic_segmentation/Annotations/Images-and-Supervisely-Annotations/case_5057/mask_anatomy_inst/case5057_10.png
146,/data/halyusuf/data/CataractData/semantic_segmentation/Annotations/Images-and-Supervisely-Annotations/case_5057/img/case5057_11.png,/data/halyusuf/data/CataractData/semantic_segmentation/Annotations/Images-and-Supervisely-Annotations/case_5057/mask_anatomy_inst/case5057_11.png
147,/data/halyusuf/data/CataractData/semantic_segmentation/Annotations/Images-and-Supervisely-Annotations/case_5057/img/case5057_12.png,/data/halyusuf/data/CataractData/semantic_segmentation/Annotations/Images-and-Supervisely-Annotations/case_5057/mask_anatomy_inst/case5057_12.png
148,/data/halyusuf/data/CataractData/semantic_segmentation/Annotations/Images-and-Supervisely-Annotations/case_5057/img/case5057_13.png,/data/halyusuf/data/CataractData/semantic_segmentation/Annotations/Images-and-Supervisely-Annotations/case_5057/mask_anatomy_inst/case5057_13.png
149,/data/halyusuf/data/CataractData/semantic_segmentation/Annotations/Images-and-Supervisely-Annotations/case_5057/img/case5057_14.png,/data/halyusuf/data/CataractData/semantic_segmentation/Annotations/Images-and-Supervisely-Annotations/case_5057/mask_anatomy_inst/case5057_14.png
150,/data/halyusuf/data/CataractData/semantic_segmentation/Annotations/Images-and-Supervisely-Annotations/case_5057/img/case5057_15.png,/data/halyusuf/data/CataractData/semantic_segmentation/Annotations/Images-and-Supervisely-Annotations/case_5057/mask_anatomy_inst/case5057_15.png
151,/data/halyusuf/data/CataractData/semantic_segmentation/Annotations/Images-and-Supervisely-Annotations/case_5057/img/case5057_16.png,/data/halyusuf/data/CataractData/semantic_segmentation/Annotations/Images-and-Supervisely-Annotations/case_5057/mask_anatomy_inst/case5057_16.png
152,/data/halyusuf/data/CataractData/semantic_segmentation/Annotations/Images-and-Supervisely-Annotations/case_5057/img/case5057_17.png,/data/halyusuf/data/CataractData/semantic_segmentation/Annotations/Images-and-Supervisely-Annotations/case_5057/mask_anatomy_inst/case5057_17.png
153,/data/halyusuf/data/CataractData/semantic_segmentation/Annotations/Images-and-Supervisely-Annotations/case_5057/img/case5057_18.png,/data/halyusuf/data/CataractData/semantic_segmentation/Annotations/Images-and-Supervisely-Annotations/case_5057/mask_anatomy_inst/case5057_18.png
154,/data/halyusuf/data/CataractData/semantic_segmentation/Annotations/Images-and-Supervisely-Annotations/case_5057/img/case5057_19.png,/data/halyusuf/data/CataractData/semantic_segmentation/Annotations/Images-and-Supervisely-Annotations/case_5057/mask_anatomy_inst/case5057_19.png
155,/data/halyusuf/data/CataractData/semantic_segmentation/Annotations/Images-and-Supervisely-Annotations/case_5057/img/case5057_20.png,/data/halyusuf/data/CataractData/semantic_segmentation/Annotations/Images-and-Supervisely-Annotations/case_5057/mask_anatomy_inst/case5057_20.png
156,/data/halyusuf/data/CataractData/semantic_segmentation/Annotations/Images-and-Supervisely-Annotations/case_5057/img/case5057_21.png,/data/halyusuf/data/CataractData/semantic_segmentation/Annotations/Images-and-Supervisely-Annotations/case_5057/mask_anatomy_inst/case5057_21.png
157,/data/halyusuf/data/CataractData/semantic_segmentation/Annotations/Images-and-Supervisely-Annotations/case_5057/img/case5057_22.png,/data/halyusuf/data/CataractData/semantic_segmentation/Annotations/Images-and-Supervisely-Annotations/case_5057/mask_anatomy_inst/case5057_22.png
158,/data/halyusuf/data/CataractData/semantic_segmentation/Annotations/Images-and-Supervisely-Annotations/case_5057/img/case5057_23.png,/data/halyusuf/data/CataractData/semantic_segmentation/Annotations/Images-and-Supervisely-Annotations/case_5057/mask_anatomy_inst/case5057_23.png
159,/data/halyusuf/data/CataractData/semantic_segmentation/Annotations/Images-and-Supervisely-Annotations/case_5057/img/case5057_24.png,/data/halyusuf/data/CataractData/semantic_segmentation/Annotations/Images-and-Supervisely-Annotations/case_5057/mask_anatomy_inst/case5057_24.png
160,/data/halyusuf/data/CataractData/semantic_segmentation/Annotations/Images-and-Supervisely-Annotations/case_5057/img/case5057_25.png,/data/halyusuf/data/CataractData/semantic_segmentation/Annotations/Images-and-Supervisely-Annotations/case_5057/mask_anatomy_inst/case5057_25.png
161,/data/halyusuf/data/CataractData/semantic_segmentation/Annotations/Images-and-Supervisely-Annotations/case_5057/img/case5057_26.png,/data/halyusuf/data/CataractData/semantic_segmentation/Annotations/Images-and-Supervisely-Annotations/case_5057/mask_anatomy_inst/case5057_26.png
162,/data/halyusuf/data/CataractData/semantic_segmentation/Annotations/Images-and-Supervisely-Annotations/case_5057/img/case5057_27.png,/data/halyusuf/data/CataractData/semantic_segmentation/Annotations/Images-and-Supervisely-Annotations/case_5057/mask_anatomy_inst/case5057_27.png
163,/data/halyusuf/data/CataractData/semantic_segmentation/Annotations/Images-and-Supervisely-Annotations/case_5057/img/case5057_28.png,/data/halyusuf/data/CataractData/semantic_segmentation/Annotations/Images-and-Supervisely-Annotations/case_5057/mask_anatomy_inst/case5057_28.png
164,/data/halyusuf/data/CataractData/semantic_segmentation/Annotations/Images-and-Supervisely-Annotations/case_5057/img/case5057_29.png,/data/halyusuf/data/CataractData/semantic_segmentation/Annotations/Images-and-Supervisely-Annotations/case_5057/mask_anatomy_inst/case5057_29.png
165,/data/halyusuf/data/CataractData/semantic_segmentation/Annotations/Images-and-Supervisely-Annotations/case_5057/img/case5057_30.png,/data/halyusuf/data/CataractData/semantic_segmentation/Annotations/Images-and-Supervisely-Annotations/case_5057/mask_anatomy_inst/case5057_30.png
166,/data/halyusuf/data/CataractData/semantic_segmentation/Annotations/Images-and-Supervisely-Annotations/case_5057/img/case5057_31.png,/data/halyusuf/data/CataractData/semantic_segmentation/Annotations/Images-and-Supervisely-Annotations/case_5057/mask_anatomy_inst/case5057_31.png
167,/data/halyusuf/data/CataractData/semantic_segmentation/Annotations/Images-and-Supervisely-Annotations/case_5057/img/case5057_32.png,/data/halyusuf/data/CataractData/semantic_segmentation/Annotations/Images-and-Supervisely-Annotations/case_5057/mask_anatomy_inst/case5057_32.png
168,/data/halyusuf/data/CataractData/semantic_segmentation/Annotations/Images-and-Supervisely-Annotations/case_5057/img/case5057_33.png,/data/halyusuf/data/CataractData/semantic_segmentation/Annotations/Images-and-Supervisely-Annotations/case_5057/mask_anatomy_inst/case5057_33.png
169,/data/halyusuf/data/CataractData/semantic_segmentation/Annotations/Images-and-Supervisely-Annotations/case_5057/img/case5057_34.png,/data/halyusuf/data/CataractData/semantic_segmentation/Annotations/Images-and-Supervisely-Annotations/case_5057/mask_anatomy_inst/case5057_34.png
170,/data/halyusuf/data/CataractData/semantic_segmentation/Annotations/Images-and-Supervisely-Annotations/case_5057/img/case5057_35.png,/data/halyusuf/data/CataractData/semantic_segmentation/Annotations/Images-and-Supervisely-Annotations/case_5057/mask_anatomy_inst/case5057_35.png
171,/data/halyusuf/data/CataractData/semantic_segmentation/Annotations/Images-and-Supervisely-Annotations/case_5057/img/case5057_36.png,/data/halyusuf/data/CataractData/semantic_segmentation/Annotations/Images-and-Supervisely-Annotations/case_5057/mask_anatomy_inst/case5057_36.png
172,/data/halyusuf/data/CataractData/semantic_segmentation/Annotations/Images-and-Supervisely-Annotations/case_5057/img/case5057_37.png,/data/halyusuf/data/CataractData/semantic_segmentation/Annotations/Images-and-Supervisely-Annotations/case_5057/mask_anatomy_inst/case5057_37.png
173,/data/halyusuf/data/CataractData/semantic_segmentation/Annotations/Images-and-Supervisely-Annotations/case_5057/img/case5057_38.png,/data/halyusuf/data/CataractData/semantic_segmentation/Annotations/Images-and-Supervisely-Annotations/case_5057/mask_anatomy_inst/case5057_38.png
174,/data/halyusuf/data/CataractData/semantic_segmentation/Annotations/Images-and-Supervisely-Annotations/case_5057/img/case5057_39.png,/data/halyusuf/data/CataractData/semantic_segmentation/Annotations/Images-and-Supervisely-Annotations/case_5057/mask_anatomy_inst/case5057_39.png
175,/data/halyusuf/data/CataractData/semantic_segmentation/Annotations/Images-and-Supervisely-Annotations/case_5057/img/case5057_40.png,/data/halyusuf/data/CataractData/semantic_segmentation/Annotations/Images-and-Supervisely-Annotations/case_5057/mask_anatomy_inst/case5057_40.png
176,/data/halyusuf/data/CataractData/semantic_segmentation/Annotations/Images-and-Supervisely-Annotations/case_5057/img/case5057_41.png,/data/halyusuf/data/CataractData/semantic_segmentation/Annotations/Images-and-Supervisely-Annotations/case_5057/mask_anatomy_inst/case5057_41.png
177,/data/halyusuf/data/CataractData/semantic_segmentation/Annotations/Images-and-Supervisely-Annotations/case_5057/img/case5057_42.png,/data/halyusuf/data/CataractData/semantic_segmentation/Annotations/Images-and-Supervisely-Annotations/case_5057/mask_anatomy_inst/case5057_42.png
178,/data/halyusuf/data/CataractData/semantic_segmentation/Annotations/Images-and-Supervisely-Annotations/case_5057/img/case5057_43.png,/data/halyusuf/data/CataractData/semantic_segmentation/Annotations/Images-and-Supervisely-Annotations/case_5057/mask_anatomy_inst/case5057_43.png
179,/data/halyusuf/data/CataractData/semantic_segmentation/Annotations/Images-and-Supervisely-Annotations/case_5057/img/case5057_44.png,/data/halyusuf/data/CataractData/semantic_segmentation/Annotations/Images-and-Supervisely-Annotations/case_5057/mask_anatomy_inst/case5057_44.png
180,/data/halyusuf/data/CataractData/semantic_segmentation/Annotations/Images-and-Supervisely-Annotations/case_5057/img/case5057_45.png,/data/halyusuf/data/CataractData/semantic_segmentation/Annotations/Images-and-Supervisely-Annotations/case_5057/mask_anatomy_inst/case5057_45.png
181,/data/halyusuf/data/CataractData/semantic_segmentation/Annotations/Images-and-Supervisely-Annotations/case_5057/img/case5057_46.png,/data/halyusuf/data/CataractData/semantic_segmentation/Annotations/Images-and-Supervisely-Annotations/case_5057/mask_anatomy_inst/case5057_46.png
182,/data/halyusuf/data/CataractData/semantic_segmentation/Annotations/Images-and-Supervisely-Annotations/case_5057/img/case5057_47.png,/data/halyusuf/data/CataractData/semantic_segmentation/Annotations/Images-and-Supervisely-Annotations/case_5057/mask_anatomy_inst/case5057_47.png
183,/data/halyusuf/data/CataractData/semantic_segmentation/Annotations/Images-and-Supervisely-Annotations/case_5057/img/case5057_48.png,/data/halyusuf/data/CataractData/semantic_segmentation/Annotations/Images-and-Supervisely-Annotations/case_5057/mask_anatomy_inst/case5057_48.png
184,/data/halyusuf/data/CataractData/semantic_segmentation/Annotations/Images-and-Supervisely-Annotations/case_5057/img/case5057_49.png,/data/halyusuf/data/CataractData/semantic_segmentation/Annotations/Images-and-Supervisely-Annotations/case_5057/mask_anatomy_inst/case5057_49.png
185,/data/halyusuf/data/CataractData/semantic_segmentation/Annotations/Images-and-Supervisely-Annotations/case_5057/img/case5057_50.png,/data/halyusuf/data/CataractData/semantic_segmentation/Annotations/Images-and-Supervisely-Annotations/case_5057/mask_anatomy_inst/case5057_50.png
186,/data/halyusuf/data/CataractData/semantic_segmentation/Annotations/Images-and-Supervisely-Annotations/case_5057/img/case5057_51.png,/data/halyusuf/data/CataractData/semantic_segmentation/Annotations/Images-and-Supervisely-Annotations/case_5057/mask_anatomy_inst/case5057_51.png
187,/data/halyusuf/data/CataractData/semantic_segmentation/Annotations/Images-and-Supervisely-Annotations/case_5057/img/case5057_52.png,/data/halyusuf/data/CataractData/semantic_segmentation/Annotations/Images-and-Supervisely-Annotations/case_5057/mask_anatomy_inst/case5057_52.png
188,/data/halyusuf/data/CataractData/semantic_segmentation/Annotations/Images-and-Supervisely-Annotations/case_5057/img/case5057_53.png,/data/halyusuf/data/CataractData/semantic_segmentation/Annotations/Images-and-Supervisely-Annotations/case_5057/mask_anatomy_inst/case5057_53.png
189,/data/halyusuf/data/CataractData/semantic_segmentation/Annotations/Images-and-Supervisely-Annotations/case_5057/img/case5057_54.png,/data/halyusuf/data/CataractData/semantic_segmentation/Annotations/Images-and-Supervisely-Annotations/case_5057/mask_anatomy_inst/case5057_54.png
190,/data/halyusuf/data/CataractData/semantic_segmentation/Annotations/Images-and-Supervisely-Annotations/case_5057/img/case5057_55.png,/data/halyusuf/data/CataractData/semantic_segmentation/Annotations/Images-and-Supervisely-Annotations/case_5057/mask_anatomy_inst/case5057_55.png
191,/data/halyusuf/data/CataractData/semantic_segmentation/Annotations/Images-and-Supervisely-Annotations/case_5057/img/case5057_56.png,/data/halyusuf/data/CataractData/semantic_segmentation/Annotations/Images-and-Supervisely-Annotations/case_5057/mask_anatomy_inst/case5057_56.png
192,/data/halyusuf/data/CataractData/semantic_segmentation/Annotations/Images-and-Supervisely-Annotations/case_5057/img/case5057_57.png,/data/halyusuf/data/CataractData/semantic_segmentation/Annotations/Images-and-Supervisely-Annotations/case_5057/mask_anatomy_inst/case5057_57.png
193,/data/halyusuf/data/CataractData/semantic_segmentation/Annotations/Images-and-Supervisely-Annotations/case_5057/img/case5057_58.png,/data/halyusuf/data/CataractData/semantic_segmentation/Annotations/Images-and-Supervisely-Annotations/case_5057/mask_anatomy_inst/case5057_58.png
194,/data/halyusuf/data/CataractData/semantic_segmentation/Annotations/Images-and-Supervisely-Annotations/case_5057/img/case5057_59.png,/data/halyusuf/data/CataractData/semantic_segmentation/Annotations/Images-and-Supervisely-Annotations/case_5057/mask_anatomy_inst/case5057_59.png
195,/data/halyusuf/data/CataractData/semantic_segmentation/Annotations/Images-and-Supervisely-Annotations/case_5057/img/case5057_60.png,/data/halyusuf/data/CataractData/semantic_segmentation/Annotations/Images-and-Supervisely-Annotations/case_5057/mask_anatomy_inst/case5057_60.png
196,/data/halyusuf/data/CataractData/semantic_segmentation/Annotations/Images-and-Supervisely-Annotations/case_5057/img/case5057_61.png,/data/halyusuf/data/CataractData/semantic_segmentation/Annotations/Images-and-Supervisely-Annotations/case_5057/mask_anatomy_inst/case5057_61.png
197,/data/halyusuf/data/CataractData/semantic_segmentation/Annotations/Images-and-Supervisely-Annotations/case_5057/img/case5057_62.png,/data/halyusuf/data/CataractData/semantic_segmentation/Annotations/Images-and-Supervisely-Annotations/case_5057/mask_anatomy_inst/case5057_62.png
198,/data/halyusuf/data/CataractData/semantic_segmentation/Annotations/Images-and-Supervisely-Annotations/case_5057/img/case5057_63.png,/data/halyusuf/data/CataractData/semantic_segmentation/Annotations/Images-and-Supervisely-Annotations/case_5057/mask_anatomy_inst/case5057_63.png
199,/data/halyusuf/data/CataractData/semantic_segmentation/Annotations/Images-and-Supervisely-Annotations/case_5057/img/case5057_64.png,/data/halyusuf/data/CataractData/semantic_segmentation/Annotations/Images-and-Supervisely-Annotations/case_5057/mask_anatomy_inst/case5057_64.png
200,/data/halyusuf/data/CataractData/semantic_segmentation/Annotations/Images-and-Supervisely-Annotations/case_5057/img/case5057_65.png,/data/halyusuf/data/CataractData/semantic_segmentation/Annotations/Images-and-Supervisely-Annotations/case_5057/mask_anatomy_inst/case5057_65.png
201,/data/halyusuf/data/CataractData/semantic_segmentation/Annotations/Images-and-Supervisely-Annotations/case_5057/img/case5057_66.png,/data/halyusuf/data/CataractData/semantic_segmentation/Annotations/Images-and-Supervisely-Annotations/case_5057/mask_anatomy_inst/case5057_66.png
202,/data/halyusuf/data/CataractData/semantic_segmentation/Annotations/Images-and-Supervisely-Annotations/case_5057/img/case5057_67.png,/data/halyusuf/data/CataractData/semantic_segmentation/Annotations/Images-and-Supervisely-Annotations/case_5057/mask_anatomy_inst/case5057_67.png
203,/data/halyusuf/data/CataractData/semantic_segmentation/Annotations/Images-and-Supervisely-Annotations/case_5057/img/case5057_68.png,/data/halyusuf/data/CataractData/semantic_segmentation/Annotations/Images-and-Supervisely-Annotations/case_5057/mask_anatomy_inst/case5057_68.png
204,/data/halyusuf/data/CataractData/semantic_segmentation/Annotations/Images-and-Supervisely-Annotations/case_5057/img/case5057_69.png,/data/halyusuf/data/CataractData/semantic_segmentation/Annotations/Images-and-Supervisely-Annotations/case_5057/mask_anatomy_inst/case5057_69.png
205,/data/halyusuf/data/CataractData/semantic_segmentation/Annotations/Images-and-Supervisely-Annotations/case_5057/img/case5057_70.png,/data/halyusuf/data/CataractData/semantic_segmentation/Annotations/Images-and-Supervisely-Annotations/case_5057/mask_anatomy_inst/case5057_70.png
206,/data/halyusuf/data/CataractData/semantic_segmentation/Annotations/Images-and-Supervisely-Annotations/case_5057/img/case5057_71.png,/data/halyusuf/data/CataractData/semantic_segmentation/Annotations/Images-and-Supervisely-Annotations/case_5057/mask_anatomy_inst/case5057_71.png
207,/data/halyusuf/data/CataractData/semantic_segmentation/Annotations/Images-and-Supervisely-Annotations/case_5057/img/case5057_72.png,/data/halyusuf/data/CataractData/semantic_segmentation/Annotations/Images-and-Supervisely-Annotations/case_5057/mask_anatomy_inst/case5057_72.png
208,/data/halyusuf/data/CataractData/semantic_segmentation/Annotations/Images-and-Supervisely-Annotations/case_5058/img/case5058_01.png,/data/halyusuf/data/CataractData/semantic_segmentation/Annotations/Images-and-Supervisely-Annotations/case_5058/mask_anatomy_inst/case5058_01.png
209,/data/halyusuf/data/CataractData/semantic_segmentation/Annotations/Images-and-Supervisely-Annotations/case_5058/img/case5058_02.png,/data/halyusuf/data/CataractData/semantic_segmentation/Annotations/Images-and-Supervisely-Annotations/case_5058/mask_anatomy_inst/case5058_02.png
210,/data/halyusuf/data/CataractData/semantic_segmentation/Annotations/Images-and-Supervisely-Annotations/case_5058/img/case5058_03.png,/data/halyusuf/data/CataractData/semantic_segmentation/Annotations/Images-and-Supervisely-Annotations/case_5058/mask_anatomy_inst/case5058_03.png
211,/data/halyusuf/data/CataractData/semantic_segmentation/Annotations/Images-and-Supervisely-Annotations/case_5058/img/case5058_04.png,/data/halyusuf/data/CataractData/semantic_segmentation/Annotations/Images-and-Supervisely-Annotations/case_5058/mask_anatomy_inst/case5058_04.png
212,/data/halyusuf/data/CataractData/semantic_segmentation/Annotations/Images-and-Supervisely-Annotations/case_5058/img/case5058_05.png,/data/halyusuf/data/CataractData/semantic_segmentation/Annotations/Images-and-Supervisely-Annotations/case_5058/mask_anatomy_inst/case5058_05.png
213,/data/halyusuf/data/CataractData/semantic_segmentation/Annotations/Images-and-Supervisely-Annotations/case_5058/img/case5058_06.png,/data/halyusuf/data/CataractData/semantic_segmentation/Annotations/Images-and-Supervisely-Annotations/case_5058/mask_anatomy_inst/case5058_06.png
214,/data/halyusuf/data/CataractData/semantic_segmentation/Annotations/Images-and-Supervisely-Annotations/case_5058/img/case5058_07.png,/data/halyusuf/data/CataractData/semantic_segmentation/Annotations/Images-and-Supervisely-Annotations/case_5058/mask_anatomy_inst/case5058_07.png
215,/data/halyusuf/data/CataractData/semantic_segmentation/Annotations/Images-and-Supervisely-Annotations/case_5058/img/case5058_08.png,/data/halyusuf/data/CataractData/semantic_segmentation/Annotations/Images-and-Supervisely-Annotations/case_5058/mask_anatomy_inst/case5058_08.png
216,/data/halyusuf/data/CataractData/semantic_segmentation/Annotations/Images-and-Supervisely-Annotations/case_5058/img/case5058_09.png,/data/halyusuf/data/CataractData/semantic_segmentation/Annotations/Images-and-Supervisely-Annotations/case_5058/mask_anatomy_inst/case5058_09.png
217,/data/halyusuf/data/CataractData/semantic_segmentation/Annotations/Images-and-Supervisely-Annotations/case_5058/img/case5058_10.png,/data/halyusuf/data/CataractData/semantic_segmentation/Annotations/Images-and-Supervisely-Annotations/case_5058/mask_anatomy_inst/case5058_10.png
218,/data/halyusuf/data/CataractData/semantic_segmentation/Annotations/Images-and-Supervisely-Annotations/case_5058/img/case5058_11.png,/data/halyusuf/data/CataractData/semantic_segmentation/Annotations/Images-and-Supervisely-Annotations/case_5058/mask_anatomy_inst/case5058_11.png
219,/data/halyusuf/data/CataractData/semantic_segmentation/Annotations/Images-and-Supervisely-Annotations/case_5058/img/case5058_12.png,/data/halyusuf/data/CataractData/semantic_segmentation/Annotations/Images-and-Supervisely-Annotations/case_5058/mask_anatomy_inst/case5058_12.png
220,/data/halyusuf/data/CataractData/semantic_segmentation/Annotations/Images-and-Supervisely-Annotations/case_5058/img/case5058_13.png,/data/halyusuf/data/CataractData/semantic_segmentation/Annotations/Images-and-Supervisely-Annotations/case_5058/mask_anatomy_inst/case5058_13.png
221,/data/halyusuf/data/CataractData/semantic_segmentation/Annotations/Images-and-Supervisely-Annotations/case_5058/img/case5058_14.png,/data/halyusuf/data/CataractData/semantic_segmentation/Annotations/Images-and-Supervisely-Annotations/case_5058/mask_anatomy_inst/case5058_14.png
222,/data/halyusuf/data/CataractData/semantic_segmentation/Annotations/Images-and-Supervisely-Annotations/case_5058/img/case5058_15.png,/data/halyusuf/data/CataractData/semantic_segmentation/Annotations/Images-and-Supervisely-Annotations/case_5058/mask_anatomy_inst/case5058_15.png
223,/data/halyusuf/data/CataractData/semantic_segmentation/Annotations/Images-and-Supervisely-Annotations/case_5058/img/case5058_16.png,/data/halyusuf/data/CataractData/semantic_segmentation/Annotations/Images-and-Supervisely-Annotations/case_5058/mask_anatomy_inst/case5058_16.png
224,/data/halyusuf/data/CataractData/semantic_segmentation/Annotations/Images-and-Supervisely-Annotations/case_5058/img/case5058_17.png,/data/halyusuf/data/CataractData/semantic_segmentation/Annotations/Images-and-Supervisely-Annotations/case_5058/mask_anatomy_inst/case5058_17.png
225,/data/halyusuf/data/CataractData/semantic_segmentation/Annotations/Images-and-Supervisely-Annotations/case_5058/img/case5058_18.png,/data/halyusuf/data/CataractData/semantic_segmentation/Annotations/Images-and-Supervisely-Annotations/case_5058/mask_anatomy_inst/case5058_18.png
226,/data/halyusuf/data/CataractData/semantic_segmentation/Annotations/Images-and-Supervisely-Annotations/case_5058/img/case5058_19.png,/data/halyusuf/data/CataractData/semantic_segmentation/Annotations/Images-and-Supervisely-Annotations/case_5058/mask_anatomy_inst/case5058_19.png
227,/data/halyusuf/data/CataractData/semantic_segmentation/Annotations/Images-and-Supervisely-Annotations/case_5058/img/case5058_20.png,/data/halyusuf/data/CataractData/semantic_segmentation/Annotations/Images-and-Supervisely-Annotations/case_5058/mask_anatomy_inst/case5058_20.png
228,/data/halyusuf/data/CataractData/semantic_segmentation/Annotations/Images-and-Supervisely-Annotations/case_5058/img/case5058_21.png,/data/halyusuf/data/CataractData/semantic_segmentation/Annotations/Images-and-Supervisely-Annotations/case_5058/mask_anatomy_inst/case5058_21.png
229,/data/halyusuf/data/CataractData/semantic_segmentation/Annotations/Images-and-Supervisely-Annotations/case_5058/img/case5058_22.png,/data/halyusuf/data/CataractData/semantic_segmentation/Annotations/Images-and-Supervisely-Annotations/case_5058/mask_anatomy_inst/case5058_22.png
230,/data/halyusuf/data/CataractData/semantic_segmentation/Annotations/Images-and-Supervisely-Annotations/case_5058/img/case5058_23.png,/data/halyusuf/data/CataractData/semantic_segmentation/Annotations/Images-and-Supervisely-Annotations/case_5058/mask_anatomy_inst/case5058_23.png
231,/data/halyusuf/data/CataractData/semantic_segmentation/Annotations/Images-and-Supervisely-Annotations/case_5058/img/case5058_24.png,/data/halyusuf/data/CataractData/semantic_segmentation/Annotations/Images-and-Supervisely-Annotations/case_5058/mask_anatomy_inst/case5058_24.png
232,/data/halyusuf/data/CataractData/semantic_segmentation/Annotations/Images-and-Supervisely-Annotations/case_5058/img/case5058_25.png,/data/halyusuf/data/CataractData/semantic_segmentation/Annotations/Images-and-Supervisely-Annotations/case_5058/mask_anatomy_inst/case5058_25.png
233,/data/halyusuf/data/CataractData/semantic_segmentation/Annotations/Images-and-Supervisely-Annotations/case_5058/img/case5058_26.png,/data/halyusuf/data/CataractData/semantic_segmentation/Annotations/Images-and-Supervisely-Annotations/case_5058/mask_anatomy_inst/case5058_26.png
234,/data/halyusuf/data/CataractData/semantic_segmentation/Annotations/Images-and-Supervisely-Annotations/case_5058/img/case5058_27.png,/data/halyusuf/data/CataractData/semantic_segmentation/Annotations/Images-and-Supervisely-Annotations/case_5058/mask_anatomy_inst/case5058_27.png
235,/data/halyusuf/data/CataractData/semantic_segmentation/Annotations/Images-and-Supervisely-Annotations/case_5058/img/case5058_28.png,/data/halyusuf/data/CataractData/semantic_segmentation/Annotations/Images-and-Supervisely-Annotations/case_5058/mask_anatomy_inst/case5058_28.png
236,/data/halyusuf/data/CataractData/semantic_segmentation/Annotations/Images-and-Supervisely-Annotations/case_5058/img/case5058_29.png,/data/halyusuf/data/CataractData/semantic_segmentation/Annotations/Images-and-Supervisely-Annotations/case_5058/mask_anatomy_inst/case5058_29.png
237,/data/halyusuf/data/CataractData/semantic_segmentation/Annotations/Images-and-Supervisely-Annotations/case_5058/img/case5058_30.png,/data/halyusuf/data/CataractData/semantic_segmentation/Annotations/Images-and-Supervisely-Annotations/case_5058/mask_anatomy_inst/case5058_30.png
238,/data/halyusuf/data/CataractData/semantic_segmentation/Annotations/Images-and-Supervisely-Annotations/case_5058/img/case5058_31.png,/data/halyusuf/data/CataractData/semantic_segmentation/Annotations/Images-and-Supervisely-Annotations/case_5058/mask_anatomy_inst/case5058_31.png
239,/data/halyusuf/data/CataractData/semantic_segmentation/Annotations/Images-and-Supervisely-Annotations/case_5058/img/case5058_32.png,/data/halyusuf/data/CataractData/semantic_segmentation/Annotations/Images-and-Supervisely-Annotations/case_5058/mask_anatomy_inst/case5058_32.png
240,/data/halyusuf/data/CataractData/semantic_segmentation/Annotations/Images-and-Supervisely-Annotations/case_5058/img/case5058_33.png,/data/halyusuf/data/CataractData/semantic_segmentation/Annotations/Images-and-Supervisely-Annotations/case_5058/mask_anatomy_inst/case5058_33.png
241,/data/halyusuf/data/CataractData/semantic_segmentation/Annotations/Images-and-Supervisely-Annotations/case_5058/img/case5058_34.png,/data/halyusuf/data/CataractData/semantic_segmentation/Annotations/Images-and-Supervisely-Annotations/case_5058/mask_anatomy_inst/case5058_34.png
242,/data/halyusuf/data/CataractData/semantic_segmentation/Annotations/Images-and-Supervisely-Annotations/case_5058/img/case5058_35.png,/data/halyusuf/data/CataractData/semantic_segmentation/Annotations/Images-and-Supervisely-Annotations/case_5058/mask_anatomy_inst/case5058_35.png
243,/data/halyusuf/data/CataractData/semantic_segmentation/Annotations/Images-and-Supervisely-Annotations/case_5058/img/case5058_36.png,/data/halyusuf/data/CataractData/semantic_segmentation/Annotations/Images-and-Supervisely-Annotations/case_5058/mask_anatomy_inst/case5058_36.png
244,/data/halyusuf/data/CataractData/semantic_segmentation/Annotations/Images-and-Supervisely-Annotations/case_5058/img/case5058_37.png,/data/halyusuf/data/CataractData/semantic_segmentation/Annotations/Images-and-Supervisely-Annotations/case_5058/mask_anatomy_inst/case5058_37.png
245,/data/halyusuf/data/CataractData/semantic_segmentation/Annotations/Images-and-Supervisely-Annotations/case_5058/img/case5058_38.png,/data/halyusuf/data/CataractData/semantic_segmentation/Annotations/Images-and-Supervisely-Annotations/case_5058/mask_anatomy_inst/case5058_38.png
246,/data/halyusuf/data/CataractData/semantic_segmentation/Annotations/Images-and-Supervisely-Annotations/case_5058/img/case5058_39.png,/data/halyusuf/data/CataractData/semantic_segmentation/Annotations/Images-and-Supervisely-Annotations/case_5058/mask_anatomy_inst/case5058_39.png
247,/data/halyusuf/data/CataractData/semantic_segmentation/Annotations/Images-and-Supervisely-Annotations/case_5058/img/case5058_40.png,/data/halyusuf/data/CataractData/semantic_segmentation/Annotations/Images-and-Supervisely-Annotations/case_5058/mask_anatomy_inst/case5058_40.png
248,/data/halyusuf/data/CataractData/semantic_segmentation/Annotations/Images-and-Supervisely-Annotations/case_5058/img/case5058_41.png,/data/halyusuf/data/CataractData/semantic_segmentation/Annotations/Images-and-Supervisely-Annotations/case_5058/mask_anatomy_inst/case5058_41.png
249,/data/halyusuf/data/CataractData/semantic_segmentation/Annotations/Images-and-Supervisely-Annotations/case_5058/img/case5058_42.png,/data/halyusuf/data/CataractData/semantic_segmentation/Annotations/Images-and-Supervisely-Annotations/case_5058/mask_anatomy_inst/case5058_42.png
250,/data/halyusuf/data/CataractData/semantic_segmentation/Annotations/Images-and-Supervisely-Annotations/case_5058/img/case5058_43.png,/data/halyusuf/data/CataractData/semantic_segmentation/Annotations/Images-and-Supervisely-Annotations/case_5058/mask_anatomy_inst/case5058_43.png
251,/data/halyusuf/data/CataractData/semantic_segmentation/Annotations/Images-and-Supervisely-Annotations/case_5058/img/case5058_44.png,/data/halyusuf/data/CataractData/semantic_segmentation/Annotations/Images-and-Supervisely-Annotations/case_5058/mask_anatomy_inst/case5058_44.png
252,/data/halyusuf/data/CataractData/semantic_segmentation/Annotations/Images-and-Supervisely-Annotations/case_5058/img/case5058_45.png,/data/halyusuf/data/CataractData/semantic_segmentation/Annotations/Images-and-Supervisely-Annotations/case_5058/mask_anatomy_inst/case5058_45.png
253,/data/halyusuf/data/CataractData/semantic_segmentation/Annotations/Images-and-Supervisely-Annotations/case_5058/img/case5058_46.png,/data/halyusuf/data/CataractData/semantic_segmentation/Annotations/Images-and-Supervisely-Annotations/case_5058/mask_anatomy_inst/case5058_46.png
254,/data/halyusuf/data/CataractData/semantic_segmentation/Annotations/Images-and-Supervisely-Annotations/case_5058/img/case5058_47.png,/data/halyusuf/data/CataractData/semantic_segmentation/Annotations/Images-and-Supervisely-Annotations/case_5058/mask_anatomy_inst/case5058_47.png
255,/data/halyusuf/data/CataractData/semantic_segmentation/Annotations/Images-and-Supervisely-Annotations/case_5058/img/case5058_48.png,/data/halyusuf/data/CataractData/semantic_segmentation/Annotations/Images-and-Supervisely-Annotations/case_5058/mask_anatomy_inst/case5058_48.png
256,/data/halyusuf/data/CataractData/semantic_segmentation/Annotations/Images-and-Supervisely-Annotations/case_5058/img/case5058_49.png,/data/halyusuf/data/CataractData/semantic_segmentation/Annotations/Images-and-Supervisely-Annotations/case_5058/mask_anatomy_inst/case5058_49.png
257,/data/halyusuf/data/CataractData/semantic_segmentation/Annotations/Images-and-Supervisely-Annotations/case_5058/img/case5058_50.png,/data/halyusuf/data/CataractData/semantic_segmentation/Annotations/Images-and-Supervisely-Annotations/case_5058/mask_anatomy_inst/case5058_50.png
258,/data/halyusuf/data/CataractData/semantic_segmentation/Annotations/Images-and-Supervisely-Annotations/case_5058/img/case5058_51.png,/data/halyusuf/data/CataractData/semantic_segmentation/Annotations/Images-and-Supervisely-Annotations/case_5058/mask_anatomy_inst/case5058_51.png
259,/data/halyusuf/data/CataractData/semantic_segmentation/Annotations/Images-and-Supervisely-Annotations/case_5058/img/case5058_52.png,/data/halyusuf/data/CataractData/semantic_segmentation/Annotations/Images-and-Supervisely-Annotations/case_5058/mask_anatomy_inst/case5058_52.png
260,/data/halyusuf/data/CataractData/semantic_segmentation/Annotations/Images-and-Supervisely-Annotations/case_5058/img/case5058_53.png,/data/halyusuf/data/CataractData/semantic_segmentation/Annotations/Images-and-Supervisely-Annotations/case_5058/mask_anatomy_inst/case5058_53.png
261,/data/halyusuf/data/CataractData/semantic_segmentation/Annotations/Images-and-Supervisely-Annotations/case_5058/img/case5058_54.png,/data/halyusuf/data/CataractData/semantic_segmentation/Annotations/Images-and-Supervisely-Annotations/case_5058/mask_anatomy_inst/case5058_54.png
262,/data/halyusuf/data/CataractData/semantic_segmentation/Annotations/Images-and-Supervisely-Annotations/case_5058/img/case5058_55.png,/data/halyusuf/data/CataractData/semantic_segmentation/Annotations/Images-and-Supervisely-Annotations/case_5058/mask_anatomy_inst/case5058_55.png
263,/data/halyusuf/data/CataractData/semantic_segmentation/Annotations/Images-and-Supervisely-Annotations/case_5058/img/case5058_56.png,/data/halyusuf/data/CataractData/semantic_segmentation/Annotations/Images-and-Supervisely-Annotations/case_5058/mask_anatomy_inst/case5058_56.png
264,/data/halyusuf/data/CataractData/semantic_segmentation/Annotations/Images-and-Supervisely-Annotations/case_5058/img/case5058_57.png,/data/halyusuf/data/CataractData/semantic_segmentation/Annotations/Images-and-Supervisely-Annotations/case_5058/mask_anatomy_inst/case5058_57.png
265,/data/halyusuf/data/CataractData/semantic_segmentation/Annotations/Images-and-Supervisely-Annotations/case_5058/img/case5058_58.png,/data/halyusuf/data/CataractData/semantic_segmentation/Annotations/Images-and-Supervisely-Annotations/case_5058/mask_anatomy_inst/case5058_58.png
266,/data/halyusuf/data/CataractData/semantic_segmentation/Annotations/Images-and-Supervisely-Annotations/case_5058/img/case5058_59.png,/data/halyusuf/data/CataractData/semantic_segmentation/Annotations/Images-and-Supervisely-Annotations/case_5058/mask_anatomy_inst/case5058_59.png
267,/data/halyusuf/data/CataractData/semantic_segmentation/Annotations/Images-and-Supervisely-Annotations/case_5058/img/case5058_60.png,/data/halyusuf/data/CataractData/semantic_segmentation/Annotations/Images-and-Supervisely-Annotations/case_5058/mask_anatomy_inst/case5058_60.png
268,/data/halyusuf/data/CataractData/semantic_segmentation/Annotations/Images-and-Supervisely-Annotations/case_5058/img/case5058_61.png,/data/halyusuf/data/CataractData/semantic_segmentation/Annotations/Images-and-Supervisely-Annotations/case_5058/mask_anatomy_inst/case5058_61.png
269,/data/halyusuf/data/CataractData/semantic_segmentation/Annotations/Images-and-Supervisely-Annotations/case_5058/img/case5058_62.png,/data/halyusuf/data/CataractData/semantic_segmentation/Annotations/Images-and-Supervisely-Annotations/case_5058/mask_anatomy_inst/case5058_62.png
270,/data/halyusuf/data/CataractData/semantic_segmentation/Annotations/Images-and-Supervisely-Annotations/case_5058/img/case5058_63.png,/data/halyusuf/data/CataractData/semantic_segmentation/Annotations/Images-and-Supervisely-Annotations/case_5058/mask_anatomy_inst/case5058_63.png
271,/data/halyusuf/data/CataractData/semantic_segmentation/Annotations/Images-and-Supervisely-Annotations/case_5058/img/case5058_64.png,/data/halyusuf/data/CataractData/semantic_segmentation/Annotations/Images-and-Supervisely-Annotations/case_5058/mask_anatomy_inst/case5058_64.png
272,/data/halyusuf/data/CataractData/semantic_segmentation/Annotations/Images-and-Supervisely-Annotations/case_5058/img/case5058_65.png,/data/halyusuf/data/CataractData/semantic_segmentation/Annotations/Images-and-Supervisely-Annotations/case_5058/mask_anatomy_inst/case5058_65.png
273,/data/halyusuf/data/CataractData/semantic_segmentation/Annotations/Images-and-Supervisely-Annotations/case_5058/img/case5058_66.png,/data/halyusuf/data/CataractData/semantic_segmentation/Annotations/Images-and-Supervisely-Annotations/case_5058/mask_anatomy_inst/case5058_66.png
274,/data/halyusuf/data/CataractData/semantic_segmentation/Annotations/Images-and-Supervisely-Annotations/case_5058/img/case5058_67.png,/data/halyusuf/data/CataractData/semantic_segmentation/Annotations/Images-and-Supervisely-Annotations/case_5058/mask_anatomy_inst/case5058_67.png
275,/data/halyusuf/data/CataractData/semantic_segmentation/Annotations/Images-and-Supervisely-Annotations/case_5058/img/case5058_68.png,/data/halyusuf/data/CataractData/semantic_segmentation/Annotations/Images-and-Supervisely-Annotations/case_5058/mask_anatomy_inst/case5058_68.png
276,/data/halyusuf/data/CataractData/semantic_segmentation/Annotations/Images-and-Supervisely-Annotations/case_5058/img/case5058_69.png,/data/halyusuf/data/CataractData/semantic_segmentation/Annotations/Images-and-Supervisely-Annotations/case_5058/mask_anatomy_inst/case5058_69.png
277,/data/halyusuf/data/CataractData/semantic_segmentation/Annotations/Images-and-Supervisely-Annotations/case_5058/img/case5058_70.png,/data/halyusuf/data/CataractData/semantic_segmentation/Annotations/Images-and-Supervisely-Annotations/case_5058/mask_anatomy_inst/case5058_70.png
278,/data/halyusuf/data/CataractData/semantic_segmentation/Annotations/Images-and-Supervisely-Annotations/case_5058/img/case5058_71.png,/data/halyusuf/data/CataractData/semantic_segmentation/Annotations/Images-and-Supervisely-Annotations/case_5058/mask_anatomy_inst/case5058_71.png
279,/data/halyusuf/data/CataractData/semantic_segmentation/Annotations/Images-and-Supervisely-Annotations/case_5058/img/case5058_72.png,/data/halyusuf/data/CataractData/semantic_segmentation/Annotations/Images-and-Supervisely-Annotations/case_5058/mask_anatomy_inst/case5058_72.png
280,/data/halyusuf/data/CataractData/semantic_segmentation/Annotations/Images-and-Supervisely-Annotations/case_5058/img/case5058_73.png,/data/halyusuf/data/CataractData/semantic_segmentation/Annotations/Images-and-Supervisely-Annotations/case_5058/mask_anatomy_inst/case5058_73.png
281,/data/halyusuf/data/CataractData/semantic_segmentation/Annotations/Images-and-Supervisely-Annotations/case_5058/img/case5058_74.png,/data/halyusuf/data/CataractData/semantic_segmentation/Annotations/Images-and-Supervisely-Annotations/case_5058/mask_anatomy_inst/case5058_74.png
282,/data/halyusuf/data/CataractData/semantic_segmentation/Annotations/Images-and-Supervisely-Annotations/case_5058/img/case5058_75.png,/data/halyusuf/data/CataractData/semantic_segmentation/Annotations/Images-and-Supervisely-Annotations/case_5058/mask_anatomy_inst/case5058_75.png
283,/data/halyusuf/data/CataractData/semantic_segmentation/Annotations/Images-and-Supervisely-Annotations/case_5058/img/case5058_76.png,/data/halyusuf/data/CataractData/semantic_segmentation/Annotations/Images-and-Supervisely-Annotations/case_5058/mask_anatomy_inst/case5058_76.png
284,/data/halyusuf/data/CataractData/semantic_segmentation/Annotations/Images-and-Supervisely-Annotations/case_5058/img/case5058_77.png,/data/halyusuf/data/CataractData/semantic_segmentation/Annotations/Images-and-Supervisely-Annotations/case_5058/mask_anatomy_inst/case5058_77.png
285,/data/halyusuf/data/CataractData/semantic_segmentation/Annotations/Images-and-Supervisely-Annotations/case_5058/img/case5058_78.png,/data/halyusuf/data/CataractData/semantic_segmentation/Annotations/Images-and-Supervisely-Annotations/case_5058/mask_anatomy_inst/case5058_78.png
286,/data/halyusuf/data/CataractData/semantic_segmentation/Annotations/Images-and-Supervisely-Annotations/case_5058/img/case5058_79.png,/data/halyusuf/data/CataractData/semantic_segmentation/Annotations/Images-and-Supervisely-Annotations/case_5058/mask_anatomy_inst/case5058_79.png
287,/data/halyusuf/data/CataractData/semantic_segmentation/Annotations/Images-and-Supervisely-Annotations/case_5058/img/case5058_80.png,/data/halyusuf/data/CataractData/semantic_segmentation/Annotations/Images-and-Supervisely-Annotations/case_5058/mask_anatomy_inst/case5058_80.png
288,/data/halyusuf/data/CataractData/semantic_segmentation/Annotations/Images-and-Supervisely-Annotations/case_5058/img/case5058_81.png,/data/halyusuf/data/CataractData/semantic_segmentation/Annotations/Images-and-Supervisely-Annotations/case_5058/mask_anatomy_inst/case5058_81.png
289,/data/halyusuf/data/CataractData/semantic_segmentation/Annotations/Images-and-Supervisely-Annotations/case_5063/img/case5063_01.png,/data/halyusuf/data/CataractData/semantic_segmentation/Annotations/Images-and-Supervisely-Annotations/case_5063/mask_anatomy_inst/case5063_01.png
290,/data/halyusuf/data/CataractData/semantic_segmentation/Annotations/Images-and-Supervisely-Annotations/case_5063/img/case5063_02.png,/data/halyusuf/data/CataractData/semantic_segmentation/Annotations/Images-and-Supervisely-Annotations/case_5063/mask_anatomy_inst/case5063_02.png
291,/data/halyusuf/data/CataractData/semantic_segmentation/Annotations/Images-and-Supervisely-Annotations/case_5063/img/case5063_03.png,/data/halyusuf/data/CataractData/semantic_segmentation/Annotations/Images-and-Supervisely-Annotations/case_5063/mask_anatomy_inst/case5063_03.png
292,/data/halyusuf/data/CataractData/semantic_segmentation/Annotations/Images-and-Supervisely-Annotations/case_5063/img/case5063_04.png,/data/halyusuf/data/CataractData/semantic_segmentation/Annotations/Images-and-Supervisely-Annotations/case_5063/mask_anatomy_inst/case5063_04.png
293,/data/halyusuf/data/CataractData/semantic_segmentation/Annotations/Images-and-Supervisely-Annotations/case_5063/img/case5063_05.png,/data/halyusuf/data/CataractData/semantic_segmentation/Annotations/Images-and-Supervisely-Annotations/case_5063/mask_anatomy_inst/case5063_05.png
294,/data/halyusuf/data/CataractData/semantic_segmentation/Annotations/Images-and-Supervisely-Annotations/case_5063/img/case5063_06.png,/data/halyusuf/data/CataractData/semantic_segmentation/Annotations/Images-and-Supervisely-Annotations/case_5063/mask_anatomy_inst/case5063_06.png
295,/data/halyusuf/data/CataractData/semantic_segmentation/Annotations/Images-and-Supervisely-Annotations/case_5063/img/case5063_07.png,/data/halyusuf/data/CataractData/semantic_segmentation/Annotations/Images-and-Supervisely-Annotations/case_5063/mask_anatomy_inst/case5063_07.png
296,/data/halyusuf/data/CataractData/semantic_segmentation/Annotations/Images-and-Supervisely-Annotations/case_5063/img/case5063_08.png,/data/halyusuf/data/CataractData/semantic_segmentation/Annotations/Images-and-Supervisely-Annotations/case_5063/mask_anatomy_inst/case5063_08.png
297,/data/halyusuf/data/CataractData/semantic_segmentation/Annotations/Images-and-Supervisely-Annotations/case_5063/img/case5063_09.png,/data/halyusuf/data/CataractData/semantic_segmentation/Annotations/Images-and-Supervisely-Annotations/case_5063/mask_anatomy_inst/case5063_09.png
298,/data/halyusuf/data/CataractData/semantic_segmentation/Annotations/Images-and-Supervisely-Annotations/case_5063/img/case5063_10.png,/data/halyusuf/data/CataractData/semantic_segmentation/Annotations/Images-and-Supervisely-Annotations/case_5063/mask_anatomy_inst/case5063_10.png
299,/data/halyusuf/data/CataractData/semantic_segmentation/Annotations/Images-and-Supervisely-Annotations/case_5063/img/case5063_11.png,/data/halyusuf/data/CataractData/semantic_segmentation/Annotations/Images-and-Supervisely-Annotations/case_5063/mask_anatomy_inst/case5063_11.png
300,/data/halyusuf/data/CataractData/semantic_segmentation/Annotations/Images-and-Supervisely-Annotations/case_5063/img/case5063_12.png,/data/halyusuf/data/CataractData/semantic_segmentation/Annotations/Images-and-Supervisely-Annotations/case_5063/mask_anatomy_inst/case5063_12.png
301,/data/halyusuf/data/CataractData/semantic_segmentation/Annotations/Images-and-Supervisely-Annotations/case_5063/img/case5063_13.png,/data/halyusuf/data/CataractData/semantic_segmentation/Annotations/Images-and-Supervisely-Annotations/case_5063/mask_anatomy_inst/case5063_13.png
302,/data/halyusuf/data/CataractData/semantic_segmentation/Annotations/Images-and-Supervisely-Annotations/case_5063/img/case5063_14.png,/data/halyusuf/data/CataractData/semantic_segmentation/Annotations/Images-and-Supervisely-Annotations/case_5063/mask_anatomy_inst/case5063_14.png
303,/data/halyusuf/data/CataractData/semantic_segmentation/Annotations/Images-and-Supervisely-Annotations/case_5063/img/case5063_15.png,/data/halyusuf/data/CataractData/semantic_segmentation/Annotations/Images-and-Supervisely-Annotations/case_5063/mask_anatomy_inst/case5063_15.png
304,/data/halyusuf/data/CataractData/semantic_segmentation/Annotations/Images-and-Supervisely-Annotations/case_5063/img/case5063_16.png,/data/halyusuf/data/CataractData/semantic_segmentation/Annotations/Images-and-Supervisely-Annotations/case_5063/mask_anatomy_inst/case5063_16.png
305,/data/halyusuf/data/CataractData/semantic_segmentation/Annotations/Images-and-Supervisely-Annotations/case_5063/img/case5063_17.png,/data/halyusuf/data/CataractData/semantic_segmentation/Annotations/Images-and-Supervisely-Annotations/case_5063/mask_anatomy_inst/case5063_17.png
306,/data/halyusuf/data/CataractData/semantic_segmentation/Annotations/Images-and-Supervisely-Annotations/case_5063/img/case5063_18.png,/data/halyusuf/data/CataractData/semantic_segmentation/Annotations/Images-and-Supervisely-Annotations/case_5063/mask_anatomy_inst/case5063_18.png
307,/data/halyusuf/data/CataractData/semantic_segmentation/Annotations/Images-and-Supervisely-Annotations/case_5063/img/case5063_19.png,/data/halyusuf/data/CataractData/semantic_segmentation/Annotations/Images-and-Supervisely-Annotations/case_5063/mask_anatomy_inst/case5063_19.png
308,/data/halyusuf/data/CataractData/semantic_segmentation/Annotations/Images-and-Supervisely-Annotations/case_5063/img/case5063_20.png,/data/halyusuf/data/CataractData/semantic_segmentation/Annotations/Images-and-Supervisely-Annotations/case_5063/mask_anatomy_inst/case5063_20.png
309,/data/halyusuf/data/CataractData/semantic_segmentation/Annotations/Images-and-Supervisely-Annotations/case_5063/img/case5063_21.png,/data/halyusuf/data/CataractData/semantic_segmentation/Annotations/Images-and-Supervisely-Annotations/case_5063/mask_anatomy_inst/case5063_21.png
310,/data/halyusuf/data/CataractData/semantic_segmentation/Annotations/Images-and-Supervisely-Annotations/case_5063/img/case5063_22.png,/data/halyusuf/data/CataractData/semantic_segmentation/Annotations/Images-and-Supervisely-Annotations/case_5063/mask_anatomy_inst/case5063_22.png
311,/data/halyusuf/data/CataractData/semantic_segmentation/Annotations/Images-and-Supervisely-Annotations/case_5063/img/case5063_23.png,/data/halyusuf/data/CataractData/semantic_segmentation/Annotations/Images-and-Supervisely-Annotations/case_5063/mask_anatomy_inst/case5063_23.png
312,/data/halyusuf/data/CataractData/semantic_segmentation/Annotations/Images-and-Supervisely-Annotations/case_5063/img/case5063_24.png,/data/halyusuf/data/CataractData/semantic_segmentation/Annotations/Images-and-Supervisely-Annotations/case_5063/mask_anatomy_inst/case5063_24.png
313,/data/halyusuf/data/CataractData/semantic_segmentation/Annotations/Images-and-Supervisely-Annotations/case_5063/img/case5063_25.png,/data/halyusuf/data/CataractData/semantic_segmentation/Annotations/Images-and-Supervisely-Annotations/case_5063/mask_anatomy_inst/case5063_25.png
314,/data/halyusuf/data/CataractData/semantic_segmentation/Annotations/Images-and-Supervisely-Annotations/case_5063/img/case5063_26.png,/data/halyusuf/data/CataractData/semantic_segmentation/Annotations/Images-and-Supervisely-Annotations/case_5063/mask_anatomy_inst/case5063_26.png
315,/data/halyusuf/data/CataractData/semantic_segmentation/Annotations/Images-and-Supervisely-Annotations/case_5063/img/case5063_27.png,/data/halyusuf/data/CataractData/semantic_segmentation/Annotations/Images-and-Supervisely-Annotations/case_5063/mask_anatomy_inst/case5063_27.png
316,/data/halyusuf/data/CataractData/semantic_segmentation/Annotations/Images-and-Supervisely-Annotations/case_5063/img/case5063_28.png,/data/halyusuf/data/CataractData/semantic_segmentation/Annotations/Images-and-Supervisely-Annotations/case_5063/mask_anatomy_inst/case5063_28.png
317,/data/halyusuf/data/CataractData/semantic_segmentation/Annotations/Images-and-Supervisely-Annotations/case_5063/img/case5063_29.png,/data/halyusuf/data/CataractData/semantic_segmentation/Annotations/Images-and-Supervisely-Annotations/case_5063/mask_anatomy_inst/case5063_29.png
318,/data/halyusuf/data/CataractData/semantic_segmentation/Annotations/Images-and-Supervisely-Annotations/case_5063/img/case5063_30.png,/data/halyusuf/data/CataractData/semantic_segmentation/Annotations/Images-and-Supervisely-Annotations/case_5063/mask_anatomy_inst/case5063_30.png
319,/data/halyusuf/data/CataractData/semantic_segmentation/Annotations/Images-and-Supervisely-Annotations/case_5063/img/case5063_31.png,/data/halyusuf/data/CataractData/semantic_segmentation/Annotations/Images-and-Supervisely-Annotations/case_5063/mask_anatomy_inst/case5063_31.png
320,/data/halyusuf/data/CataractData/semantic_segmentation/Annotations/Images-and-Supervisely-Annotations/case_5063/img/case5063_32.png,/data/halyusuf/data/CataractData/semantic_segmentation/Annotations/Images-and-Supervisely-Annotations/case_5063/mask_anatomy_inst/case5063_32.png
321,/data/halyusuf/data/CataractData/semantic_segmentation/Annotations/Images-and-Supervisely-Annotations/case_5063/img/case5063_33.png,/data/halyusuf/data/CataractData/semantic_segmentation/Annotations/Images-and-Supervisely-Annotations/case_5063/mask_anatomy_inst/case5063_33.png
322,/data/halyusuf/data/CataractData/semantic_segmentation/Annotations/Images-and-Supervisely-Annotations/case_5063/img/case5063_34.png,/data/halyusuf/data/CataractData/semantic_segmentation/Annotations/Images-and-Supervisely-Annotations/case_5063/mask_anatomy_inst/case5063_34.png
323,/data/halyusuf/data/CataractData/semantic_segmentation/Annotations/Images-and-Supervisely-Annotations/case_5063/img/case5063_35.png,/data/halyusuf/data/CataractData/semantic_segmentation/Annotations/Images-and-Supervisely-Annotations/case_5063/mask_anatomy_inst/case5063_35.png
324,/data/halyusuf/data/CataractData/semantic_segmentation/Annotations/Images-and-Supervisely-Annotations/case_5063/img/case5063_36.png,/data/halyusuf/data/CataractData/semantic_segmentation/Annotations/Images-and-Supervisely-Annotations/case_5063/mask_anatomy_inst/case5063_36.png
325,/data/halyusuf/data/CataractData/semantic_segmentation/Annotations/Images-and-Supervisely-Annotations/case_5063/img/case5063_37.png,/data/halyusuf/data/CataractData/semantic_segmentation/Annotations/Images-and-Supervisely-Annotations/case_5063/mask_anatomy_inst/case5063_37.png
326,/data/halyusuf/data/CataractData/semantic_segmentation/Annotations/Images-and-Supervisely-Annotations/case_5063/img/case5063_38.png,/data/halyusuf/data/CataractData/semantic_segmentation/Annotations/Images-and-Supervisely-Annotations/case_5063/mask_anatomy_inst/case5063_38.png
327,/data/halyusuf/data/CataractData/semantic_segmentation/Annotations/Images-and-Supervisely-Annotations/case_5063/img/case5063_39.png,/data/halyusuf/data/CataractData/semantic_segmentation/Annotations/Images-and-Supervisely-Annotations/case_5063/mask_anatomy_inst/case5063_39.png
328,/data/halyusuf/data/CataractData/semantic_segmentation/Annotations/Images-and-Supervisely-Annotations/case_5063/img/case5063_40.png,/data/halyusuf/data/CataractData/semantic_segmentation/Annotations/Images-and-Supervisely-Annotations/case_5063/mask_anatomy_inst/case5063_40.png
329,/data/halyusuf/data/CataractData/semantic_segmentation/Annotations/Images-and-Supervisely-Annotations/case_5063/img/case5063_41.png,/data/halyusuf/data/CataractData/semantic_segmentation/Annotations/Images-and-Supervisely-Annotations/case_5063/mask_anatomy_inst/case5063_41.png
330,/data/halyusuf/data/CataractData/semantic_segmentation/Annotations/Images-and-Supervisely-Annotations/case_5063/img/case5063_42.png,/data/halyusuf/data/CataractData/semantic_segmentation/Annotations/Images-and-Supervisely-Annotations/case_5063/mask_anatomy_inst/case5063_42.png
331,/data/halyusuf/data/CataractData/semantic_segmentation/Annotations/Images-and-Supervisely-Annotations/case_5063/img/case5063_43.png,/data/halyusuf/data/CataractData/semantic_segmentation/Annotations/Images-and-Supervisely-Annotations/case_5063/mask_anatomy_inst/case5063_43.png
332,/data/halyusuf/data/CataractData/semantic_segmentation/Annotations/Images-and-Supervisely-Annotations/case_5063/img/case5063_44.png,/data/halyusuf/data/CataractData/semantic_segmentation/Annotations/Images-and-Supervisely-Annotations/case_5063/mask_anatomy_inst/case5063_44.png
333,/data/halyusuf/data/CataractData/semantic_segmentation/Annotations/Images-and-Supervisely-Annotations/case_5063/img/case5063_45.png,/data/halyusuf/data/CataractData/semantic_segmentation/Annotations/Images-and-Supervisely-Annotations/case_5063/mask_anatomy_inst/case5063_45.png
334,/data/halyusuf/data/CataractData/semantic_segmentation/Annotations/Images-and-Supervisely-Annotations/case_5063/img/case5063_46.png,/data/halyusuf/data/CataractData/semantic_segmentation/Annotations/Images-and-Supervisely-Annotations/case_5063/mask_anatomy_inst/case5063_46.png
335,/data/halyusuf/data/CataractData/semantic_segmentation/Annotations/Images-and-Supervisely-Annotations/case_5063/img/case5063_47.png,/data/halyusuf/data/CataractData/semantic_segmentation/Annotations/Images-and-Supervisely-Annotations/case_5063/mask_anatomy_inst/case5063_47.png
336,/data/halyusuf/data/CataractData/semantic_segmentation/Annotations/Images-and-Supervisely-Annotations/case_5063/img/case5063_48.png,/data/halyusuf/data/CataractData/semantic_segmentation/Annotations/Images-and-Supervisely-Annotations/case_5063/mask_anatomy_inst/case5063_48.png
337,/data/halyusuf/data/CataractData/semantic_segmentation/Annotations/Images-and-Supervisely-Annotations/case_5063/img/case5063_49.png,/data/halyusuf/data/CataractData/semantic_segmentation/Annotations/Images-and-Supervisely-Annotations/case_5063/mask_anatomy_inst/case5063_49.png
338,/data/halyusuf/data/CataractData/semantic_segmentation/Annotations/Images-and-Supervisely-Annotations/case_5063/img/case5063_50.png,/data/halyusuf/data/CataractData/semantic_segmentation/Annotations/Images-and-Supervisely-Annotations/case_5063/mask_anatomy_inst/case5063_50.png
339,/data/halyusuf/data/CataractData/semantic_segmentation/Annotations/Images-and-Supervisely-Annotations/case_5063/img/case5063_51.png,/data/halyusuf/data/CataractData/semantic_segmentation/Annotations/Images-and-Supervisely-Annotations/case_5063/mask_anatomy_inst/case5063_51.png
340,/data/halyusuf/data/CataractData/semantic_segmentation/Annotations/Images-and-Supervisely-Annotations/case_5063/img/case5063_52.png,/data/halyusuf/data/CataractData/semantic_segmentation/Annotations/Images-and-Supervisely-Annotations/case_5063/mask_anatomy_inst/case5063_52.png
341,/data/halyusuf/data/CataractData/semantic_segmentation/Annotations/Images-and-Supervisely-Annotations/case_5063/img/case5063_53.png,/data/halyusuf/data/CataractData/semantic_segmentation/Annotations/Images-and-Supervisely-Annotations/case_5063/mask_anatomy_inst/case5063_53.png
342,/data/halyusuf/data/CataractData/semantic_segmentation/Annotations/Images-and-Supervisely-Annotations/case_5063/img/case5063_54.png,/data/halyusuf/data/CataractData/semantic_segmentation/Annotations/Images-and-Supervisely-Annotations/case_5063/mask_anatomy_inst/case5063_54.png
343,/data/halyusuf/data/CataractData/semantic_segmentation/Annotations/Images-and-Supervisely-Annotations/case_5063/img/case5063_55.png,/data/halyusuf/data/CataractData/semantic_segmentation/Annotations/Images-and-Supervisely-Annotations/case_5063/mask_anatomy_inst/case5063_55.png
344,/data/halyusuf/data/CataractData/semantic_segmentation/Annotations/Images-and-Supervisely-Annotations/case_5063/img/case5063_56.png,/data/halyusuf/data/CataractData/semantic_segmentation/Annotations/Images-and-Supervisely-Annotations/case_5063/mask_anatomy_inst/case5063_56.png
345,/data/halyusuf/data/CataractData/semantic_segmentation/Annotations/Images-and-Supervisely-Annotations/case_5063/img/case5063_57.png,/data/halyusuf/data/CataractData/semantic_segmentation/Annotations/Images-and-Supervisely-Annotations/case_5063/mask_anatomy_inst/case5063_57.png
346,/data/halyusuf/data/CataractData/semantic_segmentation/Annotations/Images-and-Supervisely-Annotations/case_5063/img/case5063_58.png,/data/halyusuf/data/CataractData/semantic_segmentation/Annotations/Images-and-Supervisely-Annotations/case_5063/mask_anatomy_inst/case5063_58.png
347,/data/halyusuf/data/CataractData/semantic_segmentation/Annotations/Images-and-Supervisely-Annotations/case_5063/img/case5063_59.png,/data/halyusuf/data/CataractData/semantic_segmentation/Annotations/Images-and-Supervisely-Annotations/case_5063/mask_anatomy_inst/case5063_59.png
348,/data/halyusuf/data/CataractData/semantic_segmentation/Annotations/Images-and-Supervisely-Annotations/case_5063/img/case5063_60.png,/data/halyusuf/data/CataractData/semantic_segmentation/Annotations/Images-and-Supervisely-Annotations/case_5063/mask_anatomy_inst/case5063_60.png
349,/data/halyusuf/data/CataractData/semantic_segmentation/Annotations/Images-and-Supervisely-Annotations/case_5063/img/case5063_61.png,/data/halyusuf/data/CataractData/semantic_segmentation/Annotations/Images-and-Supervisely-Annotations/case_5063/mask_anatomy_inst/case5063_61.png
350,/data/halyusuf/data/CataractData/semantic_segmentation/Annotations/Images-and-Supervisely-Annotations/case_5063/img/case5063_62.png,/data/halyusuf/data/CataractData/semantic_segmentation/Annotations/Images-and-Supervisely-Annotations/case_5063/mask_anatomy_inst/case5063_62.png
351,/data/halyusuf/data/CataractData/semantic_segmentation/Annotations/Images-and-Supervisely-Annotations/case_5063/img/case5063_63.png,/data/halyusuf/data/CataractData/semantic_segmentation/Annotations/Images-and-Supervisely-Annotations/case_5063/mask_anatomy_inst/case5063_63.png
352,/data/halyusuf/data/CataractData/semantic_segmentation/Annotations/Images-and-Supervisely-Annotations/case_5063/img/case5063_64.png,/data/halyusuf/data/CataractData/semantic_segmentation/Annotations/Images-and-Supervisely-Annotations/case_5063/mask_anatomy_inst/case5063_64.png
353,/data/halyusuf/data/CataractData/semantic_segmentation/Annotations/Images-and-Supervisely-Annotations/case_5063/img/case5063_65.png,/data/halyusuf/data/CataractData/semantic_segmentation/Annotations/Images-and-Supervisely-Annotations/case_5063/mask_anatomy_inst/case5063_65.png
354,/data/halyusuf/data/CataractData/semantic_segmentation/Annotations/Images-and-Supervisely-Annotations/case_5063/img/case5063_66.png,/data/halyusuf/data/CataractData/semantic_segmentation/Annotations/Images-and-Supervisely-Annotations/case_5063/mask_anatomy_inst/case5063_66.png
355,/data/halyusuf/data/CataractData/semantic_segmentation/Annotations/Images-and-Supervisely-Annotations/case_5063/img/case5063_67.png,/data/halyusuf/data/CataractData/semantic_segmentation/Annotations/Images-and-Supervisely-Annotations/case_5063/mask_anatomy_inst/case5063_67.png
356,/data/halyusuf/data/CataractData/semantic_segmentation/Annotations/Images-and-Supervisely-Annotations/case_5063/img/case5063_68.png,/data/halyusuf/data/CataractData/semantic_segmentation/Annotations/Images-and-Supervisely-Annotations/case_5063/mask_anatomy_inst/case5063_68.png
357,/data/halyusuf/data/CataractData/semantic_segmentation/Annotations/Images-and-Supervisely-Annotations/case_5063/img/case5063_69.png,/data/halyusuf/data/CataractData/semantic_segmentation/Annotations/Images-and-Supervisely-Annotations/case_5063/mask_anatomy_inst/case5063_69.png
358,/data/halyusuf/data/CataractData/semantic_segmentation/Annotations/Images-and-Supervisely-Annotations/case_5063/img/case5063_70.png,/data/halyusuf/data/CataractData/semantic_segmentation/Annotations/Images-and-Supervisely-Annotations/case_5063/mask_anatomy_inst/case5063_70.png
359,/data/halyusuf/data/CataractData/semantic_segmentation/Annotations/Images-and-Supervisely-Annotations/case_5063/img/case5063_71.png,/data/halyusuf/data/CataractData/semantic_segmentation/Annotations/Images-and-Supervisely-Annotations/case_5063/mask_anatomy_inst/case5063_71.png
360,/data/halyusuf/data/CataractData/semantic_segmentation/Annotations/Images-and-Supervisely-Annotations/case_5063/img/case5063_72.png,/data/halyusuf/data/CataractData/semantic_segmentation/Annotations/Images-and-Supervisely-Annotations/case_5063/mask_anatomy_inst/case5063_72.png
361,/data/halyusuf/data/CataractData/semantic_segmentation/Annotations/Images-and-Supervisely-Annotations/case_5063/img/case5063_73.png,/data/halyusuf/data/CataractData/semantic_segmentation/Annotations/Images-and-Supervisely-Annotations/case_5063/mask_anatomy_inst/case5063_73.png
362,/data/halyusuf/data/CataractData/semantic_segmentation/Annotations/Images-and-Supervisely-Annotations/case_5063/img/case5063_74.png,/data/halyusuf/data/CataractData/semantic_segmentation/Annotations/Images-and-Supervisely-Annotations/case_5063/mask_anatomy_inst/case5063_74.png
363,/data/halyusuf/data/CataractData/semantic_segmentation/Annotations/Images-and-Supervisely-Annotations/case_5063/img/case5063_75.png,/data/halyusuf/data/CataractData/semantic_segmentation/Annotations/Images-and-Supervisely-Annotations/case_5063/mask_anatomy_inst/case5063_75.png
364,/data/halyusuf/data/CataractData/semantic_segmentation/Annotations/Images-and-Supervisely-Annotations/case_5063/img/case5063_76.png,/data/halyusuf/data/CataractData/semantic_segmentation/Annotations/Images-and-Supervisely-Annotations/case_5063/mask_anatomy_inst/case5063_76.png
365,/data/halyusuf/data/CataractData/semantic_segmentation/Annotations/Images-and-Supervisely-Annotations/case_5072/img/case5072_01.png,/data/halyusuf/data/CataractData/semantic_segmentation/Annotations/Images-and-Supervisely-Annotations/case_5072/mask_anatomy_inst/case5072_01.png
366,/data/halyusuf/data/CataractData/semantic_segmentation/Annotations/Images-and-Supervisely-Annotations/case_5072/img/case5072_02.png,/data/halyusuf/data/CataractData/semantic_segmentation/Annotations/Images-and-Supervisely-Annotations/case_5072/mask_anatomy_inst/case5072_02.png
367,/data/halyusuf/data/CataractData/semantic_segmentation/Annotations/Images-and-Supervisely-Annotations/case_5072/img/case5072_03.png,/data/halyusuf/data/CataractData/semantic_segmentation/Annotations/Images-and-Supervisely-Annotations/case_5072/mask_anatomy_inst/case5072_03.png
368,/data/halyusuf/data/CataractData/semantic_segmentation/Annotations/Images-and-Supervisely-Annotations/case_5072/img/case5072_04.png,/data/halyusuf/data/CataractData/semantic_segmentation/Annotations/Images-and-Supervisely-Annotations/case_5072/mask_anatomy_inst/case5072_04.png
369,/data/halyusuf/data/CataractData/semantic_segmentation/Annotations/Images-and-Supervisely-Annotations/case_5072/img/case5072_05.png,/data/halyusuf/data/CataractData/semantic_segmentation/Annotations/Images-and-Supervisely-Annotations/case_5072/mask_anatomy_inst/case5072_05.png
370,/data/halyusuf/data/CataractData/semantic_segmentation/Annotations/Images-and-Supervisely-Annotations/case_5072/img/case5072_06.png,/data/halyusuf/data/CataractData/semantic_segmentation/Annotations/Images-and-Supervisely-Annotations/case_5072/mask_anatomy_inst/case5072_06.png
371,/data/halyusuf/data/CataractData/semantic_segmentation/Annotations/Images-and-Supervisely-Annotations/case_5072/img/case5072_07.png,/data/halyusuf/data/CataractData/semantic_segmentation/Annotations/Images-and-Supervisely-Annotations/case_5072/mask_anatomy_inst/case5072_07.png
372,/data/halyusuf/data/CataractData/semantic_segmentation/Annotations/Images-and-Supervisely-Annotations/case_5072/img/case5072_08.png,/data/halyusuf/data/CataractData/semantic_segmentation/Annotations/Images-and-Supervisely-Annotations/case_5072/mask_anatomy_inst/case5072_08.png
373,/data/halyusuf/data/CataractData/semantic_segmentation/Annotations/Images-and-Supervisely-Annotations/case_5072/img/case5072_09.png,/data/halyusuf/data/CataractData/semantic_segmentation/Annotations/Images-and-Supervisely-Annotations/case_5072/mask_anatomy_inst/case5072_09.png
374,/data/halyusuf/data/CataractData/semantic_segmentation/Annotations/Images-and-Supervisely-Annotations/case_5072/img/case5072_10.png,/data/halyusuf/data/CataractData/semantic_segmentation/Annotations/Images-and-Supervisely-Annotations/case_5072/mask_anatomy_inst/case5072_10.png
375,/data/halyusuf/data/CataractData/semantic_segmentation/Annotations/Images-and-Supervisely-Annotations/case_5072/img/case5072_11.png,/data/halyusuf/data/CataractData/semantic_segmentation/Annotations/Images-and-Supervisely-Annotations/case_5072/mask_anatomy_inst/case5072_11.png
376,/data/halyusuf/data/CataractData/semantic_segmentation/Annotations/Images-and-Supervisely-Annotations/case_5072/img/case5072_12.png,/data/halyusuf/data/CataractData/semantic_segmentation/Annotations/Images-and-Supervisely-Annotations/case_5072/mask_anatomy_inst/case5072_12.png
377,/data/halyusuf/data/CataractData/semantic_segmentation/Annotations/Images-and-Supervisely-Annotations/case_5072/img/case5072_13.png,/data/halyusuf/data/CataractData/semantic_segmentation/Annotations/Images-and-Supervisely-Annotations/case_5072/mask_anatomy_inst/case5072_13.png
378,/data/halyusuf/data/CataractData/semantic_segmentation/Annotations/Images-and-Supervisely-Annotations/case_5072/img/case5072_14.png,/data/halyusuf/data/CataractData/semantic_segmentation/Annotations/Images-and-Supervisely-Annotations/case_5072/mask_anatomy_inst/case5072_14.png
379,/data/halyusuf/data/CataractData/semantic_segmentation/Annotations/Images-and-Supervisely-Annotations/case_5072/img/case5072_15.png,/data/halyusuf/data/CataractData/semantic_segmentation/Annotations/Images-and-Supervisely-Annotations/case_5072/mask_anatomy_inst/case5072_15.png
380,/data/halyusuf/data/CataractData/semantic_segmentation/Annotations/Images-and-Supervisely-Annotations/case_5072/img/case5072_16.png,/data/halyusuf/data/CataractData/semantic_segmentation/Annotations/Images-and-Supervisely-Annotations/case_5072/mask_anatomy_inst/case5072_16.png
381,/data/halyusuf/data/CataractData/semantic_segmentation/Annotations/Images-and-Supervisely-Annotations/case_5072/img/case5072_17.png,/data/halyusuf/data/CataractData/semantic_segmentation/Annotations/Images-and-Supervisely-Annotations/case_5072/mask_anatomy_inst/case5072_17.png
382,/data/halyusuf/data/CataractData/semantic_segmentation/Annotations/Images-and-Supervisely-Annotations/case_5072/img/case5072_18.png,/data/halyusuf/data/CataractData/semantic_segmentation/Annotations/Images-and-Supervisely-Annotations/case_5072/mask_anatomy_inst/case5072_18.png
383,/data/halyusuf/data/CataractData/semantic_segmentation/Annotations/Images-and-Supervisely-Annotations/case_5072/img/case5072_19.png,/data/halyusuf/data/CataractData/semantic_segmentation/Annotations/Images-and-Supervisely-Annotations/case_5072/mask_anatomy_inst/case5072_19.png
384,/data/halyusuf/data/CataractData/semantic_segmentation/Annotations/Images-and-Supervisely-Annotations/case_5072/img/case5072_20.png,/data/halyusuf/data/CataractData/semantic_segmentation/Annotations/Images-and-Supervisely-Annotations/case_5072/mask_anatomy_inst/case5072_20.png
385,/data/halyusuf/data/CataractData/semantic_segmentation/Annotations/Images-and-Supervisely-Annotations/case_5072/img/case5072_21.png,/data/halyusuf/data/CataractData/semantic_segmentation/Annotations/Images-and-Supervisely-Annotations/case_5072/mask_anatomy_inst/case5072_21.png
386,/data/halyusuf/data/CataractData/semantic_segmentation/Annotations/Images-and-Supervisely-Annotations/case_5072/img/case5072_22.png,/data/halyusuf/data/CataractData/semantic_segmentation/Annotations/Images-and-Supervisely-Annotations/case_5072/mask_anatomy_inst/case5072_22.png
387,/data/halyusuf/data/CataractData/semantic_segmentation/Annotations/Images-and-Supervisely-Annotations/case_5072/img/case5072_23.png,/data/halyusuf/data/CataractData/semantic_segmentation/Annotations/Images-and-Supervisely-Annotations/case_5072/mask_anatomy_inst/case5072_23.png
388,/data/halyusuf/data/CataractData/semantic_segmentation/Annotations/Images-and-Supervisely-Annotations/case_5072/img/case5072_24.png,/data/halyusuf/data/CataractData/semantic_segmentation/Annotations/Images-and-Supervisely-Annotations/case_5072/mask_anatomy_inst/case5072_24.png
389,/data/halyusuf/data/CataractData/semantic_segmentation/Annotations/Images-and-Supervisely-Annotations/case_5072/img/case5072_25.png,/data/halyusuf/data/CataractData/semantic_segmentation/Annotations/Images-and-Supervisely-Annotations/case_5072/mask_anatomy_inst/case5072_25.png
390,/data/halyusuf/data/CataractData/semantic_segmentation/Annotations/Images-and-Supervisely-Annotations/case_5072/img/case5072_26.png,/data/halyusuf/data/CataractData/semantic_segmentation/Annotations/Images-and-Supervisely-Annotations/case_5072/mask_anatomy_inst/case5072_26.png
391,/data/halyusuf/data/CataractData/semantic_segmentation/Annotations/Images-and-Supervisely-Annotations/case_5072/img/case5072_27.png,/data/halyusuf/data/CataractData/semantic_segmentation/Annotations/Images-and-Supervisely-Annotations/case_5072/mask_anatomy_inst/case5072_27.png
392,/data/halyusuf/data/CataractData/semantic_segmentation/Annotations/Images-and-Supervisely-Annotations/case_5072/img/case5072_28.png,/data/halyusuf/data/CataractData/semantic_segmentation/Annotations/Images-and-Supervisely-Annotations/case_5072/mask_anatomy_inst/case5072_28.png
393,/data/halyusuf/data/CataractData/semantic_segmentation/Annotations/Images-and-Supervisely-Annotations/case_5072/img/case5072_29.png,/data/halyusuf/data/CataractData/semantic_segmentation/Annotations/Images-and-Supervisely-Annotations/case_5072/mask_anatomy_inst/case5072_29.png
394,/data/halyusuf/data/CataractData/semantic_segmentation/Annotations/Images-and-Supervisely-Annotations/case_5072/img/case5072_30.png,/data/halyusuf/data/CataractData/semantic_segmentation/Annotations/Images-and-Supervisely-Annotations/case_5072/mask_anatomy_inst/case5072_30.png
395,/data/halyusuf/data/CataractData/semantic_segmentation/Annotations/Images-and-Supervisely-Annotations/case_5072/img/case5072_31.png,/data/halyusuf/data/CataractData/semantic_segmentation/Annotations/Images-and-Supervisely-Annotations/case_5072/mask_anatomy_inst/case5072_31.png
396,/data/halyusuf/data/CataractData/semantic_segmentation/Annotations/Images-and-Supervisely-Annotations/case_5072/img/case5072_32.png,/data/halyusuf/data/CataractData/semantic_segmentation/Annotations/Images-and-Supervisely-Annotations/case_5072/mask_anatomy_inst/case5072_32.png
397,/data/halyusuf/data/CataractData/semantic_segmentation/Annotations/Images-and-Supervisely-Annotations/case_5072/img/case5072_33.png,/data/halyusuf/data/CataractData/semantic_segmentation/Annotations/Images-and-Supervisely-Annotations/case_5072/mask_anatomy_inst/case5072_33.png
398,/data/halyusuf/data/CataractData/semantic_segmentation/Annotations/Images-and-Supervisely-Annotations/case_5072/img/case5072_34.png,/data/halyusuf/data/CataractData/semantic_segmentation/Annotations/Images-and-Supervisely-Annotations/case_5072/mask_anatomy_inst/case5072_34.png
399,/data/halyusuf/data/CataractData/semantic_segmentation/Annotations/Images-and-Supervisely-Annotations/case_5072/img/case5072_35.png,/data/halyusuf/data/CataractData/semantic_segmentation/Annotations/Images-and-Supervisely-Annotations/case_5072/mask_anatomy_inst/case5072_35.png
400,/data/halyusuf/data/CataractData/semantic_segmentation/Annotations/Images-and-Supervisely-Annotations/case_5072/img/case5072_36.png,/data/halyusuf/data/CataractData/semantic_segmentation/Annotations/Images-and-Supervisely-Annotations/case_5072/mask_anatomy_inst/case5072_36.png
401,/data/halyusuf/data/CataractData/semantic_segmentation/Annotations/Images-and-Supervisely-Annotations/case_5072/img/case5072_37.png,/data/halyusuf/data/CataractData/semantic_segmentation/Annotations/Images-and-Supervisely-Annotations/case_5072/mask_anatomy_inst/case5072_37.png
402,/data/halyusuf/data/CataractData/semantic_segmentation/Annotations/Images-and-Supervisely-Annotations/case_5072/img/case5072_38.png,/data/halyusuf/data/CataractData/semantic_segmentation/Annotations/Images-and-Supervisely-Annotations/case_5072/mask_anatomy_inst/case5072_38.png
403,/data/halyusuf/data/CataractData/semantic_segmentation/Annotations/Images-and-Supervisely-Annotations/case_5072/img/case5072_39.png,/data/halyusuf/data/CataractData/semantic_segmentation/Annotations/Images-and-Supervisely-Annotations/case_5072/mask_anatomy_inst/case5072_39.png
404,/data/halyusuf/data/CataractData/semantic_segmentation/Annotations/Images-and-Supervisely-Annotations/case_5072/img/case5072_40.png,/data/halyusuf/data/CataractData/semantic_segmentation/Annotations/Images-and-Supervisely-Annotations/case_5072/mask_anatomy_inst/case5072_40.png
405,/data/halyusuf/data/CataractData/semantic_segmentation/Annotations/Images-and-Supervisely-Annotations/case_5072/img/case5072_41.png,/data/halyusuf/data/CataractData/semantic_segmentation/Annotations/Images-and-Supervisely-Annotations/case_5072/mask_anatomy_inst/case5072_41.png
406,/data/halyusuf/data/CataractData/semantic_segmentation/Annotations/Images-and-Supervisely-Annotations/case_5072/img/case5072_42.png,/data/halyusuf/data/CataractData/semantic_segmentation/Annotations/Images-and-Supervisely-Annotations/case_5072/mask_anatomy_inst/case5072_42.png
407,/data/halyusuf/data/CataractData/semantic_segmentation/Annotations/Images-and-Supervisely-Annotations/case_5072/img/case5072_43.png,/data/halyusuf/data/CataractData/semantic_segmentation/Annotations/Images-and-Supervisely-Annotations/case_5072/mask_anatomy_inst/case5072_43.png
408,/data/halyusuf/data/CataractData/semantic_segmentation/Annotations/Images-and-Supervisely-Annotations/case_5072/img/case5072_44.png,/data/halyusuf/data/CataractData/semantic_segmentation/Annotations/Images-and-Supervisely-Annotations/case_5072/mask_anatomy_inst/case5072_44.png
409,/data/halyusuf/data/CataractData/semantic_segmentation/Annotations/Images-and-Supervisely-Annotations/case_5072/img/case5072_45.png,/data/halyusuf/data/CataractData/semantic_segmentation/Annotations/Images-and-Supervisely-Annotations/case_5072/mask_anatomy_inst/case5072_45.png
410,/data/halyusuf/data/CataractData/semantic_segmentation/Annotations/Images-and-Supervisely-Annotations/case_5072/img/case5072_46.png,/data/halyusuf/data/CataractData/semantic_segmentation/Annotations/Images-and-Supervisely-Annotations/case_5072/mask_anatomy_inst/case5072_46.png
411,/data/halyusuf/data/CataractData/semantic_segmentation/Annotations/Images-and-Supervisely-Annotations/case_5072/img/case5072_47.png,/data/halyusuf/data/CataractData/semantic_segmentation/Annotations/Images-and-Supervisely-Annotations/case_5072/mask_anatomy_inst/case5072_47.png
412,/data/halyusuf/data/CataractData/semantic_segmentation/Annotations/Images-and-Supervisely-Annotations/case_5072/img/case5072_48.png,/data/halyusuf/data/CataractData/semantic_segmentation/Annotations/Images-and-Supervisely-Annotations/case_5072/mask_anatomy_inst/case5072_48.png
413,/data/halyusuf/data/CataractData/semantic_segmentation/Annotations/Images-and-Supervisely-Annotations/case_5072/img/case5072_49.png,/data/halyusuf/data/CataractData/semantic_segmentation/Annotations/Images-and-Supervisely-Annotations/case_5072/mask_anatomy_inst/case5072_49.png
414,/data/halyusuf/data/CataractData/semantic_segmentation/Annotations/Images-and-Supervisely-Annotations/case_5072/img/case5072_50.png,/data/halyusuf/data/CataractData/semantic_segmentation/Annotations/Images-and-Supervisely-Annotations/case_5072/mask_anatomy_inst/case5072_50.png
415,/data/halyusuf/data/CataractData/semantic_segmentation/Annotations/Images-and-Supervisely-Annotations/case_5072/img/case5072_51.png,/data/halyusuf/data/CataractData/semantic_segmentation/Annotations/Images-and-Supervisely-Annotations/case_5072/mask_anatomy_inst/case5072_51.png
416,/data/halyusuf/data/CataractData/semantic_segmentation/Annotations/Images-and-Supervisely-Annotations/case_5072/img/case5072_52.png,/data/halyusuf/data/CataractData/semantic_segmentation/Annotations/Images-and-Supervisely-Annotations/case_5072/mask_anatomy_inst/case5072_52.png
417,/data/halyusuf/data/CataractData/semantic_segmentation/Annotations/Images-and-Supervisely-Annotations/case_5072/img/case5072_53.png,/data/halyusuf/data/CataractData/semantic_segmentation/Annotations/Images-and-Supervisely-Annotations/case_5072/mask_anatomy_inst/case5072_53.png
418,/data/halyusuf/data/CataractData/semantic_segmentation/Annotations/Images-and-Supervisely-Annotations/case_5072/img/case5072_54.png,/data/halyusuf/data/CataractData/semantic_segmentation/Annotations/Images-and-Supervisely-Annotations/case_5072/mask_anatomy_inst/case5072_54.png
419,/data/halyusuf/data/CataractData/semantic_segmentation/Annotations/Images-and-Supervisely-Annotations/case_5072/img/case5072_55.png,/data/halyusuf/data/CataractData/semantic_segmentation/Annotations/Images-and-Supervisely-Annotations/case_5072/mask_anatomy_inst/case5072_55.png
420,/data/halyusuf/data/CataractData/semantic_segmentation/Annotations/Images-and-Supervisely-Annotations/case_5072/img/case5072_56.png,/data/halyusuf/data/CataractData/semantic_segmentation/Annotations/Images-and-Supervisely-Annotations/case_5072/mask_anatomy_inst/case5072_56.png
421,/data/halyusuf/data/CataractData/semantic_segmentation/Annotations/Images-and-Supervisely-Annotations/case_5072/img/case5072_57.png,/data/halyusuf/data/CataractData/semantic_segmentation/Annotations/Images-and-Supervisely-Annotations/case_5072/mask_anatomy_inst/case5072_57.png
422,/data/halyusuf/data/CataractData/semantic_segmentation/Annotations/Images-and-Supervisely-Annotations/case_5072/img/case5072_58.png,/data/halyusuf/data/CataractData/semantic_segmentation/Annotations/Images-and-Supervisely-Annotations/case_5072/mask_anatomy_inst/case5072_58.png
423,/data/halyusuf/data/CataractData/semantic_segmentation/Annotations/Images-and-Supervisely-Annotations/case_5072/img/case5072_59.png,/data/halyusuf/data/CataractData/semantic_segmentation/Annotations/Images-and-Supervisely-Annotations/case_5072/mask_anatomy_inst/case5072_59.png
424,/data/halyusuf/data/CataractData/semantic_segmentation/Annotations/Images-and-Supervisely-Annotations/case_5072/img/case5072_60.png,/data/halyusuf/data/CataractData/semantic_segmentation/Annotations/Images-and-Supervisely-Annotations/case_5072/mask_anatomy_inst/case5072_60.png
425,/data/halyusuf/data/CataractData/semantic_segmentation/Annotations/Images-and-Supervisely-Annotations/case_5072/img/case5072_61.png,/data/halyusuf/data/CataractData/semantic_segmentation/Annotations/Images-and-Supervisely-Annotations/case_5072/mask_anatomy_inst/case5072_61.png
426,/data/halyusuf/data/CataractData/semantic_segmentation/Annotations/Images-and-Supervisely-Annotations/case_5072/img/case5072_62.png,/data/halyusuf/data/CataractData/semantic_segmentation/Annotations/Images-and-Supervisely-Annotations/case_5072/mask_anatomy_inst/case5072_62.png
427,/data/halyusuf/data/CataractData/semantic_segmentation/Annotations/Images-and-Supervisely-Annotations/case_5072/img/case5072_63.png,/data/halyusuf/data/CataractData/semantic_segmentation/Annotations/Images-and-Supervisely-Annotations/case_5072/mask_anatomy_inst/case5072_63.png
428,/data/halyusuf/data/CataractData/semantic_segmentation/Annotations/Images-and-Supervisely-Annotations/case_5072/img/case5072_64.png,/data/halyusuf/data/CataractData/semantic_segmentation/Annotations/Images-and-Supervisely-Annotations/case_5072/mask_anatomy_inst/case5072_64.png
429,/data/halyusuf/data/CataractData/semantic_segmentation/Annotations/Images-and-Supervisely-Annotations/case_5072/img/case5072_65.png,/data/halyusuf/data/CataractData/semantic_segmentation/Annotations/Images-and-Supervisely-Annotations/case_5072/mask_anatomy_inst/case5072_65.png
430,/data/halyusuf/data/CataractData/semantic_segmentation/Annotations/Images-and-Supervisely-Annotations/case_5072/img/case5072_66.png,/data/halyusuf/data/CataractData/semantic_segmentation/Annotations/Images-and-Supervisely-Annotations/case_5072/mask_anatomy_inst/case5072_66.png
431,/data/halyusuf/data/CataractData/semantic_segmentation/Annotations/Images-and-Supervisely-Annotations/case_5072/img/case5072_67.png,/data/halyusuf/data/CataractData/semantic_segmentation/Annotations/Images-and-Supervisely-Annotations/case_5072/mask_anatomy_inst/case5072_67.png
432,/data/halyusuf/data/CataractData/semantic_segmentation/Annotations/Images-and-Supervisely-Annotations/case_5104/img/case5104_01.png,/data/halyusuf/data/CataractData/semantic_segmentation/Annotations/Images-and-Supervisely-Annotations/case_5104/mask_anatomy_inst/case5104_01.png
433,/data/halyusuf/data/CataractData/semantic_segmentation/Annotations/Images-and-Supervisely-Annotations/case_5104/img/case5104_02.png,/data/halyusuf/data/CataractData/semantic_segmentation/Annotations/Images-and-Supervisely-Annotations/case_5104/mask_anatomy_inst/case5104_02.png
434,/data/halyusuf/data/CataractData/semantic_segmentation/Annotations/Images-and-Supervisely-Annotations/case_5104/img/case5104_03.png,/data/halyusuf/data/CataractData/semantic_segmentation/Annotations/Images-and-Supervisely-Annotations/case_5104/mask_anatomy_inst/case5104_03.png
435,/data/halyusuf/data/CataractData/semantic_segmentation/Annotations/Images-and-Supervisely-Annotations/case_5104/img/case5104_04.png,/data/halyusuf/data/CataractData/semantic_segmentation/Annotations/Images-and-Supervisely-Annotations/case_5104/mask_anatomy_inst/case5104_04.png
436,/data/halyusuf/data/CataractData/semantic_segmentation/Annotations/Images-and-Supervisely-Annotations/case_5104/img/case5104_05.png,/data/halyusuf/data/CataractData/semantic_segmentation/Annotations/Images-and-Supervisely-Annotations/case_5104/mask_anatomy_inst/case5104_05.png
437,/data/halyusuf/data/CataractData/semantic_segmentation/Annotations/Images-and-Supervisely-Annotations/case_5104/img/case5104_06.png,/data/halyusuf/data/CataractData/semantic_segmentation/Annotations/Images-and-Supervisely-Annotations/case_5104/mask_anatomy_inst/case5104_06.png
438,/data/halyusuf/data/CataractData/semantic_segmentation/Annotations/Images-and-Supervisely-Annotations/case_5104/img/case5104_07.png,/data/halyusuf/data/CataractData/semantic_segmentation/Annotations/Images-and-Supervisely-Annotations/case_5104/mask_anatomy_inst/case5104_07.png
439,/data/halyusuf/data/CataractData/semantic_segmentation/Annotations/Images-and-Supervisely-Annotations/case_5104/img/case5104_08.png,/data/halyusuf/data/CataractData/semantic_segmentation/Annotations/Images-and-Supervisely-Annotations/case_5104/mask_anatomy_inst/case5104_08.png
440,/data/halyusuf/data/CataractData/semantic_segmentation/Annotations/Images-and-Supervisely-Annotations/case_5104/img/case5104_09.png,/data/halyusuf/data/CataractData/semantic_segmentation/Annotations/Images-and-Supervisely-Annotations/case_5104/mask_anatomy_inst/case5104_09.png
441,/data/halyusuf/data/CataractData/semantic_segmentation/Annotations/Images-and-Supervisely-Annotations/case_5104/img/case5104_10.png,/data/halyusuf/data/CataractData/semantic_segmentation/Annotations/Images-and-Supervisely-Annotations/case_5104/mask_anatomy_inst/case5104_10.png
442,/data/halyusuf/data/CataractData/semantic_segmentation/Annotations/Images-and-Supervisely-Annotations/case_5104/img/case5104_100.png,/data/halyusuf/data/CataractData/semantic_segmentation/Annotations/Images-and-Supervisely-Annotations/case_5104/mask_anatomy_inst/case5104_100.png
443,/data/halyusuf/data/CataractData/semantic_segmentation/Annotations/Images-and-Supervisely-Annotations/case_5104/img/case5104_101.png,/data/halyusuf/data/CataractData/semantic_segmentation/Annotations/Images-and-Supervisely-Annotations/case_5104/mask_anatomy_inst/case5104_101.png
444,/data/halyusuf/data/CataractData/semantic_segmentation/Annotations/Images-and-Supervisely-Annotations/case_5104/img/case5104_102.png,/data/halyusuf/data/CataractData/semantic_segmentation/Annotations/Images-and-Supervisely-Annotations/case_5104/mask_anatomy_inst/case5104_102.png
445,/data/halyusuf/data/CataractData/semantic_segmentation/Annotations/Images-and-Supervisely-Annotations/case_5104/img/case5104_103.png,/data/halyusuf/data/CataractData/semantic_segmentation/Annotations/Images-and-Supervisely-Annotations/case_5104/mask_anatomy_inst/case5104_103.png
446,/data/halyusuf/data/CataractData/semantic_segmentation/Annotations/Images-and-Supervisely-Annotations/case_5104/img/case5104_104.png,/data/halyusuf/data/CataractData/semantic_segmentation/Annotations/Images-and-Supervisely-Annotations/case_5104/mask_anatomy_inst/case5104_104.png
447,/data/halyusuf/data/CataractData/semantic_segmentation/Annotations/Images-and-Supervisely-Annotations/case_5104/img/case5104_105.png,/data/halyusuf/data/CataractData/semantic_segmentation/Annotations/Images-and-Supervisely-Annotations/case_5104/mask_anatomy_inst/case5104_105.png
448,/data/halyusuf/data/CataractData/semantic_segmentation/Annotations/Images-and-Supervisely-Annotations/case_5104/img/case5104_106.png,/data/halyusuf/data/CataractData/semantic_segmentation/Annotations/Images-and-Supervisely-Annotations/case_5104/mask_anatomy_inst/case5104_106.png
449,/data/halyusuf/data/CataractData/semantic_segmentation/Annotations/Images-and-Supervisely-Annotations/case_5104/img/case5104_107.png,/data/halyusuf/data/CataractData/semantic_segmentation/Annotations/Images-and-Supervisely-Annotations/case_5104/mask_anatomy_inst/case5104_107.png
450,/data/halyusuf/data/CataractData/semantic_segmentation/Annotations/Images-and-Supervisely-Annotations/case_5104/img/case5104_108.png,/data/halyusuf/data/CataractData/semantic_segmentation/Annotations/Images-and-Supervisely-Annotations/case_5104/mask_anatomy_inst/case5104_108.png
451,/data/halyusuf/data/CataractData/semantic_segmentation/Annotations/Images-and-Supervisely-Annotations/case_5104/img/case5104_109.png,/data/halyusuf/data/CataractData/semantic_segmentation/Annotations/Images-and-Supervisely-Annotations/case_5104/mask_anatomy_inst/case5104_109.png
452,/data/halyusuf/data/CataractData/semantic_segmentation/Annotations/Images-and-Supervisely-Annotations/case_5104/img/case5104_11.png,/data/halyusuf/data/CataractData/semantic_segmentation/Annotations/Images-and-Supervisely-Annotations/case_5104/mask_anatomy_inst/case5104_11.png
453,/data/halyusuf/data/CataractData/semantic_segmentation/Annotations/Images-and-Supervisely-Annotations/case_5104/img/case5104_110.png,/data/halyusuf/data/CataractData/semantic_segmentation/Annotations/Images-and-Supervisely-Annotations/case_5104/mask_anatomy_inst/case5104_110.png
454,/data/halyusuf/data/CataractData/semantic_segmentation/Annotations/Images-and-Supervisely-Annotations/case_5104/img/case5104_111.png,/data/halyusuf/data/CataractData/semantic_segmentation/Annotations/Images-and-Supervisely-Annotations/case_5104/mask_anatomy_inst/case5104_111.png
455,/data/halyusuf/data/CataractData/semantic_segmentation/Annotations/Images-and-Supervisely-Annotations/case_5104/img/case5104_112.png,/data/halyusuf/data/CataractData/semantic_segmentation/Annotations/Images-and-Supervisely-Annotations/case_5104/mask_anatomy_inst/case5104_112.png
456,/data/halyusuf/data/CataractData/semantic_segmentation/Annotations/Images-and-Supervisely-Annotations/case_5104/img/case5104_113.png,/data/halyusuf/data/CataractData/semantic_segmentation/Annotations/Images-and-Supervisely-Annotations/case_5104/mask_anatomy_inst/case5104_113.png
457,/data/halyusuf/data/CataractData/semantic_segmentation/Annotations/Images-and-Supervisely-Annotations/case_5104/img/case5104_114.png,/data/halyusuf/data/CataractData/semantic_segmentation/Annotations/Images-and-Supervisely-Annotations/case_5104/mask_anatomy_inst/case5104_114.png
458,/data/halyusuf/data/CataractData/semantic_segmentation/Annotations/Images-and-Supervisely-Annotations/case_5104/img/case5104_115.png,/data/halyusuf/data/CataractData/semantic_segmentation/Annotations/Images-and-Supervisely-Annotations/case_5104/mask_anatomy_inst/case5104_115.png
459,/data/halyusuf/data/CataractData/semantic_segmentation/Annotations/Images-and-Supervisely-Annotations/case_5104/img/case5104_116.png,/data/halyusuf/data/CataractData/semantic_segmentation/Annotations/Images-and-Supervisely-Annotations/case_5104/mask_anatomy_inst/case5104_116.png
460,/data/halyusuf/data/CataractData/semantic_segmentation/Annotations/Images-and-Supervisely-Annotations/case_5104/img/case5104_117.png,/data/halyusuf/data/CataractData/semantic_segmentation/Annotations/Images-and-Supervisely-Annotations/case_5104/mask_anatomy_inst/case5104_117.png
461,/data/halyusuf/data/CataractData/semantic_segmentation/Annotations/Images-and-Supervisely-Annotations/case_5104/img/case5104_118.png,/data/halyusuf/data/CataractData/semantic_segmentation/Annotations/Images-and-Supervisely-Annotations/case_5104/mask_anatomy_inst/case5104_118.png
462,/data/halyusuf/data/CataractData/semantic_segmentation/Annotations/Images-and-Supervisely-Annotations/case_5104/img/case5104_119.png,/data/halyusuf/data/CataractData/semantic_segmentation/Annotations/Images-and-Supervisely-Annotations/case_5104/mask_anatomy_inst/case5104_119.png
463,/data/halyusuf/data/CataractData/semantic_segmentation/Annotations/Images-and-Supervisely-Annotations/case_5104/img/case5104_12.png,/data/halyusuf/data/CataractData/semantic_segmentation/Annotations/Images-and-Supervisely-Annotations/case_5104/mask_anatomy_inst/case5104_12.png
464,/data/halyusuf/data/CataractData/semantic_segmentation/Annotations/Images-and-Supervisely-Annotations/case_5104/img/case5104_120.png,/data/halyusuf/data/CataractData/semantic_segmentation/Annotations/Images-and-Supervisely-Annotations/case_5104/mask_anatomy_inst/case5104_120.png
465,/data/halyusuf/data/CataractData/semantic_segmentation/Annotations/Images-and-Supervisely-Annotations/case_5104/img/case5104_121.png,/data/halyusuf/data/CataractData/semantic_segmentation/Annotations/Images-and-Supervisely-Annotations/case_5104/mask_anatomy_inst/case5104_121.png
466,/data/halyusuf/data/CataractData/semantic_segmentation/Annotations/Images-and-Supervisely-Annotations/case_5104/img/case5104_122.png,/data/halyusuf/data/CataractData/semantic_segmentation/Annotations/Images-and-Supervisely-Annotations/case_5104/mask_anatomy_inst/case5104_122.png
467,/data/halyusuf/data/CataractData/semantic_segmentation/Annotations/Images-and-Supervisely-Annotations/case_5104/img/case5104_123.png,/data/halyusuf/data/CataractData/semantic_segmentation/Annotations/Images-and-Supervisely-Annotations/case_5104/mask_anatomy_inst/case5104_123.png
468,/data/halyusuf/data/CataractData/semantic_segmentation/Annotations/Images-and-Supervisely-Annotations/case_5104/img/case5104_124.png,/data/halyusuf/data/CataractData/semantic_segmentation/Annotations/Images-and-Supervisely-Annotations/case_5104/mask_anatomy_inst/case5104_124.png
469,/data/halyusuf/data/CataractData/semantic_segmentation/Annotations/Images-and-Supervisely-Annotations/case_5104/img/case5104_125.png,/data/halyusuf/data/CataractData/semantic_segmentation/Annotations/Images-and-Supervisely-Annotations/case_5104/mask_anatomy_inst/case5104_125.png
470,/data/halyusuf/data/CataractData/semantic_segmentation/Annotations/Images-and-Supervisely-Annotations/case_5104/img/case5104_126.png,/data/halyusuf/data/CataractData/semantic_segmentation/Annotations/Images-and-Supervisely-Annotations/case_5104/mask_anatomy_inst/case5104_126.png
471,/data/halyusuf/data/CataractData/semantic_segmentation/Annotations/Images-and-Supervisely-Annotations/case_5104/img/case5104_127.png,/data/halyusuf/data/CataractData/semantic_segmentation/Annotations/Images-and-Supervisely-Annotations/case_5104/mask_anatomy_inst/case5104_127.png
472,/data/halyusuf/data/CataractData/semantic_segmentation/Annotations/Images-and-Supervisely-Annotations/case_5104/img/case5104_128.png,/data/halyusuf/data/CataractData/semantic_segmentation/Annotations/Images-and-Supervisely-Annotations/case_5104/mask_anatomy_inst/case5104_128.png
473,/data/halyusuf/data/CataractData/semantic_segmentation/Annotations/Images-and-Supervisely-Annotations/case_5104/img/case5104_129.png,/data/halyusuf/data/CataractData/semantic_segmentation/Annotations/Images-and-Supervisely-Annotations/case_5104/mask_anatomy_inst/case5104_129.png
474,/data/halyusuf/data/CataractData/semantic_segmentation/Annotations/Images-and-Supervisely-Annotations/case_5104/img/case5104_13.png,/data/halyusuf/data/CataractData/semantic_segmentation/Annotations/Images-and-Supervisely-Annotations/case_5104/mask_anatomy_inst/case5104_13.png
475,/data/halyusuf/data/CataractData/semantic_segmentation/Annotations/Images-and-Supervisely-Annotations/case_5104/img/case5104_130.png,/data/halyusuf/data/CataractData/semantic_segmentation/Annotations/Images-and-Supervisely-Annotations/case_5104/mask_anatomy_inst/case5104_130.png
476,/data/halyusuf/data/CataractData/semantic_segmentation/Annotations/Images-and-Supervisely-Annotations/case_5104/img/case5104_131.png,/data/halyusuf/data/CataractData/semantic_segmentation/Annotations/Images-and-Supervisely-Annotations/case_5104/mask_anatomy_inst/case5104_131.png
477,/data/halyusuf/data/CataractData/semantic_segmentation/Annotations/Images-and-Supervisely-Annotations/case_5104/img/case5104_132.png,/data/halyusuf/data/CataractData/semantic_segmentation/Annotations/Images-and-Supervisely-Annotations/case_5104/mask_anatomy_inst/case5104_132.png
478,/data/halyusuf/data/CataractData/semantic_segmentation/Annotations/Images-and-Supervisely-Annotations/case_5104/img/case5104_133.png,/data/halyusuf/data/CataractData/semantic_segmentation/Annotations/Images-and-Supervisely-Annotations/case_5104/mask_anatomy_inst/case5104_133.png
479,/data/halyusuf/data/CataractData/semantic_segmentation/Annotations/Images-and-Supervisely-Annotations/case_5104/img/case5104_134.png,/data/halyusuf/data/CataractData/semantic_segmentation/Annotations/Images-and-Supervisely-Annotations/case_5104/mask_anatomy_inst/case5104_134.png
480,/data/halyusuf/data/CataractData/semantic_segmentation/Annotations/Images-and-Supervisely-Annotations/case_5104/img/case5104_135.png,/data/halyusuf/data/CataractData/semantic_segmentation/Annotations/Images-and-Supervisely-Annotations/case_5104/mask_anatomy_inst/case5104_135.png
481,/data/halyusuf/data/CataractData/semantic_segmentation/Annotations/Images-and-Supervisely-Annotations/case_5104/img/case5104_136.png,/data/halyusuf/data/CataractData/semantic_segmentation/Annotations/Images-and-Supervisely-Annotations/case_5104/mask_anatomy_inst/case5104_136.png
482,/data/halyusuf/data/CataractData/semantic_segmentation/Annotations/Images-and-Supervisely-Annotations/case_5104/img/case5104_137.png,/data/halyusuf/data/CataractData/semantic_segmentation/Annotations/Images-and-Supervisely-Annotations/case_5104/mask_anatomy_inst/case5104_137.png
483,/data/halyusuf/data/CataractData/semantic_segmentation/Annotations/Images-and-Supervisely-Annotations/case_5104/img/case5104_138.png,/data/halyusuf/data/CataractData/semantic_segmentation/Annotations/Images-and-Supervisely-Annotations/case_5104/mask_anatomy_inst/case5104_138.png
484,/data/halyusuf/data/CataractData/semantic_segmentation/Annotations/Images-and-Supervisely-Annotations/case_5104/img/case5104_139.png,/data/halyusuf/data/CataractData/semantic_segmentation/Annotations/Images-and-Supervisely-Annotations/case_5104/mask_anatomy_inst/case5104_139.png
485,/data/halyusuf/data/CataractData/semantic_segmentation/Annotations/Images-and-Supervisely-Annotations/case_5104/img/case5104_14.png,/data/halyusuf/data/CataractData/semantic_segmentation/Annotations/Images-and-Supervisely-Annotations/case_5104/mask_anatomy_inst/case5104_14.png
486,/data/halyusuf/data/CataractData/semantic_segmentation/Annotations/Images-and-Supervisely-Annotations/case_5104/img/case5104_140.png,/data/halyusuf/data/CataractData/semantic_segmentation/Annotations/Images-and-Supervisely-Annotations/case_5104/mask_anatomy_inst/case5104_140.png
487,/data/halyusuf/data/CataractData/semantic_segmentation/Annotations/Images-and-Supervisely-Annotations/case_5104/img/case5104_141.png,/data/halyusuf/data/CataractData/semantic_segmentation/Annotations/Images-and-Supervisely-Annotations/case_5104/mask_anatomy_inst/case5104_141.png
488,/data/halyusuf/data/CataractData/semantic_segmentation/Annotations/Images-and-Supervisely-Annotations/case_5104/img/case5104_142.png,/data/halyusuf/data/CataractData/semantic_segmentation/Annotations/Images-and-Supervisely-Annotations/case_5104/mask_anatomy_inst/case5104_142.png
489,/data/halyusuf/data/CataractData/semantic_segmentation/Annotations/Images-and-Supervisely-Annotations/case_5104/img/case5104_143.png,/data/halyusuf/data/CataractData/semantic_segmentation/Annotations/Images-and-Supervisely-Annotations/case_5104/mask_anatomy_inst/case5104_143.png
490,/data/halyusuf/data/CataractData/semantic_segmentation/Annotations/Images-and-Supervisely-Annotations/case_5104/img/case5104_144.png,/data/halyusuf/data/CataractData/semantic_segmentation/Annotations/Images-and-Supervisely-Annotations/case_5104/mask_anatomy_inst/case5104_144.png
491,/data/halyusuf/data/CataractData/semantic_segmentation/Annotations/Images-and-Supervisely-Annotations/case_5104/img/case5104_145.png,/data/halyusuf/data/CataractData/semantic_segmentation/Annotations/Images-and-Supervisely-Annotations/case_5104/mask_anatomy_inst/case5104_145.png
492,/data/halyusuf/data/CataractData/semantic_segmentation/Annotations/Images-and-Supervisely-Annotations/case_5104/img/case5104_146.png,/data/halyusuf/data/CataractData/semantic_segmentation/Annotations/Images-and-Supervisely-Annotations/case_5104/mask_anatomy_inst/case5104_146.png
493,/data/halyusuf/data/CataractData/semantic_segmentation/Annotations/Images-and-Supervisely-Annotations/case_5104/img/case5104_147.png,/data/halyusuf/data/CataractData/semantic_segmentation/Annotations/Images-and-Supervisely-Annotations/case_5104/mask_anatomy_inst/case5104_147.png
494,/data/halyusuf/data/CataractData/semantic_segmentation/Annotations/Images-and-Supervisely-Annotations/case_5104/img/case5104_148.png,/data/halyusuf/data/CataractData/semantic_segmentation/Annotations/Images-and-Supervisely-Annotations/case_5104/mask_anatomy_inst/case5104_148.png
495,/data/halyusuf/data/CataractData/semantic_segmentation/Annotations/Images-and-Supervisely-Annotations/case_5104/img/case5104_149.png,/data/halyusuf/data/CataractData/semantic_segmentation/Annotations/Images-and-Supervisely-Annotations/case_5104/mask_anatomy_inst/case5104_149.png
496,/data/halyusuf/data/CataractData/semantic_segmentation/Annotations/Images-and-Supervisely-Annotations/case_5104/img/case5104_15.png,/data/halyusuf/data/CataractData/semantic_segmentation/Annotations/Images-and-Supervisely-Annotations/case_5104/mask_anatomy_inst/case5104_15.png
497,/data/halyusuf/data/CataractData/semantic_segmentation/Annotations/Images-and-Supervisely-Annotations/case_5104/img/case5104_150.png,/data/halyusuf/data/CataractData/semantic_segmentation/Annotations/Images-and-Supervisely-Annotations/case_5104/mask_anatomy_inst/case5104_150.png
498,/data/halyusuf/data/CataractData/semantic_segmentation/Annotations/Images-and-Supervisely-Annotations/case_5104/img/case5104_151.png,/data/halyusuf/data/CataractData/semantic_segmentation/Annotations/Images-and-Supervisely-Annotations/case_5104/mask_anatomy_inst/case5104_151.png
499,/data/halyusuf/data/CataractData/semantic_segmentation/Annotations/Images-and-Supervisely-Annotations/case_5104/img/case5104_152.png,/data/halyusuf/data/CataractData/semantic_segmentation/Annotations/Images-and-Supervisely-Annotations/case_5104/mask_anatomy_inst/case5104_152.png
500,/data/halyusuf/data/CataractData/semantic_segmentation/Annotations/Images-and-Supervisely-Annotations/case_5104/img/case5104_153.png,/data/halyusuf/data/CataractData/semantic_segmentation/Annotations/Images-and-Supervisely-Annotations/case_5104/mask_anatomy_inst/case5104_153.png
501,/data/halyusuf/data/CataractData/semantic_segmentation/Annotations/Images-and-Supervisely-Annotations/case_5104/img/case5104_154.png,/data/halyusuf/data/CataractData/semantic_segmentation/Annotations/Images-and-Supervisely-Annotations/case_5104/mask_anatomy_inst/case5104_154.png
502,/data/halyusuf/data/CataractData/semantic_segmentation/Annotations/Images-and-Supervisely-Annotations/case_5104/img/case5104_155.png,/data/halyusuf/data/CataractData/semantic_segmentation/Annotations/Images-and-Supervisely-Annotations/case_5104/mask_anatomy_inst/case5104_155.png
503,/data/halyusuf/data/CataractData/semantic_segmentation/Annotations/Images-and-Supervisely-Annotations/case_5104/img/case5104_156.png,/data/halyusuf/data/CataractData/semantic_segmentation/Annotations/Images-and-Supervisely-Annotations/case_5104/mask_anatomy_inst/case5104_156.png
504,/data/halyusuf/data/CataractData/semantic_segmentation/Annotations/Images-and-Supervisely-Annotations/case_5104/img/case5104_157.png,/data/halyusuf/data/CataractData/semantic_segmentation/Annotations/Images-and-Supervisely-Annotations/case_5104/mask_anatomy_inst/case5104_157.png
505,/data/halyusuf/data/CataractData/semantic_segmentation/Annotations/Images-and-Supervisely-Annotations/case_5104/img/case5104_158.png,/data/halyusuf/data/CataractData/semantic_segmentation/Annotations/Images-and-Supervisely-Annotations/case_5104/mask_anatomy_inst/case5104_158.png
506,/data/halyusuf/data/CataractData/semantic_segmentation/Annotations/Images-and-Supervisely-Annotations/case_5104/img/case5104_159.png,/data/halyusuf/data/CataractData/semantic_segmentation/Annotations/Images-and-Supervisely-Annotations/case_5104/mask_anatomy_inst/case5104_159.png
507,/data/halyusuf/data/CataractData/semantic_segmentation/Annotations/Images-and-Supervisely-Annotations/case_5104/img/case5104_16.png,/data/halyusuf/data/CataractData/semantic_segmentation/Annotations/Images-and-Supervisely-Annotations/case_5104/mask_anatomy_inst/case5104_16.png
508,/data/halyusuf/data/CataractData/semantic_segmentation/Annotations/Images-and-Supervisely-Annotations/case_5104/img/case5104_160.png,/data/halyusuf/data/CataractData/semantic_segmentation/Annotations/Images-and-Supervisely-Annotations/case_5104/mask_anatomy_inst/case5104_160.png
509,/data/halyusuf/data/CataractData/semantic_segmentation/Annotations/Images-and-Supervisely-Annotations/case_5104/img/case5104_161.png,/data/halyusuf/data/CataractData/semantic_segmentation/Annotations/Images-and-Supervisely-Annotations/case_5104/mask_anatomy_inst/case5104_161.png
510,/data/halyusuf/data/CataractData/semantic_segmentation/Annotations/Images-and-Supervisely-Annotations/case_5104/img/case5104_162.png,/data/halyusuf/data/CataractData/semantic_segmentation/Annotations/Images-and-Supervisely-Annotations/case_5104/mask_anatomy_inst/case5104_162.png
511,/data/halyusuf/data/CataractData/semantic_segmentation/Annotations/Images-and-Supervisely-Annotations/case_5104/img/case5104_163.png,/data/halyusuf/data/CataractData/semantic_segmentation/Annotations/Images-and-Supervisely-Annotations/case_5104/mask_anatomy_inst/case5104_163.png
512,/data/halyusuf/data/CataractData/semantic_segmentation/Annotations/Images-and-Supervisely-Annotations/case_5104/img/case5104_164.png,/data/halyusuf/data/CataractData/semantic_segmentation/Annotations/Images-and-Supervisely-Annotations/case_5104/mask_anatomy_inst/case5104_164.png
513,/data/halyusuf/data/CataractData/semantic_segmentation/Annotations/Images-and-Supervisely-Annotations/case_5104/img/case5104_165.png,/data/halyusuf/data/CataractData/semantic_segmentation/Annotations/Images-and-Supervisely-Annotations/case_5104/mask_anatomy_inst/case5104_165.png
514,/data/halyusuf/data/CataractData/semantic_segmentation/Annotations/Images-and-Supervisely-Annotations/case_5104/img/case5104_166.png,/data/halyusuf/data/CataractData/semantic_segmentation/Annotations/Images-and-Supervisely-Annotations/case_5104/mask_anatomy_inst/case5104_166.png
515,/data/halyusuf/data/CataractData/semantic_segmentation/Annotations/Images-and-Supervisely-Annotations/case_5104/img/case5104_167.png,/data/halyusuf/data/CataractData/semantic_segmentation/Annotations/Images-and-Supervisely-Annotations/case_5104/mask_anatomy_inst/case5104_167.png
516,/data/halyusuf/data/CataractData/semantic_segmentation/Annotations/Images-and-Supervisely-Annotations/case_5104/img/case5104_168.png,/data/halyusuf/data/CataractData/semantic_segmentation/Annotations/Images-and-Supervisely-Annotations/case_5104/mask_anatomy_inst/case5104_168.png
517,/data/halyusuf/data/CataractData/semantic_segmentation/Annotations/Images-and-Supervisely-Annotations/case_5104/img/case5104_169.png,/data/halyusuf/data/CataractData/semantic_segmentation/Annotations/Images-and-Supervisely-Annotations/case_5104/mask_anatomy_inst/case5104_169.png
518,/data/halyusuf/data/CataractData/semantic_segmentation/Annotations/Images-and-Supervisely-Annotations/case_5104/img/case5104_17.png,/data/halyusuf/data/CataractData/semantic_segmentation/Annotations/Images-and-Supervisely-Annotations/case_5104/mask_anatomy_inst/case5104_17.png
519,/data/halyusuf/data/CataractData/semantic_segmentation/Annotations/Images-and-Supervisely-Annotations/case_5104/img/case5104_170.png,/data/halyusuf/data/CataractData/semantic_segmentation/Annotations/Images-and-Supervisely-Annotations/case_5104/mask_anatomy_inst/case5104_170.png
520,/data/halyusuf/data/CataractData/semantic_segmentation/Annotations/Images-and-Supervisely-Annotations/case_5104/img/case5104_171.png,/data/halyusuf/data/CataractData/semantic_segmentation/Annotations/Images-and-Supervisely-Annotations/case_5104/mask_anatomy_inst/case5104_171.png
521,/data/halyusuf/data/CataractData/semantic_segmentation/Annotations/Images-and-Supervisely-Annotations/case_5104/img/case5104_172.png,/data/halyusuf/data/CataractData/semantic_segmentation/Annotations/Images-and-Supervisely-Annotations/case_5104/mask_anatomy_inst/case5104_172.png
522,/data/halyusuf/data/CataractData/semantic_segmentation/Annotations/Images-and-Supervisely-Annotations/case_5104/img/case5104_173.png,/data/halyusuf/data/CataractData/semantic_segmentation/Annotations/Images-and-Supervisely-Annotations/case_5104/mask_anatomy_inst/case5104_173.png
523,/data/halyusuf/data/CataractData/semantic_segmentation/Annotations/Images-and-Supervisely-Annotations/case_5104/img/case5104_174.png,/data/halyusuf/data/CataractData/semantic_segmentation/Annotations/Images-and-Supervisely-Annotations/case_5104/mask_anatomy_inst/case5104_174.png
524,/data/halyusuf/data/CataractData/semantic_segmentation/Annotations/Images-and-Supervisely-Annotations/case_5104/img/case5104_175.png,/data/halyusuf/data/CataractData/semantic_segmentation/Annotations/Images-and-Supervisely-Annotations/case_5104/mask_anatomy_inst/case5104_175.png
525,/data/halyusuf/data/CataractData/semantic_segmentation/Annotations/Images-and-Supervisely-Annotations/case_5104/img/case5104_176.png,/data/halyusuf/data/CataractData/semantic_segmentation/Annotations/Images-and-Supervisely-Annotations/case_5104/mask_anatomy_inst/case5104_176.png
526,/data/halyusuf/data/CataractData/semantic_segmentation/Annotations/Images-and-Supervisely-Annotations/case_5104/img/case5104_177.png,/data/halyusuf/data/CataractData/semantic_segmentation/Annotations/Images-and-Supervisely-Annotations/case_5104/mask_anatomy_inst/case5104_177.png
527,/data/halyusuf/data/CataractData/semantic_segmentation/Annotations/Images-and-Supervisely-Annotations/case_5104/img/case5104_178.png,/data/halyusuf/data/CataractData/semantic_segmentation/Annotations/Images-and-Supervisely-Annotations/case_5104/mask_anatomy_inst/case5104_178.png
528,/data/halyusuf/data/CataractData/semantic_segmentation/Annotations/Images-and-Supervisely-Annotations/case_5104/img/case5104_179.png,/data/halyusuf/data/CataractData/semantic_segmentation/Annotations/Images-and-Supervisely-Annotations/case_5104/mask_anatomy_inst/case5104_179.png
529,/data/halyusuf/data/CataractData/semantic_segmentation/Annotations/Images-and-Supervisely-Annotations/case_5104/img/case5104_18.png,/data/halyusuf/data/CataractData/semantic_segmentation/Annotations/Images-and-Supervisely-Annotations/case_5104/mask_anatomy_inst/case5104_18.png
530,/data/halyusuf/data/CataractData/semantic_segmentation/Annotations/Images-and-Supervisely-Annotations/case_5104/img/case5104_180.png,/data/halyusuf/data/CataractData/semantic_segmentation/Annotations/Images-and-Supervisely-Annotations/case_5104/mask_anatomy_inst/case5104_180.png
531,/data/halyusuf/data/CataractData/semantic_segmentation/Annotations/Images-and-Supervisely-Annotations/case_5104/img/case5104_181.png,/data/halyusuf/data/CataractData/semantic_segmentation/Annotations/Images-and-Supervisely-Annotations/case_5104/mask_anatomy_inst/case5104_181.png
532,/data/halyusuf/data/CataractData/semantic_segmentation/Annotations/Images-and-Supervisely-Annotations/case_5104/img/case5104_182.png,/data/halyusuf/data/CataractData/semantic_segmentation/Annotations/Images-and-Supervisely-Annotations/case_5104/mask_anatomy_inst/case5104_182.png
533,/data/halyusuf/data/CataractData/semantic_segmentation/Annotations/Images-and-Supervisely-Annotations/case_5104/img/case5104_183.png,/data/halyusuf/data/CataractData/semantic_segmentation/Annotations/Images-and-Supervisely-Annotations/case_5104/mask_anatomy_inst/case5104_183.png
534,/data/halyusuf/data/CataractData/semantic_segmentation/Annotations/Images-and-Supervisely-Annotations/case_5104/img/case5104_184.png,/data/halyusuf/data/CataractData/semantic_segmentation/Annotations/Images-and-Supervisely-Annotations/case_5104/mask_anatomy_inst/case5104_184.png
535,/data/halyusuf/data/CataractData/semantic_segmentation/Annotations/Images-and-Supervisely-Annotations/case_5104/img/case5104_19.png,/data/halyusuf/data/CataractData/semantic_segmentation/Annotations/Images-and-Supervisely-Annotations/case_5104/mask_anatomy_inst/case5104_19.png
536,/data/halyusuf/data/CataractData/semantic_segmentation/Annotations/Images-and-Supervisely-Annotations/case_5104/img/case5104_20.png,/data/halyusuf/data/CataractData/semantic_segmentation/Annotations/Images-and-Supervisely-Annotations/case_5104/mask_anatomy_inst/case5104_20.png
537,/data/halyusuf/data/CataractData/semantic_segmentation/Annotations/Images-and-Supervisely-Annotations/case_5104/img/case5104_22.png,/data/halyusuf/data/CataractData/semantic_segmentation/Annotations/Images-and-Supervisely-Annotations/case_5104/mask_anatomy_inst/case5104_22.png
538,/data/halyusuf/data/CataractData/semantic_segmentation/Annotations/Images-and-Supervisely-Annotations/case_5104/img/case5104_23.png,/data/halyusuf/data/CataractData/semantic_segmentation/Annotations/Images-and-Supervisely-Annotations/case_5104/mask_anatomy_inst/case5104_23.png
539,/data/halyusuf/data/CataractData/semantic_segmentation/Annotations/Images-and-Supervisely-Annotations/case_5104/img/case5104_24.png,/data/halyusuf/data/CataractData/semantic_segmentation/Annotations/Images-and-Supervisely-Annotations/case_5104/mask_anatomy_inst/case5104_24.png
540,/data/halyusuf/data/CataractData/semantic_segmentation/Annotations/Images-and-Supervisely-Annotations/case_5104/img/case5104_25.png,/data/halyusuf/data/CataractData/semantic_segmentation/Annotations/Images-and-Supervisely-Annotations/case_5104/mask_anatomy_inst/case5104_25.png
541,/data/halyusuf/data/CataractData/semantic_segmentation/Annotations/Images-and-Supervisely-Annotations/case_5104/img/case5104_26.png,/data/halyusuf/data/CataractData/semantic_segmentation/Annotations/Images-and-Supervisely-Annotations/case_5104/mask_anatomy_inst/case5104_26.png
542,/data/halyusuf/data/CataractData/semantic_segmentation/Annotations/Images-and-Supervisely-Annotations/case_5104/img/case5104_27.png,/data/halyusuf/data/CataractData/semantic_segmentation/Annotations/Images-and-Supervisely-Annotations/case_5104/mask_anatomy_inst/case5104_27.png
543,/data/halyusuf/data/CataractData/semantic_segmentation/Annotations/Images-and-Supervisely-Annotations/case_5104/img/case5104_28.png,/data/halyusuf/data/CataractData/semantic_segmentation/Annotations/Images-and-Supervisely-Annotations/case_5104/mask_anatomy_inst/case5104_28.png
544,/data/halyusuf/data/CataractData/semantic_segmentation/Annotations/Images-and-Supervisely-Annotations/case_5104/img/case5104_29.png,/data/halyusuf/data/CataractData/semantic_segmentation/Annotations/Images-and-Supervisely-Annotations/case_5104/mask_anatomy_inst/case5104_29.png
545,/data/halyusuf/data/CataractData/semantic_segmentation/Annotations/Images-and-Supervisely-Annotations/case_5104/img/case5104_30.png,/data/halyusuf/data/CataractData/semantic_segmentation/Annotations/Images-and-Supervisely-Annotations/case_5104/mask_anatomy_inst/case5104_30.png
546,/data/halyusuf/data/CataractData/semantic_segmentation/Annotations/Images-and-Supervisely-Annotations/case_5104/img/case5104_31.png,/data/halyusuf/data/CataractData/semantic_segmentation/Annotations/Images-and-Supervisely-Annotations/case_5104/mask_anatomy_inst/case5104_31.png
547,/data/halyusuf/data/CataractData/semantic_segmentation/Annotations/Images-and-Supervisely-Annotations/case_5104/img/case5104_32.png,/data/halyusuf/data/CataractData/semantic_segmentation/Annotations/Images-and-Supervisely-Annotations/case_5104/mask_anatomy_inst/case5104_32.png
548,/data/halyusuf/data/CataractData/semantic_segmentation/Annotations/Images-and-Supervisely-Annotations/case_5104/img/case5104_33.png,/data/halyusuf/data/CataractData/semantic_segmentation/Annotations/Images-and-Supervisely-Annotations/case_5104/mask_anatomy_inst/case5104_33.png
549,/data/halyusuf/data/CataractData/semantic_segmentation/Annotations/Images-and-Supervisely-Annotations/case_5104/img/case5104_34.png,/data/halyusuf/data/CataractData/semantic_segmentation/Annotations/Images-and-Supervisely-Annotations/case_5104/mask_anatomy_inst/case5104_34.png
550,/data/halyusuf/data/CataractData/semantic_segmentation/Annotations/Images-and-Supervisely-Annotations/case_5104/img/case5104_35.png,/data/halyusuf/data/CataractData/semantic_segmentation/Annotations/Images-and-Supervisely-Annotations/case_5104/mask_anatomy_inst/case5104_35.png
551,/data/halyusuf/data/CataractData/semantic_segmentation/Annotations/Images-and-Supervisely-Annotations/case_5104/img/case5104_36.png,/data/halyusuf/data/CataractData/semantic_segmentation/Annotations/Images-and-Supervisely-Annotations/case_5104/mask_anatomy_inst/case5104_36.png
552,/data/halyusuf/data/CataractData/semantic_segmentation/Annotations/Images-and-Supervisely-Annotations/case_5104/img/case5104_37.png,/data/halyusuf/data/CataractData/semantic_segmentation/Annotations/Images-and-Supervisely-Annotations/case_5104/mask_anatomy_inst/case5104_37.png
553,/data/halyusuf/data/CataractData/semantic_segmentation/Annotations/Images-and-Supervisely-Annotations/case_5104/img/case5104_38.png,/data/halyusuf/data/CataractData/semantic_segmentation/Annotations/Images-and-Supervisely-Annotations/case_5104/mask_anatomy_inst/case5104_38.png
554,/data/halyusuf/data/CataractData/semantic_segmentation/Annotations/Images-and-Supervisely-Annotations/case_5104/img/case5104_39.png,/data/halyusuf/data/CataractData/semantic_segmentation/Annotations/Images-and-Supervisely-Annotations/case_5104/mask_anatomy_inst/case5104_39.png
555,/data/halyusuf/data/CataractData/semantic_segmentation/Annotations/Images-and-Supervisely-Annotations/case_5104/img/case5104_40.png,/data/halyusuf/data/CataractData/semantic_segmentation/Annotations/Images-and-Supervisely-Annotations/case_5104/mask_anatomy_inst/case5104_40.png
556,/data/halyusuf/data/CataractData/semantic_segmentation/Annotations/Images-and-Supervisely-Annotations/case_5104/img/case5104_41.png,/data/halyusuf/data/CataractData/semantic_segmentation/Annotations/Images-and-Supervisely-Annotations/case_5104/mask_anatomy_inst/case5104_41.png
557,/data/halyusuf/data/CataractData/semantic_segmentation/Annotations/Images-and-Supervisely-Annotations/case_5104/img/case5104_42.png,/data/halyusuf/data/CataractData/semantic_segmentation/Annotations/Images-and-Supervisely-Annotations/case_5104/mask_anatomy_inst/case5104_42.png
558,/data/halyusuf/data/CataractData/semantic_segmentation/Annotations/Images-and-Supervisely-Annotations/case_5104/img/case5104_43.png,/data/halyusuf/data/CataractData/semantic_segmentation/Annotations/Images-and-Supervisely-Annotations/case_5104/mask_anatomy_inst/case5104_43.png
559,/data/halyusuf/data/CataractData/semantic_segmentation/Annotations/Images-and-Supervisely-Annotations/case_5104/img/case5104_44.png,/data/halyusuf/data/CataractData/semantic_segmentation/Annotations/Images-and-Supervisely-Annotations/case_5104/mask_anatomy_inst/case5104_44.png
560,/data/halyusuf/data/CataractData/semantic_segmentation/Annotations/Images-and-Supervisely-Annotations/case_5104/img/case5104_45.png,/data/halyusuf/data/CataractData/semantic_segmentation/Annotations/Images-and-Supervisely-Annotations/case_5104/mask_anatomy_inst/case5104_45.png
561,/data/halyusuf/data/CataractData/semantic_segmentation/Annotations/Images-and-Supervisely-Annotations/case_5104/img/case5104_46.png,/data/halyusuf/data/CataractData/semantic_segmentation/Annotations/Images-and-Supervisely-Annotations/case_5104/mask_anatomy_inst/case5104_46.png
562,/data/halyusuf/data/CataractData/semantic_segmentation/Annotations/Images-and-Supervisely-Annotations/case_5104/img/case5104_47.png,/data/halyusuf/data/CataractData/semantic_segmentation/Annotations/Images-and-Supervisely-Annotations/case_5104/mask_anatomy_inst/case5104_47.png
563,/data/halyusuf/data/CataractData/semantic_segmentation/Annotations/Images-and-Supervisely-Annotations/case_5104/img/case5104_48.png,/data/halyusuf/data/CataractData/semantic_segmentation/Annotations/Images-and-Supervisely-Annotations/case_5104/mask_anatomy_inst/case5104_48.png
564,/data/halyusuf/data/CataractData/semantic_segmentation/Annotations/Images-and-Supervisely-Annotations/case_5104/img/case5104_49.png,/data/halyusuf/data/CataractData/semantic_segmentation/Annotations/Images-and-Supervisely-Annotations/case_5104/mask_anatomy_inst/case5104_49.png
565,/data/halyusuf/data/CataractData/semantic_segmentation/Annotations/Images-and-Supervisely-Annotations/case_5104/img/case5104_50.png,/data/halyusuf/data/CataractData/semantic_segmentation/Annotations/Images-and-Supervisely-Annotations/case_5104/mask_anatomy_inst/case5104_50.png
566,/data/halyusuf/data/CataractData/semantic_segmentation/Annotations/Images-and-Supervisely-Annotations/case_5104/img/case5104_51.png,/data/halyusuf/data/CataractData/semantic_segmentation/Annotations/Images-and-Supervisely-Annotations/case_5104/mask_anatomy_inst/case5104_51.png
567,/data/halyusuf/data/CataractData/semantic_segmentation/Annotations/Images-and-Supervisely-Annotations/case_5104/img/case5104_52.png,/data/halyusuf/data/CataractData/semantic_segmentation/Annotations/Images-and-Supervisely-Annotations/case_5104/mask_anatomy_inst/case5104_52.png
568,/data/halyusuf/data/CataractData/semantic_segmentation/Annotations/Images-and-Supervisely-Annotations/case_5104/img/case5104_53.png,/data/halyusuf/data/CataractData/semantic_segmentation/Annotations/Images-and-Supervisely-Annotations/case_5104/mask_anatomy_inst/case5104_53.png
569,/data/halyusuf/data/CataractData/semantic_segmentation/Annotations/Images-and-Supervisely-Annotations/case_5104/img/case5104_54.png,/data/halyusuf/data/CataractData/semantic_segmentation/Annotations/Images-and-Supervisely-Annotations/case_5104/mask_anatomy_inst/case5104_54.png
570,/data/halyusuf/data/CataractData/semantic_segmentation/Annotations/Images-and-Supervisely-Annotations/case_5104/img/case5104_55.png,/data/halyusuf/data/CataractData/semantic_segmentation/Annotations/Images-and-Supervisely-Annotations/case_5104/mask_anatomy_inst/case5104_55.png
571,/data/halyusuf/data/CataractData/semantic_segmentation/Annotations/Images-and-Supervisely-Annotations/case_5104/img/case5104_56.png,/data/halyusuf/data/CataractData/semantic_segmentation/Annotations/Images-and-Supervisely-Annotations/case_5104/mask_anatomy_inst/case5104_56.png
572,/data/halyusuf/data/CataractData/semantic_segmentation/Annotations/Images-and-Supervisely-Annotations/case_5104/img/case5104_57.png,/data/halyusuf/data/CataractData/semantic_segmentation/Annotations/Images-and-Supervisely-Annotations/case_5104/mask_anatomy_inst/case5104_57.png
573,/data/halyusuf/data/CataractData/semantic_segmentation/Annotations/Images-and-Supervisely-Annotations/case_5104/img/case5104_58.png,/data/halyusuf/data/CataractData/semantic_segmentation/Annotations/Images-and-Supervisely-Annotations/case_5104/mask_anatomy_inst/case5104_58.png
574,/data/halyusuf/data/CataractData/semantic_segmentation/Annotations/Images-and-Supervisely-Annotations/case_5104/img/case5104_59.png,/data/halyusuf/data/CataractData/semantic_segmentation/Annotations/Images-and-Supervisely-Annotations/case_5104/mask_anatomy_inst/case5104_59.png
575,/data/halyusuf/data/CataractData/semantic_segmentation/Annotations/Images-and-Supervisely-Annotations/case_5104/img/case5104_60.png,/data/halyusuf/data/CataractData/semantic_segmentation/Annotations/Images-and-Supervisely-Annotations/case_5104/mask_anatomy_inst/case5104_60.png
576,/data/halyusuf/data/CataractData/semantic_segmentation/Annotations/Images-and-Supervisely-Annotations/case_5104/img/case5104_61.png,/data/halyusuf/data/CataractData/semantic_segmentation/Annotations/Images-and-Supervisely-Annotations/case_5104/mask_anatomy_inst/case5104_61.png
577,/data/halyusuf/data/CataractData/semantic_segmentation/Annotations/Images-and-Supervisely-Annotations/case_5104/img/case5104_62.png,/data/halyusuf/data/CataractData/semantic_segmentation/Annotations/Images-and-Supervisely-Annotations/case_5104/mask_anatomy_inst/case5104_62.png
578,/data/halyusuf/data/CataractData/semantic_segmentation/Annotations/Images-and-Supervisely-Annotations/case_5104/img/case5104_63.png,/data/halyusuf/data/CataractData/semantic_segmentation/Annotations/Images-and-Supervisely-Annotations/case_5104/mask_anatomy_inst/case5104_63.png
579,/data/halyusuf/data/CataractData/semantic_segmentation/Annotations/Images-and-Supervisely-Annotations/case_5104/img/case5104_64.png,/data/halyusuf/data/CataractData/semantic_segmentation/Annotations/Images-and-Supervisely-Annotations/case_5104/mask_anatomy_inst/case5104_64.png
580,/data/halyusuf/data/CataractData/semantic_segmentation/Annotations/Images-and-Supervisely-Annotations/case_5104/img/case5104_65.png,/data/halyusuf/data/CataractData/semantic_segmentation/Annotations/Images-and-Supervisely-Annotations/case_5104/mask_anatomy_inst/case5104_65.png
581,/data/halyusuf/data/CataractData/semantic_segmentation/Annotations/Images-and-Supervisely-Annotations/case_5104/img/case5104_66.png,/data/halyusuf/data/CataractData/semantic_segmentation/Annotations/Images-and-Supervisely-Annotations/case_5104/mask_anatomy_inst/case5104_66.png
582,/data/halyusuf/data/CataractData/semantic_segmentation/Annotations/Images-and-Supervisely-Annotations/case_5104/img/case5104_67.png,/data/halyusuf/data/CataractData/semantic_segmentation/Annotations/Images-and-Supervisely-Annotations/case_5104/mask_anatomy_inst/case5104_67.png
583,/data/halyusuf/data/CataractData/semantic_segmentation/Annotations/Images-and-Supervisely-Annotations/case_5104/img/case5104_68.png,/data/halyusuf/data/CataractData/semantic_segmentation/Annotations/Images-and-Supervisely-Annotations/case_5104/mask_anatomy_inst/case5104_68.png
584,/data/halyusuf/data/CataractData/semantic_segmentation/Annotations/Images-and-Supervisely-Annotations/case_5104/img/case5104_69.png,/data/halyusuf/data/CataractData/semantic_segmentation/Annotations/Images-and-Supervisely-Annotations/case_5104/mask_anatomy_inst/case5104_69.png
585,/data/halyusuf/data/CataractData/semantic_segmentation/Annotations/Images-and-Supervisely-Annotations/case_5104/img/case5104_70.png,/data/halyusuf/data/CataractData/semantic_segmentation/Annotations/Images-and-Supervisely-Annotations/case_5104/mask_anatomy_inst/case5104_70.png
586,/data/halyusuf/data/CataractData/semantic_segmentation/Annotations/Images-and-Supervisely-Annotations/case_5104/img/case5104_71.png,/data/halyusuf/data/CataractData/semantic_segmentation/Annotations/Images-and-Supervisely-Annotations/case_5104/mask_anatomy_inst/case5104_71.png
587,/data/halyusuf/data/CataractData/semantic_segmentation/Annotations/Images-and-Supervisely-Annotations/case_5104/img/case5104_72.png,/data/halyusuf/data/CataractData/semantic_segmentation/Annotations/Images-and-Supervisely-Annotations/case_5104/mask_anatomy_inst/case5104_72.png
588,/data/halyusuf/data/CataractData/semantic_segmentation/Annotations/Images-and-Supervisely-Annotations/case_5104/img/case5104_73.png,/data/halyusuf/data/CataractData/semantic_segmentation/Annotations/Images-and-Supervisely-Annotations/case_5104/mask_anatomy_inst/case5104_73.png
589,/data/halyusuf/data/CataractData/semantic_segmentation/Annotations/Images-and-Supervisely-Annotations/case_5104/img/case5104_74.png,/data/halyusuf/data/CataractData/semantic_segmentation/Annotations/Images-and-Supervisely-Annotations/case_5104/mask_anatomy_inst/case5104_74.png
590,/data/halyusuf/data/CataractData/semantic_segmentation/Annotations/Images-and-Supervisely-Annotations/case_5104/img/case5104_75.png,/data/halyusuf/data/CataractData/semantic_segmentation/Annotations/Images-and-Supervisely-Annotations/case_5104/mask_anatomy_inst/case5104_75.png
591,/data/halyusuf/data/CataractData/semantic_segmentation/Annotations/Images-and-Supervisely-Annotations/case_5104/img/case5104_76.png,/data/halyusuf/data/CataractData/semantic_segmentation/Annotations/Images-and-Supervisely-Annotations/case_5104/mask_anatomy_inst/case5104_76.png
592,/data/halyusuf/data/CataractData/semantic_segmentation/Annotations/Images-and-Supervisely-Annotations/case_5104/img/case5104_77.png,/data/halyusuf/data/CataractData/semantic_segmentation/Annotations/Images-and-Supervisely-Annotations/case_5104/mask_anatomy_inst/case5104_77.png
593,/data/halyusuf/data/CataractData/semantic_segmentation/Annotations/Images-and-Supervisely-Annotations/case_5104/img/case5104_78.png,/data/halyusuf/data/CataractData/semantic_segmentation/Annotations/Images-and-Supervisely-Annotations/case_5104/mask_anatomy_inst/case5104_78.png
594,/data/halyusuf/data/CataractData/semantic_segmentation/Annotations/Images-and-Supervisely-Annotations/case_5104/img/case5104_79.png,/data/halyusuf/data/CataractData/semantic_segmentation/Annotations/Images-and-Supervisely-Annotations/case_5104/mask_anatomy_inst/case5104_79.png
595,/data/halyusuf/data/CataractData/semantic_segmentation/Annotations/Images-and-Supervisely-Annotations/case_5104/img/case5104_80.png,/data/halyusuf/data/CataractData/semantic_segmentation/Annotations/Images-and-Supervisely-Annotations/case_5104/mask_anatomy_inst/case5104_80.png
596,/data/halyusuf/data/CataractData/semantic_segmentation/Annotations/Images-and-Supervisely-Annotations/case_5104/img/case5104_81.png,/data/halyusuf/data/CataractData/semantic_segmentation/Annotations/Images-and-Supervisely-Annotations/case_5104/mask_anatomy_inst/case5104_81.png
597,/data/halyusuf/data/CataractData/semantic_segmentation/Annotations/Images-and-Supervisely-Annotations/case_5104/img/case5104_82.png,/data/halyusuf/data/CataractData/semantic_segmentation/Annotations/Images-and-Supervisely-Annotations/case_5104/mask_anatomy_inst/case5104_82.png
598,/data/halyusuf/data/CataractData/semantic_segmentation/Annotations/Images-and-Supervisely-Annotations/case_5104/img/case5104_83.png,/data/halyusuf/data/CataractData/semantic_segmentation/Annotations/Images-and-Supervisely-Annotations/case_5104/mask_anatomy_inst/case5104_83.png
599,/data/halyusuf/data/CataractData/semantic_segmentation/Annotations/Images-and-Supervisely-Annotations/case_5104/img/case5104_84.png,/data/halyusuf/data/CataractData/semantic_segmentation/Annotations/Images-and-Supervisely-Annotations/case_5104/mask_anatomy_inst/case5104_84.png
600,/data/halyusuf/data/CataractData/semantic_segmentation/Annotations/Images-and-Supervisely-Annotations/case_5104/img/case5104_85.png,/data/halyusuf/data/CataractData/semantic_segmentation/Annotations/Images-and-Supervisely-Annotations/case_5104/mask_anatomy_inst/case5104_85.png
601,/data/halyusuf/data/CataractData/semantic_segmentation/Annotations/Images-and-Supervisely-Annotations/case_5104/img/case5104_86.png,/data/halyusuf/data/CataractData/semantic_segmentation/Annotations/Images-and-Supervisely-Annotations/case_5104/mask_anatomy_inst/case5104_86.png
602,/data/halyusuf/data/CataractData/semantic_segmentation/Annotations/Images-and-Supervisely-Annotations/case_5104/img/case5104_87.png,/data/halyusuf/data/CataractData/semantic_segmentation/Annotations/Images-and-Supervisely-Annotations/case_5104/mask_anatomy_inst/case5104_87.png
603,/data/halyusuf/data/CataractData/semantic_segmentation/Annotations/Images-and-Supervisely-Annotations/case_5104/img/case5104_88.png,/data/halyusuf/data/CataractData/semantic_segmentation/Annotations/Images-and-Supervisely-Annotations/case_5104/mask_anatomy_inst/case5104_88.png
604,/data/halyusuf/data/CataractData/semantic_segmentation/Annotations/Images-and-Supervisely-Annotations/case_5104/img/case5104_89.png,/data/halyusuf/data/CataractData/semantic_segmentation/Annotations/Images-and-Supervisely-Annotations/case_5104/mask_anatomy_inst/case5104_89.png
605,/data/halyusuf/data/CataractData/semantic_segmentation/Annotations/Images-and-Supervisely-Annotations/case_5104/img/case5104_90.png,/data/halyusuf/data/CataractData/semantic_segmentation/Annotations/Images-and-Supervisely-Annotations/case_5104/mask_anatomy_inst/case5104_90.png
606,/data/halyusuf/data/CataractData/semantic_segmentation/Annotations/Images-and-Supervisely-Annotations/case_5104/img/case5104_91.png,/data/halyusuf/data/CataractData/semantic_segmentation/Annotations/Images-and-Supervisely-Annotations/case_5104/mask_anatomy_inst/case5104_91.png
607,/data/halyusuf/data/CataractData/semantic_segmentation/Annotations/Images-and-Supervisely-Annotations/case_5104/img/case5104_92.png,/data/halyusuf/data/CataractData/semantic_segmentation/Annotations/Images-and-Supervisely-Annotations/case_5104/mask_anatomy_inst/case5104_92.png
608,/data/halyusuf/data/CataractData/semantic_segmentation/Annotations/Images-and-Supervisely-Annotations/case_5104/img/case5104_93.png,/data/halyusuf/data/CataractData/semantic_segmentation/Annotations/Images-and-Supervisely-Annotations/case_5104/mask_anatomy_inst/case5104_93.png
609,/data/halyusuf/data/CataractData/semantic_segmentation/Annotations/Images-and-Supervisely-Annotations/case_5104/img/case5104_94.png,/data/halyusuf/data/CataractData/semantic_segmentation/Annotations/Images-and-Supervisely-Annotations/case_5104/mask_anatomy_inst/case5104_94.png
610,/data/halyusuf/data/CataractData/semantic_segmentation/Annotations/Images-and-Supervisely-Annotations/case_5104/img/case5104_95.png,/data/halyusuf/data/CataractData/semantic_segmentation/Annotations/Images-and-Supervisely-Annotations/case_5104/mask_anatomy_inst/case5104_95.png
611,/data/halyusuf/data/CataractData/semantic_segmentation/Annotations/Images-and-Supervisely-Annotations/case_5104/img/case5104_96.png,/data/halyusuf/data/CataractData/semantic_segmentation/Annotations/Images-and-Supervisely-Annotations/case_5104/mask_anatomy_inst/case5104_96.png
612,/data/halyusuf/data/CataractData/semantic_segmentation/Annotations/Images-and-Supervisely-Annotations/case_5104/img/case5104_97.png,/data/halyusuf/data/CataractData/semantic_segmentation/Annotations/Images-and-Supervisely-Annotations/case_5104/mask_anatomy_inst/case5104_97.png
613,/data/halyusuf/data/CataractData/semantic_segmentation/Annotations/Images-and-Supervisely-Annotations/case_5180/img/case5180_01.png,/data/halyusuf/data/CataractData/semantic_segmentation/Annotations/Images-and-Supervisely-Annotations/case_5180/mask_anatomy_inst/case5180_01.png
614,/data/halyusuf/data/CataractData/semantic_segmentation/Annotations/Images-and-Supervisely-Annotations/case_5180/img/case5180_02.png,/data/halyusuf/data/CataractData/semantic_segmentation/Annotations/Images-and-Supervisely-Annotations/case_5180/mask_anatomy_inst/case5180_02.png
615,/data/halyusuf/data/CataractData/semantic_segmentation/Annotations/Images-and-Supervisely-Annotations/case_5180/img/case5180_03.png,/data/halyusuf/data/CataractData/semantic_segmentation/Annotations/Images-and-Supervisely-Annotations/case_5180/mask_anatomy_inst/case5180_03.png
616,/data/halyusuf/data/CataractData/semantic_segmentation/Annotations/Images-and-Supervisely-Annotations/case_5180/img/case5180_04.png,/data/halyusuf/data/CataractData/semantic_segmentation/Annotations/Images-and-Supervisely-Annotations/case_5180/mask_anatomy_inst/case5180_04.png
617,/data/halyusuf/data/CataractData/semantic_segmentation/Annotations/Images-and-Supervisely-Annotations/case_5180/img/case5180_05.png,/data/halyusuf/data/CataractData/semantic_segmentation/Annotations/Images-and-Supervisely-Annotations/case_5180/mask_anatomy_inst/case5180_05.png
618,/data/halyusuf/data/CataractData/semantic_segmentation/Annotations/Images-and-Supervisely-Annotations/case_5180/img/case5180_06.png,/data/halyusuf/data/CataractData/semantic_segmentation/Annotations/Images-and-Supervisely-Annotations/case_5180/mask_anatomy_inst/case5180_06.png
619,/data/halyusuf/data/CataractData/semantic_segmentation/Annotations/Images-and-Supervisely-Annotations/case_5180/img/case5180_07.png,/data/halyusuf/data/CataractData/semantic_segmentation/Annotations/Images-and-Supervisely-Annotations/case_5180/mask_anatomy_inst/case5180_07.png
620,/data/halyusuf/data/CataractData/semantic_segmentation/Annotations/Images-and-Supervisely-Annotations/case_5180/img/case5180_08.png,/data/halyusuf/data/CataractData/semantic_segmentation/Annotations/Images-and-Supervisely-Annotations/case_5180/mask_anatomy_inst/case5180_08.png
621,/data/halyusuf/data/CataractData/semantic_segmentation/Annotations/Images-and-Supervisely-Annotations/case_5180/img/case5180_09.png,/data/halyusuf/data/CataractData/semantic_segmentation/Annotations/Images-and-Supervisely-Annotations/case_5180/mask_anatomy_inst/case5180_09.png
622,/data/halyusuf/data/CataractData/semantic_segmentation/Annotations/Images-and-Supervisely-Annotations/case_5180/img/case5180_10.png,/data/halyusuf/data/CataractData/semantic_segmentation/Annotations/Images-and-Supervisely-Annotations/case_5180/mask_anatomy_inst/case5180_10.png
623,/data/halyusuf/data/CataractData/semantic_segmentation/Annotations/Images-and-Supervisely-Annotations/case_5180/img/case5180_11.png,/data/halyusuf/data/CataractData/semantic_segmentation/Annotations/Images-and-Supervisely-Annotations/case_5180/mask_anatomy_inst/case5180_11.png
624,/data/halyusuf/data/CataractData/semantic_segmentation/Annotations/Images-and-Supervisely-Annotations/case_5180/img/case5180_12.png,/data/halyusuf/data/CataractData/semantic_segmentation/Annotations/Images-and-Supervisely-Annotations/case_5180/mask_anatomy_inst/case5180_12.png
625,/data/halyusuf/data/CataractData/semantic_segmentation/Annotations/Images-and-Supervisely-Annotations/case_5180/img/case5180_13.png,/data/halyusuf/data/CataractData/semantic_segmentation/Annotations/Images-and-Supervisely-Annotations/case_5180/mask_anatomy_inst/case5180_13.png
626,/data/halyusuf/data/CataractData/semantic_segmentation/Annotations/Images-and-Supervisely-Annotations/case_5180/img/case5180_14.png,/data/halyusuf/data/CataractData/semantic_segmentation/Annotations/Images-and-Supervisely-Annotations/case_5180/mask_anatomy_inst/case5180_14.png
627,/data/halyusuf/data/CataractData/semantic_segmentation/Annotations/Images-and-Supervisely-Annotations/case_5180/img/case5180_15.png,/data/halyusuf/data/CataractData/semantic_segmentation/Annotations/Images-and-Supervisely-Annotations/case_5180/mask_anatomy_inst/case5180_15.png
628,/data/halyusuf/data/CataractData/semantic_segmentation/Annotations/Images-and-Supervisely-Annotations/case_5180/img/case5180_16.png,/data/halyusuf/data/CataractData/semantic_segmentation/Annotations/Images-and-Supervisely-Annotations/case_5180/mask_anatomy_inst/case5180_16.png
629,/data/halyusuf/data/CataractData/semantic_segmentation/Annotations/Images-and-Supervisely-Annotations/case_5180/img/case5180_17.png,/data/halyusuf/data/CataractData/semantic_segmentation/Annotations/Images-and-Supervisely-Annotations/case_5180/mask_anatomy_inst/case5180_17.png
630,/data/halyusuf/data/CataractData/semantic_segmentation/Annotations/Images-and-Supervisely-Annotations/case_5180/img/case5180_18.png,/data/halyusuf/data/CataractData/semantic_segmentation/Annotations/Images-and-Supervisely-Annotations/case_5180/mask_anatomy_inst/case5180_18.png
631,/data/halyusuf/data/CataractData/semantic_segmentation/Annotations/Images-and-Supervisely-Annotations/case_5180/img/case5180_19.png,/data/halyusuf/data/CataractData/semantic_segmentation/Annotations/Images-and-Supervisely-Annotations/case_5180/mask_anatomy_inst/case5180_19.png
632,/data/halyusuf/data/CataractData/semantic_segmentation/Annotations/Images-and-Supervisely-Annotations/case_5180/img/case5180_20.png,/data/halyusuf/data/CataractData/semantic_segmentation/Annotations/Images-and-Supervisely-Annotations/case_5180/mask_anatomy_inst/case5180_20.png
633,/data/halyusuf/data/CataractData/semantic_segmentation/Annotations/Images-and-Supervisely-Annotations/case_5180/img/case5180_21.png,/data/halyusuf/data/CataractData/semantic_segmentation/Annotations/Images-and-Supervisely-Annotations/case_5180/mask_anatomy_inst/case5180_21.png
634,/data/halyusuf/data/CataractData/semantic_segmentation/Annotations/Images-and-Supervisely-Annotations/case_5180/img/case5180_22.png,/data/halyusuf/data/CataractData/semantic_segmentation/Annotations/Images-and-Supervisely-Annotations/case_5180/mask_anatomy_inst/case5180_22.png
635,/data/halyusuf/data/CataractData/semantic_segmentation/Annotations/Images-and-Supervisely-Annotations/case_5180/img/case5180_23.png,/data/halyusuf/data/CataractData/semantic_segmentation/Annotations/Images-and-Supervisely-Annotations/case_5180/mask_anatomy_inst/case5180_23.png
636,/data/halyusuf/data/CataractData/semantic_segmentation/Annotations/Images-and-Supervisely-Annotations/case_5180/img/case5180_24.png,/data/halyusuf/data/CataractData/semantic_segmentation/Annotations/Images-and-Supervisely-Annotations/case_5180/mask_anatomy_inst/case5180_24.png
637,/data/halyusuf/data/CataractData/semantic_segmentation/Annotations/Images-and-Supervisely-Annotations/case_5180/img/case5180_25.png,/data/halyusuf/data/CataractData/semantic_segmentation/Annotations/Images-and-Supervisely-Annotations/case_5180/mask_anatomy_inst/case5180_25.png
638,/data/halyusuf/data/CataractData/semantic_segmentation/Annotations/Images-and-Supervisely-Annotations/case_5180/img/case5180_26.png,/data/halyusuf/data/CataractData/semantic_segmentation/Annotations/Images-and-Supervisely-Annotations/case_5180/mask_anatomy_inst/case5180_26.png
639,/data/halyusuf/data/CataractData/semantic_segmentation/Annotations/Images-and-Supervisely-Annotations/case_5180/img/case5180_27.png,/data/halyusuf/data/CataractData/semantic_segmentation/Annotations/Images-and-Supervisely-Annotations/case_5180/mask_anatomy_inst/case5180_27.png
640,/data/halyusuf/data/CataractData/semantic_segmentation/Annotations/Images-and-Supervisely-Annotations/case_5180/img/case5180_28.png,/data/halyusuf/data/CataractData/semantic_segmentation/Annotations/Images-and-Supervisely-Annotations/case_5180/mask_anatomy_inst/case5180_28.png
641,/data/halyusuf/data/CataractData/semantic_segmentation/Annotations/Images-and-Supervisely-Annotations/case_5180/img/case5180_29.png,/data/halyusuf/data/CataractData/semantic_segmentation/Annotations/Images-and-Supervisely-Annotations/case_5180/mask_anatomy_inst/case5180_29.png
642,/data/halyusuf/data/CataractData/semantic_segmentation/Annotations/Images-and-Supervisely-Annotations/case_5180/img/case5180_30.png,/data/halyusuf/data/CataractData/semantic_segmentation/Annotations/Images-and-Supervisely-Annotations/case_5180/mask_anatomy_inst/case5180_30.png
643,/data/halyusuf/data/CataractData/semantic_segmentation/Annotations/Images-and-Supervisely-Annotations/case_5180/img/case5180_31.png,/data/halyusuf/data/CataractData/semantic_segmentation/Annotations/Images-and-Supervisely-Annotations/case_5180/mask_anatomy_inst/case5180_31.png
644,/data/halyusuf/data/CataractData/semantic_segmentation/Annotations/Images-and-Supervisely-Annotations/case_5180/img/case5180_32.png,/data/halyusuf/data/CataractData/semantic_segmentation/Annotations/Images-and-Supervisely-Annotations/case_5180/mask_anatomy_inst/case5180_32.png
645,/data/halyusuf/data/CataractData/semantic_segmentation/Annotations/Images-and-Supervisely-Annotations/case_5180/img/case5180_33.png,/data/halyusuf/data/CataractData/semantic_segmentation/Annotations/Images-and-Supervisely-Annotations/case_5180/mask_anatomy_inst/case5180_33.png
646,/data/halyusuf/data/CataractData/semantic_segmentation/Annotations/Images-and-Supervisely-Annotations/case_5180/img/case5180_34.png,/data/halyusuf/data/CataractData/semantic_segmentation/Annotations/Images-and-Supervisely-Annotations/case_5180/mask_anatomy_inst/case5180_34.png
647,/data/halyusuf/data/CataractData/semantic_segmentation/Annotations/Images-and-Supervisely-Annotations/case_5180/img/case5180_35.png,/data/halyusuf/data/CataractData/semantic_segmentation/Annotations/Images-and-Supervisely-Annotations/case_5180/mask_anatomy_inst/case5180_35.png
648,/data/halyusuf/data/CataractData/semantic_segmentation/Annotations/Images-and-Supervisely-Annotations/case_5180/img/case5180_36.png,/data/halyusuf/data/CataractData/semantic_segmentation/Annotations/Images-and-Supervisely-Annotations/case_5180/mask_anatomy_inst/case5180_36.png
649,/data/halyusuf/data/CataractData/semantic_segmentation/Annotations/Images-and-Supervisely-Annotations/case_5180/img/case5180_37.png,/data/halyusuf/data/CataractData/semantic_segmentation/Annotations/Images-and-Supervisely-Annotations/case_5180/mask_anatomy_inst/case5180_37.png
650,/data/halyusuf/data/CataractData/semantic_segmentation/Annotations/Images-and-Supervisely-Annotations/case_5180/img/case5180_38.png,/data/halyusuf/data/CataractData/semantic_segmentation/Annotations/Images-and-Supervisely-Annotations/case_5180/mask_anatomy_inst/case5180_38.png
651,/data/halyusuf/data/CataractData/semantic_segmentation/Annotations/Images-and-Supervisely-Annotations/case_5180/img/case5180_39.png,/data/halyusuf/data/CataractData/semantic_segmentation/Annotations/Images-and-Supervisely-Annotations/case_5180/mask_anatomy_inst/case5180_39.png
652,/data/halyusuf/data/CataractData/semantic_segmentation/Annotations/Images-and-Supervisely-Annotations/case_5180/img/case5180_40.png,/data/halyusuf/data/CataractData/semantic_segmentation/Annotations/Images-and-Supervisely-Annotations/case_5180/mask_anatomy_inst/case5180_40.png
653,/data/halyusuf/data/CataractData/semantic_segmentation/Annotations/Images-and-Supervisely-Annotations/case_5180/img/case5180_41.png,/data/halyusuf/data/CataractData/semantic_segmentation/Annotations/Images-and-Supervisely-Annotations/case_5180/mask_anatomy_inst/case5180_41.png
654,/data/halyusuf/data/CataractData/semantic_segmentation/Annotations/Images-and-Supervisely-Annotations/case_5180/img/case5180_42.png,/data/halyusuf/data/CataractData/semantic_segmentation/Annotations/Images-and-Supervisely-Annotations/case_5180/mask_anatomy_inst/case5180_42.png
655,/data/halyusuf/data/CataractData/semantic_segmentation/Annotations/Images-and-Supervisely-Annotations/case_5180/img/case5180_43.png,/data/halyusuf/data/CataractData/semantic_segmentation/Annotations/Images-and-Supervisely-Annotations/case_5180/mask_anatomy_inst/case5180_43.png
656,/data/halyusuf/data/CataractData/semantic_segmentation/Annotations/Images-and-Supervisely-Annotations/case_5180/img/case5180_44.png,/data/halyusuf/data/CataractData/semantic_segmentation/Annotations/Images-and-Supervisely-Annotations/case_5180/mask_anatomy_inst/case5180_44.png
657,/data/halyusuf/data/CataractData/semantic_segmentation/Annotations/Images-and-Supervisely-Annotations/case_5180/img/case5180_45.png,/data/halyusuf/data/CataractData/semantic_segmentation/Annotations/Images-and-Supervisely-Annotations/case_5180/mask_anatomy_inst/case5180_45.png
658,/data/halyusuf/data/CataractData/semantic_segmentation/Annotations/Images-and-Supervisely-Annotations/case_5180/img/case5180_46.png,/data/halyusuf/data/CataractData/semantic_segmentation/Annotations/Images-and-Supervisely-Annotations/case_5180/mask_anatomy_inst/case5180_46.png
659,/data/halyusuf/data/CataractData/semantic_segmentation/Annotations/Images-and-Supervisely-Annotations/case_5180/img/case5180_47.png,/data/halyusuf/data/CataractData/semantic_segmentation/Annotations/Images-and-Supervisely-Annotations/case_5180/mask_anatomy_inst/case5180_47.png
660,/data/halyusuf/data/CataractData/semantic_segmentation/Annotations/Images-and-Supervisely-Annotations/case_5180/img/case5180_48.png,/data/halyusuf/data/CataractData/semantic_segmentation/Annotations/Images-and-Supervisely-Annotations/case_5180/mask_anatomy_inst/case5180_48.png
661,/data/halyusuf/data/CataractData/semantic_segmentation/Annotations/Images-and-Supervisely-Annotations/case_5180/img/case5180_49.png,/data/halyusuf/data/CataractData/semantic_segmentation/Annotations/Images-and-Supervisely-Annotations/case_5180/mask_anatomy_inst/case5180_49.png
662,/data/halyusuf/data/CataractData/semantic_segmentation/Annotations/Images-and-Supervisely-Annotations/case_5180/img/case5180_50.png,/data/halyusuf/data/CataractData/semantic_segmentation/Annotations/Images-and-Supervisely-Annotations/case_5180/mask_anatomy_inst/case5180_50.png
663,/data/halyusuf/data/CataractData/semantic_segmentation/Annotations/Images-and-Supervisely-Annotations/case_5180/img/case5180_51.png,/data/halyusuf/data/CataractData/semantic_segmentation/Annotations/Images-and-Supervisely-Annotations/case_5180/mask_anatomy_inst/case5180_51.png
664,/data/halyusuf/data/CataractData/semantic_segmentation/Annotations/Images-and-Supervisely-Annotations/case_5180/img/case5180_52.png,/data/halyusuf/data/CataractData/semantic_segmentation/Annotations/Images-and-Supervisely-Annotations/case_5180/mask_anatomy_inst/case5180_52.png
665,/data/halyusuf/data/CataractData/semantic_segmentation/Annotations/Images-and-Supervisely-Annotations/case_5180/img/case5180_53.png,/data/halyusuf/data/CataractData/semantic_segmentation/Annotations/Images-and-Supervisely-Annotations/case_5180/mask_anatomy_inst/case5180_53.png
666,/data/halyusuf/data/CataractData/semantic_segmentation/Annotations/Images-and-Supervisely-Annotations/case_5180/img/case5180_54.png,/data/halyusuf/data/CataractData/semantic_segmentation/Annotations/Images-and-Supervisely-Annotations/case_5180/mask_anatomy_inst/case5180_54.png
667,/data/halyusuf/data/CataractData/semantic_segmentation/Annotations/Images-and-Supervisely-Annotations/case_5180/img/case5180_55.png,/data/halyusuf/data/CataractData/semantic_segmentation/Annotations/Images-and-Supervisely-Annotations/case_5180/mask_anatomy_inst/case5180_55.png
668,/data/halyusuf/data/CataractData/semantic_segmentation/Annotations/Images-and-Supervisely-Annotations/case_5180/img/case5180_56.png,/data/halyusuf/data/CataractData/semantic_segmentation/Annotations/Images-and-Supervisely-Annotations/case_5180/mask_anatomy_inst/case5180_56.png
669,/data/halyusuf/data/CataractData/semantic_segmentation/Annotations/Images-and-Supervisely-Annotations/case_5180/img/case5180_57.png,/data/halyusuf/data/CataractData/semantic_segmentation/Annotations/Images-and-Supervisely-Annotations/case_5180/mask_anatomy_inst/case5180_57.png
670,/data/halyusuf/data/CataractData/semantic_segmentation/Annotations/Images-and-Supervisely-Annotations/case_5180/img/case5180_58.png,/data/halyusuf/data/CataractData/semantic_segmentation/Annotations/Images-and-Supervisely-Annotations/case_5180/mask_anatomy_inst/case5180_58.png
671,/data/halyusuf/data/CataractData/semantic_segmentation/Annotations/Images-and-Supervisely-Annotations/case_5180/img/case5180_59.png,/data/halyusuf/data/CataractData/semantic_segmentation/Annotations/Images-and-Supervisely-Annotations/case_5180/mask_anatomy_inst/case5180_59.png
672,/data/halyusuf/data/CataractData/semantic_segmentation/Annotations/Images-and-Supervisely-Annotations/case_5180/img/case5180_60.png,/data/halyusuf/data/CataractData/semantic_segmentation/Annotations/Images-and-Supervisely-Annotations/case_5180/mask_anatomy_inst/case5180_60.png
673,/data/halyusuf/data/CataractData/semantic_segmentation/Annotations/Images-and-Supervisely-Annotations/case_5180/img/case5180_61.png,/data/halyusuf/data/CataractData/semantic_segmentation/Annotations/Images-and-Supervisely-Annotations/case_5180/mask_anatomy_inst/case5180_61.png
674,/data/halyusuf/data/CataractData/semantic_segmentation/Annotations/Images-and-Supervisely-Annotations/case_5180/img/case5180_62.png,/data/halyusuf/data/CataractData/semantic_segmentation/Annotations/Images-and-Supervisely-Annotations/case_5180/mask_anatomy_inst/case5180_62.png
675,/data/halyusuf/data/CataractData/semantic_segmentation/Annotations/Images-and-Supervisely-Annotations/case_5180/img/case5180_63.png,/data/halyusuf/data/CataractData/semantic_segmentation/Annotations/Images-and-Supervisely-Annotations/case_5180/mask_anatomy_inst/case5180_63.png
676,/data/halyusuf/data/CataractData/semantic_segmentation/Annotations/Images-and-Supervisely-Annotations/case_5180/img/case5180_64.png,/data/halyusuf/data/CataractData/semantic_segmentation/Annotations/Images-and-Supervisely-Annotations/case_5180/mask_anatomy_inst/case5180_64.png
677,/data/halyusuf/data/CataractData/semantic_segmentation/Annotations/Images-and-Supervisely-Annotations/case_5180/img/case5180_65.png,/data/halyusuf/data/CataractData/semantic_segmentation/Annotations/Images-and-Supervisely-Annotations/case_5180/mask_anatomy_inst/case5180_65.png
678,/data/halyusuf/data/CataractData/semantic_segmentation/Annotations/Images-and-Supervisely-Annotations/case_5180/img/case5180_66.png,/data/halyusuf/data/CataractData/semantic_segmentation/Annotations/Images-and-Supervisely-Annotations/case_5180/mask_anatomy_inst/case5180_66.png
679,/data/halyusuf/data/CataractData/semantic_segmentation/Annotations/Images-and-Supervisely-Annotations/case_5180/img/case5180_67.png,/data/halyusuf/data/CataractData/semantic_segmentation/Annotations/Images-and-Supervisely-Annotations/case_5180/mask_anatomy_inst/case5180_67.png
680,/data/halyusuf/data/CataractData/semantic_segmentation/Annotations/Images-and-Supervisely-Annotations/case_5180/img/case5180_68.png,/data/halyusuf/data/CataractData/semantic_segmentation/Annotations/Images-and-Supervisely-Annotations/case_5180/mask_anatomy_inst/case5180_68.png
681,/data/halyusuf/data/CataractData/semantic_segmentation/Annotations/Images-and-Supervisely-Annotations/case_5180/img/case5180_69.png,/data/halyusuf/data/CataractData/semantic_segmentation/Annotations/Images-and-Supervisely-Annotations/case_5180/mask_anatomy_inst/case5180_69.png
682,/data/halyusuf/data/CataractData/semantic_segmentation/Annotations/Images-and-Supervisely-Annotations/case_5180/img/case5180_70.png,/data/halyusuf/data/CataractData/semantic_segmentation/Annotations/Images-and-Supervisely-Annotations/case_5180/mask_anatomy_inst/case5180_70.png
683,/data/halyusuf/data/CataractData/semantic_segmentation/Annotations/Images-and-Supervisely-Annotations/case_5180/img/case5180_71.png,/data/halyusuf/data/CataractData/semantic_segmentation/Annotations/Images-and-Supervisely-Annotations/case_5180/mask_anatomy_inst/case5180_71.png
684,/data/halyusuf/data/CataractData/semantic_segmentation/Annotations/Images-and-Supervisely-Annotations/case_5180/img/case5180_72.png,/data/halyusuf/data/CataractData/semantic_segmentation/Annotations/Images-and-Supervisely-Annotations/case_5180/mask_anatomy_inst/case5180_72.png
685,/data/halyusuf/data/CataractData/semantic_segmentation/Annotations/Images-and-Supervisely-Annotations/case_5180/img/case5180_73.png,/data/halyusuf/data/CataractData/semantic_segmentation/Annotations/Images-and-Supervisely-Annotations/case_5180/mask_anatomy_inst/case5180_73.png
686,/data/halyusuf/data/CataractData/semantic_segmentation/Annotations/Images-and-Supervisely-Annotations/case_5180/img/case5180_74.png,/data/halyusuf/data/CataractData/semantic_segmentation/Annotations/Images-and-Supervisely-Annotations/case_5180/mask_anatomy_inst/case5180_74.png
687,/data/halyusuf/data/CataractData/semantic_segmentation/Annotations/Images-and-Supervisely-Annotations/case_5180/img/case5180_75.png,/data/halyusuf/data/CataractData/semantic_segmentation/Annotations/Images-and-Supervisely-Annotations/case_5180/mask_anatomy_inst/case5180_75.png
688,/data/halyusuf/data/CataractData/semantic_segmentation/Annotations/Images-and-Supervisely-Annotations/case_5180/img/case5180_76.png,/data/halyusuf/data/CataractData/semantic_segmentation/Annotations/Images-and-Supervisely-Annotations/case_5180/mask_anatomy_inst/case5180_76.png
689,/data/halyusuf/data/CataractData/semantic_segmentation/Annotations/Images-and-Supervisely-Annotations/case_5180/img/case5180_77.png,/data/halyusuf/data/CataractData/semantic_segmentation/Annotations/Images-and-Supervisely-Annotations/case_5180/mask_anatomy_inst/case5180_77.png
690,/data/halyusuf/data/CataractData/semantic_segmentation/Annotations/Images-and-Supervisely-Annotations/case_5180/img/case5180_78.png,/data/halyusuf/data/CataractData/semantic_segmentation/Annotations/Images-and-Supervisely-Annotations/case_5180/mask_anatomy_inst/case5180_78.png
691,/data/halyusuf/data/CataractData/semantic_segmentation/Annotations/Images-and-Supervisely-Annotations/case_5180/img/case5180_79.png,/data/halyusuf/data/CataractData/semantic_segmentation/Annotations/Images-and-Supervisely-Annotations/case_5180/mask_anatomy_inst/case5180_79.png
692,/data/halyusuf/data/CataractData/semantic_segmentation/Annotations/Images-and-Supervisely-Annotations/case_5180/img/case5180_80.png,/data/halyusuf/data/CataractData/semantic_segmentation/Annotations/Images-and-Supervisely-Annotations/case_5180/mask_anatomy_inst/case5180_80.png
693,/data/halyusuf/data/CataractData/semantic_segmentation/Annotations/Images-and-Supervisely-Annotations/case_5180/img/case5180_81.png,/data/halyusuf/data/CataractData/semantic_segmentation/Annotations/Images-and-Supervisely-Annotations/case_5180/mask_anatomy_inst/case5180_81.png
694,/data/halyusuf/data/CataractData/semantic_segmentation/Annotations/Images-and-Supervisely-Annotations/case_5180/img/case5180_82.png,/data/halyusuf/data/CataractData/semantic_segmentation/Annotations/Images-and-Supervisely-Annotations/case_5180/mask_anatomy_inst/case5180_82.png
695,/data/halyusuf/data/CataractData/semantic_segmentation/Annotations/Images-and-Supervisely-Annotations/case_5180/img/case5180_83.png,/data/halyusuf/data/CataractData/semantic_segmentation/Annotations/Images-and-Supervisely-Annotations/case_5180/mask_anatomy_inst/case5180_83.png
696,/data/halyusuf/data/CataractData/semantic_segmentation/Annotations/Images-and-Supervisely-Annotations/case_5180/img/case5180_84.png,/data/halyusuf/data/CataractData/semantic_segmentation/Annotations/Images-and-Supervisely-Annotations/case_5180/mask_anatomy_inst/case5180_84.png
697,/data/halyusuf/data/CataractData/semantic_segmentation/Annotations/Images-and-Supervisely-Annotations/case_5180/img/case5180_85.png,/data/halyusuf/data/CataractData/semantic_segmentation/Annotations/Images-and-Supervisely-Annotations/case_5180/mask_anatomy_inst/case5180_85.png
698,/data/halyusuf/data/CataractData/semantic_segmentation/Annotations/Images-and-Supervisely-Annotations/case_5180/img/case5180_86.png,/data/halyusuf/data/CataractData/semantic_segmentation/Annotations/Images-and-Supervisely-Annotations/case_5180/mask_anatomy_inst/case5180_86.png
699,/data/halyusuf/data/CataractData/semantic_segmentation/Annotations/Images-and-Supervisely-Annotations/case_5180/img/case5180_87.png,/data/halyusuf/data/CataractData/semantic_segmentation/Annotations/Images-and-Supervisely-Annotations/case_5180/mask_anatomy_inst/case5180_87.png
700,/data/halyusuf/data/CataractData/semantic_segmentation/Annotations/Images-and-Supervisely-Annotations/case_5180/img/case5180_88.png,/data/halyusuf/data/CataractData/semantic_segmentation/Annotations/Images-and-Supervisely-Annotations/case_5180/mask_anatomy_inst/case5180_88.png
701,/data/halyusuf/data/CataractData/semantic_segmentation/Annotations/Images-and-Supervisely-Annotations/case_5180/img/case5180_89.png,/data/halyusuf/data/CataractData/semantic_segmentation/Annotations/Images-and-Supervisely-Annotations/case_5180/mask_anatomy_inst/case5180_89.png
702,/data/halyusuf/data/CataractData/semantic_segmentation/Annotations/Images-and-Supervisely-Annotations/case_5180/img/case5180_90.png,/data/halyusuf/data/CataractData/semantic_segmentation/Annotations/Images-and-Supervisely-Annotations/case_5180/mask_anatomy_inst/case5180_90.png
703,/data/halyusuf/data/CataractData/semantic_segmentation/Annotations/Images-and-Supervisely-Annotations/case_5180/img/case5180_91.png,/data/halyusuf/data/CataractData/semantic_segmentation/Annotations/Images-and-Supervisely-Annotations/case_5180/mask_anatomy_inst/case5180_91.png
704,/data/halyusuf/data/CataractData/semantic_segmentation/Annotations/Images-and-Supervisely-Annotations/case_5180/img/case5180_92.png,/data/halyusuf/data/CataractData/semantic_segmentation/Annotations/Images-and-Supervisely-Annotations/case_5180/mask_anatomy_inst/case5180_92.png
705,/data/halyusuf/data/CataractData/semantic_segmentation/Annotations/Images-and-Supervisely-Annotations/case_5299/img/case5299_01.png,/data/halyusuf/data/CataractData/semantic_segmentation/Annotations/Images-and-Supervisely-Annotations/case_5299/mask_anatomy_inst/case5299_01.png
706,/data/halyusuf/data/CataractData/semantic_segmentation/Annotations/Images-and-Supervisely-Annotations/case_5299/img/case5299_02.png,/data/halyusuf/data/CataractData/semantic_segmentation/Annotations/Images-and-Supervisely-Annotations/case_5299/mask_anatomy_inst/case5299_02.png
707,/data/halyusuf/data/CataractData/semantic_segmentation/Annotations/Images-and-Supervisely-Annotations/case_5299/img/case5299_03.png,/data/halyusuf/data/CataractData/semantic_segmentation/Annotations/Images-and-Supervisely-Annotations/case_5299/mask_anatomy_inst/case5299_03.png
708,/data/halyusuf/data/CataractData/semantic_segmentation/Annotations/Images-and-Supervisely-Annotations/case_5299/img/case5299_04.png,/data/halyusuf/data/CataractData/semantic_segmentation/Annotations/Images-and-Supervisely-Annotations/case_5299/mask_anatomy_inst/case5299_04.png
709,/data/halyusuf/data/CataractData/semantic_segmentation/Annotations/Images-and-Supervisely-Annotations/case_5299/img/case5299_05.png,/data/halyusuf/data/CataractData/semantic_segmentation/Annotations/Images-and-Supervisely-Annotations/case_5299/mask_anatomy_inst/case5299_05.png
710,/data/halyusuf/data/CataractData/semantic_segmentation/Annotations/Images-and-Supervisely-Annotations/case_5299/img/case5299_06.png,/data/halyusuf/data/CataractData/semantic_segmentation/Annotations/Images-and-Supervisely-Annotations/case_5299/mask_anatomy_inst/case5299_06.png
711,/data/halyusuf/data/CataractData/semantic_segmentation/Annotations/Images-and-Supervisely-Annotations/case_5299/img/case5299_07.png,/data/halyusuf/data/CataractData/semantic_segmentation/Annotations/Images-and-Supervisely-Annotations/case_5299/mask_anatomy_inst/case5299_07.png
712,/data/halyusuf/data/CataractData/semantic_segmentation/Annotations/Images-and-Supervisely-Annotations/case_5299/img/case5299_08.png,/data/halyusuf/data/CataractData/semantic_segmentation/Annotations/Images-and-Supervisely-Annotations/case_5299/mask_anatomy_inst/case5299_08.png
713,/data/halyusuf/data/CataractData/semantic_segmentation/Annotations/Images-and-Supervisely-Annotations/case_5299/img/case5299_09.png,/data/halyusuf/data/CataractData/semantic_segmentation/Annotations/Images-and-Supervisely-Annotations/case_5299/mask_anatomy_inst/case5299_09.png
714,/data/halyusuf/data/CataractData/semantic_segmentation/Annotations/Images-and-Supervisely-Annotations/case_5299/img/case5299_10.png,/data/halyusuf/data/CataractData/semantic_segmentation/Annotations/Images-and-Supervisely-Annotations/case_5299/mask_anatomy_inst/case5299_10.png
715,/data/halyusuf/data/CataractData/semantic_segmentation/Annotations/Images-and-Supervisely-Annotations/case_5299/img/case5299_11.png,/data/halyusuf/data/CataractData/semantic_segmentation/Annotations/Images-and-Supervisely-Annotations/case_5299/mask_anatomy_inst/case5299_11.png
716,/data/halyusuf/data/CataractData/semantic_segmentation/Annotations/Images-and-Supervisely-Annotations/case_5299/img/case5299_12.png,/data/halyusuf/data/CataractData/semantic_segmentation/Annotations/Images-and-Supervisely-Annotations/case_5299/mask_anatomy_inst/case5299_12.png
717,/data/halyusuf/data/CataractData/semantic_segmentation/Annotations/Images-and-Supervisely-Annotations/case_5299/img/case5299_13.png,/data/halyusuf/data/CataractData/semantic_segmentation/Annotations/Images-and-Supervisely-Annotations/case_5299/mask_anatomy_inst/case5299_13.png
718,/data/halyusuf/data/CataractData/semantic_segmentation/Annotations/Images-and-Supervisely-Annotations/case_5299/img/case5299_14.png,/data/halyusuf/data/CataractData/semantic_segmentation/Annotations/Images-and-Supervisely-Annotations/case_5299/mask_anatomy_inst/case5299_14.png
719,/data/halyusuf/data/CataractData/semantic_segmentation/Annotations/Images-and-Supervisely-Annotations/case_5299/img/case5299_15.png,/data/halyusuf/data/CataractData/semantic_segmentation/Annotations/Images-and-Supervisely-Annotations/case_5299/mask_anatomy_inst/case5299_15.png
720,/data/halyusuf/data/CataractData/semantic_segmentation/Annotations/Images-and-Supervisely-Annotations/case_5299/img/case5299_16.png,/data/halyusuf/data/CataractData/semantic_segmentation/Annotations/Images-and-Supervisely-Annotations/case_5299/mask_anatomy_inst/case5299_16.png
721,/data/halyusuf/data/CataractData/semantic_segmentation/Annotations/Images-and-Supervisely-Annotations/case_5299/img/case5299_17.png,/data/halyusuf/data/CataractData/semantic_segmentation/Annotations/Images-and-Supervisely-Annotations/case_5299/mask_anatomy_inst/case5299_17.png
722,/data/halyusuf/data/CataractData/semantic_segmentation/Annotations/Images-and-Supervisely-Annotations/case_5299/img/case5299_18.png,/data/halyusuf/data/CataractData/semantic_segmentation/Annotations/Images-and-Supervisely-Annotations/case_5299/mask_anatomy_inst/case5299_18.png
723,/data/halyusuf/data/CataractData/semantic_segmentation/Annotations/Images-and-Supervisely-Annotations/case_5299/img/case5299_19.png,/data/halyusuf/data/CataractData/semantic_segmentation/Annotations/Images-and-Supervisely-Annotations/case_5299/mask_anatomy_inst/case5299_19.png
724,/data/halyusuf/data/CataractData/semantic_segmentation/Annotations/Images-and-Supervisely-Annotations/case_5299/img/case5299_20.png,/data/halyusuf/data/CataractData/semantic_segmentation/Annotations/Images-and-Supervisely-Annotations/case_5299/mask_anatomy_inst/case5299_20.png
725,/data/halyusuf/data/CataractData/semantic_segmentation/Annotations/Images-and-Supervisely-Annotations/case_5299/img/case5299_21.png,/data/halyusuf/data/CataractData/semantic_segmentation/Annotations/Images-and-Supervisely-Annotations/case_5299/mask_anatomy_inst/case5299_21.png
726,/data/halyusuf/data/CataractData/semantic_segmentation/Annotations/Images-and-Supervisely-Annotations/case_5299/img/case5299_22.png,/data/halyusuf/data/CataractData/semantic_segmentation/Annotations/Images-and-Supervisely-Annotations/case_5299/mask_anatomy_inst/case5299_22.png
727,/data/halyusuf/data/CataractData/semantic_segmentation/Annotations/Images-and-Supervisely-Annotations/case_5299/img/case5299_23.png,/data/halyusuf/data/CataractData/semantic_segmentation/Annotations/Images-and-Supervisely-Annotations/case_5299/mask_anatomy_inst/case5299_23.png
728,/data/halyusuf/data/CataractData/semantic_segmentation/Annotations/Images-and-Supervisely-Annotations/case_5299/img/case5299_24.png,/data/halyusuf/data/CataractData/semantic_segmentation/Annotations/Images-and-Supervisely-Annotations/case_5299/mask_anatomy_inst/case5299_24.png
729,/data/halyusuf/data/CataractData/semantic_segmentation/Annotations/Images-and-Supervisely-Annotations/case_5299/img/case5299_25.png,/data/halyusuf/data/CataractData/semantic_segmentation/Annotations/Images-and-Supervisely-Annotations/case_5299/mask_anatomy_inst/case5299_25.png
730,/data/halyusuf/data/CataractData/semantic_segmentation/Annotations/Images-and-Supervisely-Annotations/case_5299/img/case5299_26.png,/data/halyusuf/data/CataractData/semantic_segmentation/Annotations/Images-and-Supervisely-Annotations/case_5299/mask_anatomy_inst/case5299_26.png
731,/data/halyusuf/data/CataractData/semantic_segmentation/Annotations/Images-and-Supervisely-Annotations/case_5299/img/case5299_27.png,/data/halyusuf/data/CataractData/semantic_segmentation/Annotations/Images-and-Supervisely-Annotations/case_5299/mask_anatomy_inst/case5299_27.png
732,/data/halyusuf/data/CataractData/semantic_segmentation/Annotations/Images-and-Supervisely-Annotations/case_5299/img/case5299_28.png,/data/halyusuf/data/CataractData/semantic_segmentation/Annotations/Images-and-Supervisely-Annotations/case_5299/mask_anatomy_inst/case5299_28.png
733,/data/halyusuf/data/CataractData/semantic_segmentation/Annotations/Images-and-Supervisely-Annotations/case_5299/img/case5299_29.png,/data/halyusuf/data/CataractData/semantic_segmentation/Annotations/Images-and-Supervisely-Annotations/case_5299/mask_anatomy_inst/case5299_29.png
734,/data/halyusuf/data/CataractData/semantic_segmentation/Annotations/Images-and-Supervisely-Annotations/case_5299/img/case5299_30.png,/data/halyusuf/data/CataractData/semantic_segmentation/Annotations/Images-and-Supervisely-Annotations/case_5299/mask_anatomy_inst/case5299_30.png
735,/data/halyusuf/data/CataractData/semantic_segmentation/Annotations/Images-and-Supervisely-Annotations/case_5299/img/case5299_31.png,/data/halyusuf/data/CataractData/semantic_segmentation/Annotations/Images-and-Supervisely-Annotations/case_5299/mask_anatomy_inst/case5299_31.png
736,/data/halyusuf/data/CataractData/semantic_segmentation/Annotations/Images-and-Supervisely-Annotations/case_5299/img/case5299_32.png,/data/halyusuf/data/CataractData/semantic_segmentation/Annotations/Images-and-Supervisely-Annotations/case_5299/mask_anatomy_inst/case5299_32.png
737,/data/halyusuf/data/CataractData/semantic_segmentation/Annotations/Images-and-Supervisely-Annotations/case_5299/img/case5299_33.png,/data/halyusuf/data/CataractData/semantic_segmentation/Annotations/Images-and-Supervisely-Annotations/case_5299/mask_anatomy_inst/case5299_33.png
738,/data/halyusuf/data/CataractData/semantic_segmentation/Annotations/Images-and-Supervisely-Annotations/case_5299/img/case5299_34.png,/data/halyusuf/data/CataractData/semantic_segmentation/Annotations/Images-and-Supervisely-Annotations/case_5299/mask_anatomy_inst/case5299_34.png
739,/data/halyusuf/data/CataractData/semantic_segmentation/Annotations/Images-and-Supervisely-Annotations/case_5299/img/case5299_35.png,/data/halyusuf/data/CataractData/semantic_segmentation/Annotations/Images-and-Supervisely-Annotations/case_5299/mask_anatomy_inst/case5299_35.png
740,/data/halyusuf/data/CataractData/semantic_segmentation/Annotations/Images-and-Supervisely-Annotations/case_5299/img/case5299_36.png,/data/halyusuf/data/CataractData/semantic_segmentation/Annotations/Images-and-Supervisely-Annotations/case_5299/mask_anatomy_inst/case5299_36.png
741,/data/halyusuf/data/CataractData/semantic_segmentation/Annotations/Images-and-Supervisely-Annotations/case_5299/img/case5299_37.png,/data/halyusuf/data/CataractData/semantic_segmentation/Annotations/Images-and-Supervisely-Annotations/case_5299/mask_anatomy_inst/case5299_37.png
742,/data/halyusuf/data/CataractData/semantic_segmentation/Annotations/Images-and-Supervisely-Annotations/case_5299/img/case5299_38.png,/data/halyusuf/data/CataractData/semantic_segmentation/Annotations/Images-and-Supervisely-Annotations/case_5299/mask_anatomy_inst/case5299_38.png
743,/data/halyusuf/data/CataractData/semantic_segmentation/Annotations/Images-and-Supervisely-Annotations/case_5299/img/case5299_39.png,/data/halyusuf/data/CataractData/semantic_segmentation/Annotations/Images-and-Supervisely-Annotations/case_5299/mask_anatomy_inst/case5299_39.png
744,/data/halyusuf/data/CataractData/semantic_segmentation/Annotations/Images-and-Supervisely-Annotations/case_5299/img/case5299_40.png,/data/halyusuf/data/CataractData/semantic_segmentation/Annotations/Images-and-Supervisely-Annotations/case_5299/mask_anatomy_inst/case5299_40.png
745,/data/halyusuf/data/CataractData/semantic_segmentation/Annotations/Images-and-Supervisely-Annotations/case_5299/img/case5299_41.png,/data/halyusuf/data/CataractData/semantic_segmentation/Annotations/Images-and-Supervisely-Annotations/case_5299/mask_anatomy_inst/case5299_41.png
746,/data/halyusuf/data/CataractData/semantic_segmentation/Annotations/Images-and-Supervisely-Annotations/case_5299/img/case5299_42.png,/data/halyusuf/data/CataractData/semantic_segmentation/Annotations/Images-and-Supervisely-Annotations/case_5299/mask_anatomy_inst/case5299_42.png
747,/data/halyusuf/data/CataractData/semantic_segmentation/Annotations/Images-and-Supervisely-Annotations/case_5299/img/case5299_43.png,/data/halyusuf/data/CataractData/semantic_segmentation/Annotations/Images-and-Supervisely-Annotations/case_5299/mask_anatomy_inst/case5299_43.png
748,/data/halyusuf/data/CataractData/semantic_segmentation/Annotations/Images-and-Supervisely-Annotations/case_5299/img/case5299_44.png,/data/halyusuf/data/CataractData/semantic_segmentation/Annotations/Images-and-Supervisely-Annotations/case_5299/mask_anatomy_inst/case5299_44.png
749,/data/halyusuf/data/CataractData/semantic_segmentation/Annotations/Images-and-Supervisely-Annotations/case_5299/img/case5299_45.png,/data/halyusuf/data/CataractData/semantic_segmentation/Annotations/Images-and-Supervisely-Annotations/case_5299/mask_anatomy_inst/case5299_45.png
750,/data/halyusuf/data/CataractData/semantic_segmentation/Annotations/Images-and-Supervisely-Annotations/case_5299/img/case5299_46.png,/data/halyusuf/data/CataractData/semantic_segmentation/Annotations/Images-and-Supervisely-Annotations/case_5299/mask_anatomy_inst/case5299_46.png
751,/data/halyusuf/data/CataractData/semantic_segmentation/Annotations/Images-and-Supervisely-Annotations/case_5299/img/case5299_47.png,/data/halyusuf/data/CataractData/semantic_segmentation/Annotations/Images-and-Supervisely-Annotations/case_5299/mask_anatomy_inst/case5299_47.png
752,/data/halyusuf/data/CataractData/semantic_segmentation/Annotations/Images-and-Supervisely-Annotations/case_5299/img/case5299_48.png,/data/halyusuf/data/CataractData/semantic_segmentation/Annotations/Images-and-Supervisely-Annotations/case_5299/mask_anatomy_inst/case5299_48.png
753,/data/halyusuf/data/CataractData/semantic_segmentation/Annotations/Images-and-Supervisely-Annotations/case_5299/img/case5299_49.png,/data/halyusuf/data/CataractData/semantic_segmentation/Annotations/Images-and-Supervisely-Annotations/case_5299/mask_anatomy_inst/case5299_49.png
754,/data/halyusuf/data/CataractData/semantic_segmentation/Annotations/Images-and-Supervisely-Annotations/case_5299/img/case5299_50.png,/data/halyusuf/data/CataractData/semantic_segmentation/Annotations/Images-and-Supervisely-Annotations/case_5299/mask_anatomy_inst/case5299_50.png
755,/data/halyusuf/data/CataractData/semantic_segmentation/Annotations/Images-and-Supervisely-Annotations/case_5299/img/case5299_51.png,/data/halyusuf/data/CataractData/semantic_segmentation/Annotations/Images-and-Supervisely-Annotations/case_5299/mask_anatomy_inst/case5299_51.png
756,/data/halyusuf/data/CataractData/semantic_segmentation/Annotations/Images-and-Supervisely-Annotations/case_5299/img/case5299_52.png,/data/halyusuf/data/CataractData/semantic_segmentation/Annotations/Images-and-Supervisely-Annotations/case_5299/mask_anatomy_inst/case5299_52.png
757,/data/halyusuf/data/CataractData/semantic_segmentation/Annotations/Images-and-Supervisely-Annotations/case_5299/img/case5299_53.png,/data/halyusuf/data/CataractData/semantic_segmentation/Annotations/Images-and-Supervisely-Annotations/case_5299/mask_anatomy_inst/case5299_53.png
758,/data/halyusuf/data/CataractData/semantic_segmentation/Annotations/Images-and-Supervisely-Annotations/case_5299/img/case5299_54.png,/data/halyusuf/data/CataractData/semantic_segmentation/Annotations/Images-and-Supervisely-Annotations/case_5299/mask_anatomy_inst/case5299_54.png
759,/data/halyusuf/data/CataractData/semantic_segmentation/Annotations/Images-and-Supervisely-Annotations/case_5299/img/case5299_55.png,/data/halyusuf/data/CataractData/semantic_segmentation/Annotations/Images-and-Supervisely-Annotations/case_5299/mask_anatomy_inst/case5299_55.png
760,/data/halyusuf/data/CataractData/semantic_segmentation/Annotations/Images-and-Supervisely-Annotations/case_5299/img/case5299_56.png,/data/halyusuf/data/CataractData/semantic_segmentation/Annotations/Images-and-Supervisely-Annotations/case_5299/mask_anatomy_inst/case5299_56.png
761,/data/halyusuf/data/CataractData/semantic_segmentation/Annotations/Images-and-Supervisely-Annotations/case_5299/img/case5299_57.png,/data/halyusuf/data/CataractData/semantic_segmentation/Annotations/Images-and-Supervisely-Annotations/case_5299/mask_anatomy_inst/case5299_57.png
762,/data/halyusuf/data/CataractData/semantic_segmentation/Annotations/Images-and-Supervisely-Annotations/case_5299/img/case5299_58.png,/data/halyusuf/data/CataractData/semantic_segmentation/Annotations/Images-and-Supervisely-Annotations/case_5299/mask_anatomy_inst/case5299_58.png
763,/data/halyusuf/data/CataractData/semantic_segmentation/Annotations/Images-and-Supervisely-Annotations/case_5299/img/case5299_59.png,/data/halyusuf/data/CataractData/semantic_segmentation/Annotations/Images-and-Supervisely-Annotations/case_5299/mask_anatomy_inst/case5299_59.png
764,/data/halyusuf/data/CataractData/semantic_segmentation/Annotations/Images-and-Supervisely-Annotations/case_5299/img/case5299_60.png,/data/halyusuf/data/CataractData/semantic_segmentation/Annotations/Images-and-Supervisely-Annotations/case_5299/mask_anatomy_inst/case5299_60.png
765,/data/halyusuf/data/CataractData/semantic_segmentation/Annotations/Images-and-Supervisely-Annotations/case_5299/img/case5299_61.png,/data/halyusuf/data/CataractData/semantic_segmentation/Annotations/Images-and-Supervisely-Annotations/case_5299/mask_anatomy_inst/case5299_61.png
766,/data/halyusuf/data/CataractData/semantic_segmentation/Annotations/Images-and-Supervisely-Annotations/case_5299/img/case5299_62.png,/data/halyusuf/data/CataractData/semantic_segmentation/Annotations/Images-and-Supervisely-Annotations/case_5299/mask_anatomy_inst/case5299_62.png
767,/data/halyusuf/data/CataractData/semantic_segmentation/Annotations/Images-and-Supervisely-Annotations/case_5299/img/case5299_63.png,/data/halyusuf/data/CataractData/semantic_segmentation/Annotations/Images-and-Supervisely-Annotations/case_5299/mask_anatomy_inst/case5299_63.png
768,/data/halyusuf/data/CataractData/semantic_segmentation/Annotations/Images-and-Supervisely-Annotations/case_5299/img/case5299_64.png,/data/halyusuf/data/CataractData/semantic_segmentation/Annotations/Images-and-Supervisely-Annotations/case_5299/mask_anatomy_inst/case5299_64.png
769,/data/halyusuf/data/CataractData/semantic_segmentation/Annotations/Images-and-Supervisely-Annotations/case_5299/img/case5299_65.png,/data/halyusuf/data/CataractData/semantic_segmentation/Annotations/Images-and-Supervisely-Annotations/case_5299/mask_anatomy_inst/case5299_65.png
770,/data/halyusuf/data/CataractData/semantic_segmentation/Annotations/Images-and-Supervisely-Annotations/case_5299/img/case5299_66.png,/data/halyusuf/data/CataractData/semantic_segmentation/Annotations/Images-and-Supervisely-Annotations/case_5299/mask_anatomy_inst/case5299_66.png
771,/data/halyusuf/data/CataractData/semantic_segmentation/Annotations/Images-and-Supervisely-Annotations/case_5299/img/case5299_67.png,/data/halyusuf/data/CataractData/semantic_segmentation/Annotations/Images-and-Supervisely-Annotations/case_5299/mask_anatomy_inst/case5299_67.png
772,/data/halyusuf/data/CataractData/semantic_segmentation/Annotations/Images-and-Supervisely-Annotations/case_5299/img/case5299_68.png,/data/halyusuf/data/CataractData/semantic_segmentation/Annotations/Images-and-Supervisely-Annotations/case_5299/mask_anatomy_inst/case5299_68.png
773,/data/halyusuf/data/CataractData/semantic_segmentation/Annotations/Images-and-Supervisely-Annotations/case_5299/img/case5299_69.png,/data/halyusuf/data/CataractData/semantic_segmentation/Annotations/Images-and-Supervisely-Annotations/case_5299/mask_anatomy_inst/case5299_69.png
774,/data/halyusuf/data/CataractData/semantic_segmentation/Annotations/Images-and-Supervisely-Annotations/case_5304/img/case5304_01.png,/data/halyusuf/data/CataractData/semantic_segmentation/Annotations/Images-and-Supervisely-Annotations/case_5304/mask_anatomy_inst/case5304_01.png
775,/data/halyusuf/data/CataractData/semantic_segmentation/Annotations/Images-and-Supervisely-Annotations/case_5304/img/case5304_02.png,/data/halyusuf/data/CataractData/semantic_segmentation/Annotations/Images-and-Supervisely-Annotations/case_5304/mask_anatomy_inst/case5304_02.png
776,/data/halyusuf/data/CataractData/semantic_segmentation/Annotations/Images-and-Supervisely-Annotations/case_5304/img/case5304_03.png,/data/halyusuf/data/CataractData/semantic_segmentation/Annotations/Images-and-Supervisely-Annotations/case_5304/mask_anatomy_inst/case5304_03.png
777,/data/halyusuf/data/CataractData/semantic_segmentation/Annotations/Images-and-Supervisely-Annotations/case_5304/img/case5304_04.png,/data/halyusuf/data/CataractData/semantic_segmentation/Annotations/Images-and-Supervisely-Annotations/case_5304/mask_anatomy_inst/case5304_04.png
778,/data/halyusuf/data/CataractData/semantic_segmentation/Annotations/Images-and-Supervisely-Annotations/case_5304/img/case5304_05.png,/data/halyusuf/data/CataractData/semantic_segmentation/Annotations/Images-and-Supervisely-Annotations/case_5304/mask_anatomy_inst/case5304_05.png
779,/data/halyusuf/data/CataractData/semantic_segmentation/Annotations/Images-and-Supervisely-Annotations/case_5304/img/case5304_06.png,/data/halyusuf/data/CataractData/semantic_segmentation/Annotations/Images-and-Supervisely-Annotations/case_5304/mask_anatomy_inst/case5304_06.png
780,/data/halyusuf/data/CataractData/semantic_segmentation/Annotations/Images-and-Supervisely-Annotations/case_5304/img/case5304_07.png,/data/halyusuf/data/CataractData/semantic_segmentation/Annotations/Images-and-Supervisely-Annotations/case_5304/mask_anatomy_inst/case5304_07.png
781,/data/halyusuf/data/CataractData/semantic_segmentation/Annotations/Images-and-Supervisely-Annotations/case_5304/img/case5304_08.png,/data/halyusuf/data/CataractData/semantic_segmentation/Annotations/Images-and-Supervisely-Annotations/case_5304/mask_anatomy_inst/case5304_08.png
782,/data/halyusuf/data/CataractData/semantic_segmentation/Annotations/Images-and-Supervisely-Annotations/case_5304/img/case5304_09.png,/data/halyusuf/data/CataractData/semantic_segmentation/Annotations/Images-and-Supervisely-Annotations/case_5304/mask_anatomy_inst/case5304_09.png
783,/data/halyusuf/data/CataractData/semantic_segmentation/Annotations/Images-and-Supervisely-Annotations/case_5304/img/case5304_10.png,/data/halyusuf/data/CataractData/semantic_segmentation/Annotations/Images-and-Supervisely-Annotations/case_5304/mask_anatomy_inst/case5304_10.png
784,/data/halyusuf/data/CataractData/semantic_segmentation/Annotations/Images-and-Supervisely-Annotations/case_5304/img/case5304_11.png,/data/halyusuf/data/CataractData/semantic_segmentation/Annotations/Images-and-Supervisely-Annotations/case_5304/mask_anatomy_inst/case5304_11.png
785,/data/halyusuf/data/CataractData/semantic_segmentation/Annotations/Images-and-Supervisely-Annotations/case_5304/img/case5304_12.png,/data/halyusuf/data/CataractData/semantic_segmentation/Annotations/Images-and-Supervisely-Annotations/case_5304/mask_anatomy_inst/case5304_12.png
786,/data/halyusuf/data/CataractData/semantic_segmentation/Annotations/Images-and-Supervisely-Annotations/case_5304/img/case5304_13.png,/data/halyusuf/data/CataractData/semantic_segmentation/Annotations/Images-and-Supervisely-Annotations/case_5304/mask_anatomy_inst/case5304_13.png
787,/data/halyusuf/data/CataractData/semantic_segmentation/Annotations/Images-and-Supervisely-Annotations/case_5304/img/case5304_14.png,/data/halyusuf/data/CataractData/semantic_segmentation/Annotations/Images-and-Supervisely-Annotations/case_5304/mask_anatomy_inst/case5304_14.png
788,/data/halyusuf/data/CataractData/semantic_segmentation/Annotations/Images-and-Supervisely-Annotations/case_5304/img/case5304_15.png,/data/halyusuf/data/CataractData/semantic_segmentation/Annotations/Images-and-Supervisely-Annotations/case_5304/mask_anatomy_inst/case5304_15.png
789,/data/halyusuf/data/CataractData/semantic_segmentation/Annotations/Images-and-Supervisely-Annotations/case_5304/img/case5304_16.png,/data/halyusuf/data/CataractData/semantic_segmentation/Annotations/Images-and-Supervisely-Annotations/case_5304/mask_anatomy_inst/case5304_16.png
790,/data/halyusuf/data/CataractData/semantic_segmentation/Annotations/Images-and-Supervisely-Annotations/case_5304/img/case5304_17.png,/data/halyusuf/data/CataractData/semantic_segmentation/Annotations/Images-and-Supervisely-Annotations/case_5304/mask_anatomy_inst/case5304_17.png
791,/data/halyusuf/data/CataractData/semantic_segmentation/Annotations/Images-and-Supervisely-Annotations/case_5304/img/case5304_18.png,/data/halyusuf/data/CataractData/semantic_segmentation/Annotations/Images-and-Supervisely-Annotations/case_5304/mask_anatomy_inst/case5304_18.png
792,/data/halyusuf/data/CataractData/semantic_segmentation/Annotations/Images-and-Supervisely-Annotations/case_5304/img/case5304_19.png,/data/halyusuf/data/CataractData/semantic_segmentation/Annotations/Images-and-Supervisely-Annotations/case_5304/mask_anatomy_inst/case5304_19.png
793,/data/halyusuf/data/CataractData/semantic_segmentation/Annotations/Images-and-Supervisely-Annotations/case_5304/img/case5304_20.png,/data/halyusuf/data/CataractData/semantic_segmentation/Annotations/Images-and-Supervisely-Annotations/case_5304/mask_anatomy_inst/case5304_20.png
794,/data/halyusuf/data/CataractData/semantic_segmentation/Annotations/Images-and-Supervisely-Annotations/case_5304/img/case5304_21.png,/data/halyusuf/data/CataractData/semantic_segmentation/Annotations/Images-and-Supervisely-Annotations/case_5304/mask_anatomy_inst/case5304_21.png
795,/data/halyusuf/data/CataractData/semantic_segmentation/Annotations/Images-and-Supervisely-Annotations/case_5304/img/case5304_22.png,/data/halyusuf/data/CataractData/semantic_segmentation/Annotations/Images-and-Supervisely-Annotations/case_5304/mask_anatomy_inst/case5304_22.png
796,/data/halyusuf/data/CataractData/semantic_segmentation/Annotations/Images-and-Supervisely-Annotations/case_5304/img/case5304_23.png,/data/halyusuf/data/CataractData/semantic_segmentation/Annotations/Images-and-Supervisely-Annotations/case_5304/mask_anatomy_inst/case5304_23.png
797,/data/halyusuf/data/CataractData/semantic_segmentation/Annotations/Images-and-Supervisely-Annotations/case_5304/img/case5304_24.png,/data/halyusuf/data/CataractData/semantic_segmentation/Annotations/Images-and-Supervisely-Annotations/case_5304/mask_anatomy_inst/case5304_24.png
798,/data/halyusuf/data/CataractData/semantic_segmentation/Annotations/Images-and-Supervisely-Annotations/case_5304/img/case5304_25.png,/data/halyusuf/data/CataractData/semantic_segmentation/Annotations/Images-and-Supervisely-Annotations/case_5304/mask_anatomy_inst/case5304_25.png
799,/data/halyusuf/data/CataractData/semantic_segmentation/Annotations/Images-and-Supervisely-Annotations/case_5304/img/case5304_26.png,/data/halyusuf/data/CataractData/semantic_segmentation/Annotations/Images-and-Supervisely-Annotations/case_5304/mask_anatomy_inst/case5304_26.png
800,/data/halyusuf/data/CataractData/semantic_segmentation/Annotations/Images-and-Supervisely-Annotations/case_5304/img/case5304_27.png,/data/halyusuf/data/CataractData/semantic_segmentation/Annotations/Images-and-Supervisely-Annotations/case_5304/mask_anatomy_inst/case5304_27.png
801,/data/halyusuf/data/CataractData/semantic_segmentation/Annotations/Images-and-Supervisely-Annotations/case_5304/img/case5304_28.png,/data/halyusuf/data/CataractData/semantic_segmentation/Annotations/Images-and-Supervisely-Annotations/case_5304/mask_anatomy_inst/case5304_28.png
802,/data/halyusuf/data/CataractData/semantic_segmentation/Annotations/Images-and-Supervisely-Annotations/case_5304/img/case5304_29.png,/data/halyusuf/data/CataractData/semantic_segmentation/Annotations/Images-and-Supervisely-Annotations/case_5304/mask_anatomy_inst/case5304_29.png
803,/data/halyusuf/data/CataractData/semantic_segmentation/Annotations/Images-and-Supervisely-Annotations/case_5304/img/case5304_30.png,/data/halyusuf/data/CataractData/semantic_segmentation/Annotations/Images-and-Supervisely-Annotations/case_5304/mask_anatomy_inst/case5304_30.png
804,/data/halyusuf/data/CataractData/semantic_segmentation/Annotations/Images-and-Supervisely-Annotations/case_5304/img/case5304_31.png,/data/halyusuf/data/CataractData/semantic_segmentation/Annotations/Images-and-Supervisely-Annotations/case_5304/mask_anatomy_inst/case5304_31.png
805,/data/halyusuf/data/CataractData/semantic_segmentation/Annotations/Images-and-Supervisely-Annotations/case_5304/img/case5304_32.png,/data/halyusuf/data/CataractData/semantic_segmentation/Annotations/Images-and-Supervisely-Annotations/case_5304/mask_anatomy_inst/case5304_32.png
806,/data/halyusuf/data/CataractData/semantic_segmentation/Annotations/Images-and-Supervisely-Annotations/case_5304/img/case5304_33.png,/data/halyusuf/data/CataractData/semantic_segmentation/Annotations/Images-and-Supervisely-Annotations/case_5304/mask_anatomy_inst/case5304_33.png
807,/data/halyusuf/data/CataractData/semantic_segmentation/Annotations/Images-and-Supervisely-Annotations/case_5304/img/case5304_34.png,/data/halyusuf/data/CataractData/semantic_segmentation/Annotations/Images-and-Supervisely-Annotations/case_5304/mask_anatomy_inst/case5304_34.png
808,/data/halyusuf/data/CataractData/semantic_segmentation/Annotations/Images-and-Supervisely-Annotations/case_5304/img/case5304_35.png,/data/halyusuf/data/CataractData/semantic_segmentation/Annotations/Images-and-Supervisely-Annotations/case_5304/mask_anatomy_inst/case5304_35.png
809,/data/halyusuf/data/CataractData/semantic_segmentation/Annotations/Images-and-Supervisely-Annotations/case_5304/img/case5304_36.png,/data/halyusuf/data/CataractData/semantic_segmentation/Annotations/Images-and-Supervisely-Annotations/case_5304/mask_anatomy_inst/case5304_36.png
810,/data/halyusuf/data/CataractData/semantic_segmentation/Annotations/Images-and-Supervisely-Annotations/case_5304/img/case5304_37.png,/data/halyusuf/data/CataractData/semantic_segmentation/Annotations/Images-and-Supervisely-Annotations/case_5304/mask_anatomy_inst/case5304_37.png
811,/data/halyusuf/data/CataractData/semantic_segmentation/Annotations/Images-and-Supervisely-Annotations/case_5304/img/case5304_38.png,/data/halyusuf/data/CataractData/semantic_segmentation/Annotations/Images-and-Supervisely-Annotations/case_5304/mask_anatomy_inst/case5304_38.png
812,/data/halyusuf/data/CataractData/semantic_segmentation/Annotations/Images-and-Supervisely-Annotations/case_5304/img/case5304_39.png,/data/halyusuf/data/CataractData/semantic_segmentation/Annotations/Images-and-Supervisely-Annotations/case_5304/mask_anatomy_inst/case5304_39.png
813,/data/halyusuf/data/CataractData/semantic_segmentation/Annotations/Images-and-Supervisely-Annotations/case_5304/img/case5304_40.png,/data/halyusuf/data/CataractData/semantic_segmentation/Annotations/Images-and-Supervisely-Annotations/case_5304/mask_anatomy_inst/case5304_40.png
814,/data/halyusuf/data/CataractData/semantic_segmentation/Annotations/Images-and-Supervisely-Annotations/case_5304/img/case5304_41.png,/data/halyusuf/data/CataractData/semantic_segmentation/Annotations/Images-and-Supervisely-Annotations/case_5304/mask_anatomy_inst/case5304_41.png
815,/data/halyusuf/data/CataractData/semantic_segmentation/Annotations/Images-and-Supervisely-Annotations/case_5304/img/case5304_42.png,/data/halyusuf/data/CataractData/semantic_segmentation/Annotations/Images-and-Supervisely-Annotations/case_5304/mask_anatomy_inst/case5304_42.png
816,/data/halyusuf/data/CataractData/semantic_segmentation/Annotations/Images-and-Supervisely-Annotations/case_5304/img/case5304_43.png,/data/halyusuf/data/CataractData/semantic_segmentation/Annotations/Images-and-Supervisely-Annotations/case_5304/mask_anatomy_inst/case5304_43.png
817,/data/halyusuf/data/CataractData/semantic_segmentation/Annotations/Images-and-Supervisely-Annotations/case_5304/img/case5304_44.png,/data/halyusuf/data/CataractData/semantic_segmentation/Annotations/Images-and-Supervisely-Annotations/case_5304/mask_anatomy_inst/case5304_44.png
818,/data/halyusuf/data/CataractData/semantic_segmentation/Annotations/Images-and-Supervisely-Annotations/case_5304/img/case5304_45.png,/data/halyusuf/data/CataractData/semantic_segmentation/Annotations/Images-and-Supervisely-Annotations/case_5304/mask_anatomy_inst/case5304_45.png
819,/data/halyusuf/data/CataractData/semantic_segmentation/Annotations/Images-and-Supervisely-Annotations/case_5304/img/case5304_46.png,/data/halyusuf/data/CataractData/semantic_segmentation/Annotations/Images-and-Supervisely-Annotations/case_5304/mask_anatomy_inst/case5304_46.png
820,/data/halyusuf/data/CataractData/semantic_segmentation/Annotations/Images-and-Supervisely-Annotations/case_5304/img/case5304_47.png,/data/halyusuf/data/CataractData/semantic_segmentation/Annotations/Images-and-Supervisely-Annotations/case_5304/mask_anatomy_inst/case5304_47.png
821,/data/halyusuf/data/CataractData/semantic_segmentation/Annotations/Images-and-Supervisely-Annotations/case_5304/img/case5304_48.png,/data/halyusuf/data/CataractData/semantic_segmentation/Annotations/Images-and-Supervisely-Annotations/case_5304/mask_anatomy_inst/case5304_48.png
822,/data/halyusuf/data/CataractData/semantic_segmentation/Annotations/Images-and-Supervisely-Annotations/case_5304/img/case5304_49.png,/data/halyusuf/data/CataractData/semantic_segmentation/Annotations/Images-and-Supervisely-Annotations/case_5304/mask_anatomy_inst/case5304_49.png
823,/data/halyusuf/data/CataractData/semantic_segmentation/Annotations/Images-and-Supervisely-Annotations/case_5304/img/case5304_50.png,/data/halyusuf/data/CataractData/semantic_segmentation/Annotations/Images-and-Supervisely-Annotations/case_5304/mask_anatomy_inst/case5304_50.png
824,/data/halyusuf/data/CataractData/semantic_segmentation/Annotations/Images-and-Supervisely-Annotations/case_5304/img/case5304_51.png,/data/halyusuf/data/CataractData/semantic_segmentation/Annotations/Images-and-Supervisely-Annotations/case_5304/mask_anatomy_inst/case5304_51.png
825,/data/halyusuf/data/CataractData/semantic_segmentation/Annotations/Images-and-Supervisely-Annotations/case_5304/img/case5304_52.png,/data/halyusuf/data/CataractData/semantic_segmentation/Annotations/Images-and-Supervisely-Annotations/case_5304/mask_anatomy_inst/case5304_52.png
826,/data/halyusuf/data/CataractData/semantic_segmentation/Annotations/Images-and-Supervisely-Annotations/case_5304/img/case5304_53.png,/data/halyusuf/data/CataractData/semantic_segmentation/Annotations/Images-and-Supervisely-Annotations/case_5304/mask_anatomy_inst/case5304_53.png
827,/data/halyusuf/data/CataractData/semantic_segmentation/Annotations/Images-and-Supervisely-Annotations/case_5305/img/case5305_01.png,/data/halyusuf/data/CataractData/semantic_segmentation/Annotations/Images-and-Supervisely-Annotations/case_5305/mask_anatomy_inst/case5305_01.png
828,/data/halyusuf/data/CataractData/semantic_segmentation/Annotations/Images-and-Supervisely-Annotations/case_5305/img/case5305_02.png,/data/halyusuf/data/CataractData/semantic_segmentation/Annotations/Images-and-Supervisely-Annotations/case_5305/mask_anatomy_inst/case5305_02.png
829,/data/halyusuf/data/CataractData/semantic_segmentation/Annotations/Images-and-Supervisely-Annotations/case_5305/img/case5305_03.png,/data/halyusuf/data/CataractData/semantic_segmentation/Annotations/Images-and-Supervisely-Annotations/case_5305/mask_anatomy_inst/case5305_03.png
830,/data/halyusuf/data/CataractData/semantic_segmentation/Annotations/Images-and-Supervisely-Annotations/case_5305/img/case5305_04.png,/data/halyusuf/data/CataractData/semantic_segmentation/Annotations/Images-and-Supervisely-Annotations/case_5305/mask_anatomy_inst/case5305_04.png
831,/data/halyusuf/data/CataractData/semantic_segmentation/Annotations/Images-and-Supervisely-Annotations/case_5305/img/case5305_05.png,/data/halyusuf/data/CataractData/semantic_segmentation/Annotations/Images-and-Supervisely-Annotations/case_5305/mask_anatomy_inst/case5305_05.png
832,/data/halyusuf/data/CataractData/semantic_segmentation/Annotations/Images-and-Supervisely-Annotations/case_5305/img/case5305_06.png,/data/halyusuf/data/CataractData/semantic_segmentation/Annotations/Images-and-Supervisely-Annotations/case_5305/mask_anatomy_inst/case5305_06.png
833,/data/halyusuf/data/CataractData/semantic_segmentation/Annotations/Images-and-Supervisely-Annotations/case_5305/img/case5305_07.png,/data/halyusuf/data/CataractData/semantic_segmentation/Annotations/Images-and-Supervisely-Annotations/case_5305/mask_anatomy_inst/case5305_07.png
834,/data/halyusuf/data/CataractData/semantic_segmentation/Annotations/Images-and-Supervisely-Annotations/case_5305/img/case5305_08.png,/data/halyusuf/data/CataractData/semantic_segmentation/Annotations/Images-and-Supervisely-Annotations/case_5305/mask_anatomy_inst/case5305_08.png
835,/data/halyusuf/data/CataractData/semantic_segmentation/Annotations/Images-and-Supervisely-Annotations/case_5305/img/case5305_09.png,/data/halyusuf/data/CataractData/semantic_segmentation/Annotations/Images-and-Supervisely-Annotations/case_5305/mask_anatomy_inst/case5305_09.png
836,/data/halyusuf/data/CataractData/semantic_segmentation/Annotations/Images-and-Supervisely-Annotations/case_5305/img/case5305_10.png,/data/halyusuf/data/CataractData/semantic_segmentation/Annotations/Images-and-Supervisely-Annotations/case_5305/mask_anatomy_inst/case5305_10.png
837,/data/halyusuf/data/CataractData/semantic_segmentation/Annotations/Images-and-Supervisely-Annotations/case_5305/img/case5305_11.png,/data/halyusuf/data/CataractData/semantic_segmentation/Annotations/Images-and-Supervisely-Annotations/case_5305/mask_anatomy_inst/case5305_11.png
838,/data/halyusuf/data/CataractData/semantic_segmentation/Annotations/Images-and-Supervisely-Annotations/case_5305/img/case5305_12.png,/data/halyusuf/data/CataractData/semantic_segmentation/Annotations/Images-and-Supervisely-Annotations/case_5305/mask_anatomy_inst/case5305_12.png
839,/data/halyusuf/data/CataractData/semantic_segmentation/Annotations/Images-and-Supervisely-Annotations/case_5305/img/case5305_13.png,/data/halyusuf/data/CataractData/semantic_segmentation/Annotations/Images-and-Supervisely-Annotations/case_5305/mask_anatomy_inst/case5305_13.png
840,/data/halyusuf/data/CataractData/semantic_segmentation/Annotations/Images-and-Supervisely-Annotations/case_5305/img/case5305_14.png,/data/halyusuf/data/CataractData/semantic_segmentation/Annotations/Images-and-Supervisely-Annotations/case_5305/mask_anatomy_inst/case5305_14.png
841,/data/halyusuf/data/CataractData/semantic_segmentation/Annotations/Images-and-Supervisely-Annotations/case_5305/img/case5305_15.png,/data/halyusuf/data/CataractData/semantic_segmentation/Annotations/Images-and-Supervisely-Annotations/case_5305/mask_anatomy_inst/case5305_15.png
842,/data/halyusuf/data/CataractData/semantic_segmentation/Annotations/Images-and-Supervisely-Annotations/case_5305/img/case5305_16.png,/data/halyusuf/data/CataractData/semantic_segmentation/Annotations/Images-and-Supervisely-Annotations/case_5305/mask_anatomy_inst/case5305_16.png
843,/data/halyusuf/data/CataractData/semantic_segmentation/Annotations/Images-and-Supervisely-Annotations/case_5305/img/case5305_17.png,/data/halyusuf/data/CataractData/semantic_segmentation/Annotations/Images-and-Supervisely-Annotations/case_5305/mask_anatomy_inst/case5305_17.png
844,/data/halyusuf/data/CataractData/semantic_segmentation/Annotations/Images-and-Supervisely-Annotations/case_5305/img/case5305_18.png,/data/halyusuf/data/CataractData/semantic_segmentation/Annotations/Images-and-Supervisely-Annotations/case_5305/mask_anatomy_inst/case5305_18.png
845,/data/halyusuf/data/CataractData/semantic_segmentation/Annotations/Images-and-Supervisely-Annotations/case_5305/img/case5305_19.png,/data/halyusuf/data/CataractData/semantic_segmentation/Annotations/Images-and-Supervisely-Annotations/case_5305/mask_anatomy_inst/case5305_19.png
846,/data/halyusuf/data/CataractData/semantic_segmentation/Annotations/Images-and-Supervisely-Annotations/case_5305/img/case5305_20.png,/data/halyusuf/data/CataractData/semantic_segmentation/Annotations/Images-and-Supervisely-Annotations/case_5305/mask_anatomy_inst/case5305_20.png
847,/data/halyusuf/data/CataractData/semantic_segmentation/Annotations/Images-and-Supervisely-Annotations/case_5305/img/case5305_21.png,/data/halyusuf/data/CataractData/semantic_segmentation/Annotations/Images-and-Supervisely-Annotations/case_5305/mask_anatomy_inst/case5305_21.png
848,/data/halyusuf/data/CataractData/semantic_segmentation/Annotations/Images-and-Supervisely-Annotations/case_5305/img/case5305_22.png,/data/halyusuf/data/CataractData/semantic_segmentation/Annotations/Images-and-Supervisely-Annotations/case_5305/mask_anatomy_inst/case5305_22.png
849,/data/halyusuf/data/CataractData/semantic_segmentation/Annotations/Images-and-Supervisely-Annotations/case_5305/img/case5305_23.png,/data/halyusuf/data/CataractData/semantic_segmentation/Annotations/Images-and-Supervisely-Annotations/case_5305/mask_anatomy_inst/case5305_23.png
850,/data/halyusuf/data/CataractData/semantic_segmentation/Annotations/Images-and-Supervisely-Annotations/case_5305/img/case5305_24.png,/data/halyusuf/data/CataractData/semantic_segmentation/Annotations/Images-and-Supervisely-Annotations/case_5305/mask_anatomy_inst/case5305_24.png
851,/data/halyusuf/data/CataractData/semantic_segmentation/Annotations/Images-and-Supervisely-Annotations/case_5305/img/case5305_25.png,/data/halyusuf/data/CataractData/semantic_segmentation/Annotations/Images-and-Supervisely-Annotations/case_5305/mask_anatomy_inst/case5305_25.png
852,/data/halyusuf/data/CataractData/semantic_segmentation/Annotations/Images-and-Supervisely-Annotations/case_5305/img/case5305_26.png,/data/halyusuf/data/CataractData/semantic_segmentation/Annotations/Images-and-Supervisely-Annotations/case_5305/mask_anatomy_inst/case5305_26.png
853,/data/halyusuf/data/CataractData/semantic_segmentation/Annotations/Images-and-Supervisely-Annotations/case_5305/img/case5305_27.png,/data/halyusuf/data/CataractData/semantic_segmentation/Annotations/Images-and-Supervisely-Annotations/case_5305/mask_anatomy_inst/case5305_27.png
854,/data/halyusuf/data/CataractData/semantic_segmentation/Annotations/Images-and-Supervisely-Annotations/case_5305/img/case5305_28.png,/data/halyusuf/data/CataractData/semantic_segmentation/Annotations/Images-and-Supervisely-Annotations/case_5305/mask_anatomy_inst/case5305_28.png
855,/data/halyusuf/data/CataractData/semantic_segmentation/Annotations/Images-and-Supervisely-Annotations/case_5305/img/case5305_29.png,/data/halyusuf/data/CataractData/semantic_segmentation/Annotations/Images-and-Supervisely-Annotations/case_5305/mask_anatomy_inst/case5305_29.png
856,/data/halyusuf/data/CataractData/semantic_segmentation/Annotations/Images-and-Supervisely-Annotations/case_5305/img/case5305_30.png,/data/halyusuf/data/CataractData/semantic_segmentation/Annotations/Images-and-Supervisely-Annotations/case_5305/mask_anatomy_inst/case5305_30.png
857,/data/halyusuf/data/CataractData/semantic_segmentation/Annotations/Images-and-Supervisely-Annotations/case_5305/img/case5305_31.png,/data/halyusuf/data/CataractData/semantic_segmentation/Annotations/Images-and-Supervisely-Annotations/case_5305/mask_anatomy_inst/case5305_31.png
858,/data/halyusuf/data/CataractData/semantic_segmentation/Annotations/Images-and-Supervisely-Annotations/case_5305/img/case5305_32.png,/data/halyusuf/data/CataractData/semantic_segmentation/Annotations/Images-and-Supervisely-Annotations/case_5305/mask_anatomy_inst/case5305_32.png
859,/data/halyusuf/data/CataractData/semantic_segmentation/Annotations/Images-and-Supervisely-Annotations/case_5305/img/case5305_33.png,/data/halyusuf/data/CataractData/semantic_segmentation/Annotations/Images-and-Supervisely-Annotations/case_5305/mask_anatomy_inst/case5305_33.png
860,/data/halyusuf/data/CataractData/semantic_segmentation/Annotations/Images-and-Supervisely-Annotations/case_5305/img/case5305_34.png,/data/halyusuf/data/CataractData/semantic_segmentation/Annotations/Images-and-Supervisely-Annotations/case_5305/mask_anatomy_inst/case5305_34.png
861,/data/halyusuf/data/CataractData/semantic_segmentation/Annotations/Images-and-Supervisely-Annotations/case_5305/img/case5305_35.png,/data/halyusuf/data/CataractData/semantic_segmentation/Annotations/Images-and-Supervisely-Annotations/case_5305/mask_anatomy_inst/case5305_35.png
862,/data/halyusuf/data/CataractData/semantic_segmentation/Annotations/Images-and-Supervisely-Annotations/case_5305/img/case5305_36.png,/data/halyusuf/data/CataractData/semantic_segmentation/Annotations/Images-and-Supervisely-Annotations/case_5305/mask_anatomy_inst/case5305_36.png
863,/data/halyusuf/data/CataractData/semantic_segmentation/Annotations/Images-and-Supervisely-Annotations/case_5305/img/case5305_37.png,/data/halyusuf/data/CataractData/semantic_segmentation/Annotations/Images-and-Supervisely-Annotations/case_5305/mask_anatomy_inst/case5305_37.png
864,/data/halyusuf/data/CataractData/semantic_segmentation/Annotations/Images-and-Supervisely-Annotations/case_5305/img/case5305_38.png,/data/halyusuf/data/CataractData/semantic_segmentation/Annotations/Images-and-Supervisely-Annotations/case_5305/mask_anatomy_inst/case5305_38.png
865,/data/halyusuf/data/CataractData/semantic_segmentation/Annotations/Images-and-Supervisely-Annotations/case_5305/img/case5305_39.png,/data/halyusuf/data/CataractData/semantic_segmentation/Annotations/Images-and-Supervisely-Annotations/case_5305/mask_anatomy_inst/case5305_39.png
866,/data/halyusuf/data/CataractData/semantic_segmentation/Annotations/Images-and-Supervisely-Annotations/case_5305/img/case5305_40.png,/data/halyusuf/data/CataractData/semantic_segmentation/Annotations/Images-and-Supervisely-Annotations/case_5305/mask_anatomy_inst/case5305_40.png
867,/data/halyusuf/data/CataractData/semantic_segmentation/Annotations/Images-and-Supervisely-Annotations/case_5305/img/case5305_41.png,/data/halyusuf/data/CataractData/semantic_segmentation/Annotations/Images-and-Supervisely-Annotations/case_5305/mask_anatomy_inst/case5305_41.png
868,/data/halyusuf/data/CataractData/semantic_segmentation/Annotations/Images-and-Supervisely-Annotations/case_5305/img/case5305_42.png,/data/halyusuf/data/CataractData/semantic_segmentation/Annotations/Images-and-Supervisely-Annotations/case_5305/mask_anatomy_inst/case5305_42.png
869,/data/halyusuf/data/CataractData/semantic_segmentation/Annotations/Images-and-Supervisely-Annotations/case_5305/img/case5305_43.png,/data/halyusuf/data/CataractData/semantic_segmentation/Annotations/Images-and-Supervisely-Annotations/case_5305/mask_anatomy_inst/case5305_43.png
870,/data/halyusuf/data/CataractData/semantic_segmentation/Annotations/Images-and-Supervisely-Annotations/case_5305/img/case5305_44.png,/data/halyusuf/data/CataractData/semantic_segmentation/Annotations/Images-and-Supervisely-Annotations/case_5305/mask_anatomy_inst/case5305_44.png
871,/data/halyusuf/data/CataractData/semantic_segmentation/Annotations/Images-and-Supervisely-Annotations/case_5305/img/case5305_45.png,/data/halyusuf/data/CataractData/semantic_segmentation/Annotations/Images-and-Supervisely-Annotations/case_5305/mask_anatomy_inst/case5305_45.png
872,/data/halyusuf/data/CataractData/semantic_segmentation/Annotations/Images-and-Supervisely-Annotations/case_5305/img/case5305_46.png,/data/halyusuf/data/CataractData/semantic_segmentation/Annotations/Images-and-Supervisely-Annotations/case_5305/mask_anatomy_inst/case5305_46.png
873,/data/halyusuf/data/CataractData/semantic_segmentation/Annotations/Images-and-Supervisely-Annotations/case_5305/img/case5305_47.png,/data/halyusuf/data/CataractData/semantic_segmentation/Annotations/Images-and-Supervisely-Annotations/case_5305/mask_anatomy_inst/case5305_47.png
874,/data/halyusuf/data/CataractData/semantic_segmentation/Annotations/Images-and-Supervisely-Annotations/case_5305/img/case5305_48.png,/data/halyusuf/data/CataractData/semantic_segmentation/Annotations/Images-and-Supervisely-Annotations/case_5305/mask_anatomy_inst/case5305_48.png
875,/data/halyusuf/data/CataractData/semantic_segmentation/Annotations/Images-and-Supervisely-Annotations/case_5305/img/case5305_49.png,/data/halyusuf/data/CataractData/semantic_segmentation/Annotations/Images-and-Supervisely-Annotations/case_5305/mask_anatomy_inst/case5305_49.png
876,/data/halyusuf/data/CataractData/semantic_segmentation/Annotations/Images-and-Supervisely-Annotations/case_5305/img/case5305_50.png,/data/halyusuf/data/CataractData/semantic_segmentation/Annotations/Images-and-Supervisely-Annotations/case_5305/mask_anatomy_inst/case5305_50.png
877,/data/halyusuf/data/CataractData/semantic_segmentation/Annotations/Images-and-Supervisely-Annotations/case_5305/img/case5305_51.png,/data/halyusuf/data/CataractData/semantic_segmentation/Annotations/Images-and-Supervisely-Annotations/case_5305/mask_anatomy_inst/case5305_51.png
878,/data/halyusuf/data/CataractData/semantic_segmentation/Annotations/Images-and-Supervisely-Annotations/case_5305/img/case5305_52.png,/data/halyusuf/data/CataractData/semantic_segmentation/Annotations/Images-and-Supervisely-Annotations/case_5305/mask_anatomy_inst/case5305_52.png
879,/data/halyusuf/data/CataractData/semantic_segmentation/Annotations/Images-and-Supervisely-Annotations/case_5305/img/case5305_53.png,/data/halyusuf/data/CataractData/semantic_segmentation/Annotations/Images-and-Supervisely-Annotations/case_5305/mask_anatomy_inst/case5305_53.png
880,/data/halyusuf/data/CataractData/semantic_segmentation/Annotations/Images-and-Supervisely-Annotations/case_5305/img/case5305_54.png,/data/halyusuf/data/CataractData/semantic_segmentation/Annotations/Images-and-Supervisely-Annotations/case_5305/mask_anatomy_inst/case5305_54.png
881,/data/halyusuf/data/CataractData/semantic_segmentation/Annotations/Images-and-Supervisely-Annotations/case_5305/img/case5305_55.png,/data/halyusuf/data/CataractData/semantic_segmentation/Annotations/Images-and-Supervisely-Annotations/case_5305/mask_anatomy_inst/case5305_55.png
882,/data/halyusuf/data/CataractData/semantic_segmentation/Annotations/Images-and-Supervisely-Annotations/case_5305/img/case5305_56.png,/data/halyusuf/data/CataractData/semantic_segmentation/Annotations/Images-and-Supervisely-Annotations/case_5305/mask_anatomy_inst/case5305_56.png
883,/data/halyusuf/data/CataractData/semantic_segmentation/Annotations/Images-and-Supervisely-Annotations/case_5305/img/case5305_57.png,/data/halyusuf/data/CataractData/semantic_segmentation/Annotations/Images-and-Supervisely-Annotations/case_5305/mask_anatomy_inst/case5305_57.png
884,/data/halyusuf/data/CataractData/semantic_segmentation/Annotations/Images-and-Supervisely-Annotations/case_5305/img/case5305_58.png,/data/halyusuf/data/CataractData/semantic_segmentation/Annotations/Images-and-Supervisely-Annotations/case_5305/mask_anatomy_inst/case5305_58.png
885,/data/halyusuf/data/CataractData/semantic_segmentation/Annotations/Images-and-Supervisely-Annotations/case_5305/img/case5305_59.png,/data/halyusuf/data/CataractData/semantic_segmentation/Annotations/Images-and-Supervisely-Annotations/case_5305/mask_anatomy_inst/case5305_59.png
886,/data/halyusuf/data/CataractData/semantic_segmentation/Annotations/Images-and-Supervisely-Annotations/case_5305/img/case5305_60.png,/data/halyusuf/data/CataractData/semantic_segmentation/Annotations/Images-and-Supervisely-Annotations/case_5305/mask_anatomy_inst/case5305_60.png
887,/data/halyusuf/data/CataractData/semantic_segmentation/Annotations/Images-and-Supervisely-Annotations/case_5305/img/case5305_61.png,/data/halyusuf/data/CataractData/semantic_segmentation/Annotations/Images-and-Supervisely-Annotations/case_5305/mask_anatomy_inst/case5305_61.png
888,/data/halyusuf/data/CataractData/semantic_segmentation/Annotations/Images-and-Supervisely-Annotations/case_5305/img/case5305_62.png,/data/halyusuf/data/CataractData/semantic_segmentation/Annotations/Images-and-Supervisely-Annotations/case_5305/mask_anatomy_inst/case5305_62.png
889,/data/halyusuf/data/CataractData/semantic_segmentation/Annotations/Images-and-Supervisely-Annotations/case_5305/img/case5305_63.png,/data/halyusuf/data/CataractData/semantic_segmentation/Annotations/Images-and-Supervisely-Annotations/case_5305/mask_anatomy_inst/case5305_63.png
890,/data/halyusuf/data/CataractData/semantic_segmentation/Annotations/Images-and-Supervisely-Annotations/case_5305/img/case5305_64.png,/data/halyusuf/data/CataractData/semantic_segmentation/Annotations/Images-and-Supervisely-Annotations/case_5305/mask_anatomy_inst/case5305_64.png
891,/data/halyusuf/data/CataractData/semantic_segmentation/Annotations/Images-and-Supervisely-Annotations/case_5305/img/case5305_65.png,/data/halyusuf/data/CataractData/semantic_segmentation/Annotations/Images-and-Supervisely-Annotations/case_5305/mask_anatomy_inst/case5305_65.png
892,/data/halyusuf/data/CataractData/semantic_segmentation/Annotations/Images-and-Supervisely-Annotations/case_5305/img/case5305_66.png,/data/halyusuf/data/CataractData/semantic_segmentation/Annotations/Images-and-Supervisely-Annotations/case_5305/mask_anatomy_inst/case5305_66.png
893,/data/halyusuf/data/CataractData/semantic_segmentation/Annotations/Images-and-Supervisely-Annotations/case_5305/img/case5305_67.png,/data/halyusuf/data/CataractData/semantic_segmentation/Annotations/Images-and-Supervisely-Annotations/case_5305/mask_anatomy_inst/case5305_67.png
894,/data/halyusuf/data/CataractData/semantic_segmentation/Annotations/Images-and-Supervisely-Annotations/case_5305/img/case5305_68.png,/data/halyusuf/data/CataractData/semantic_segmentation/Annotations/Images-and-Supervisely-Annotations/case_5305/mask_anatomy_inst/case5305_68.png
895,/data/halyusuf/data/CataractData/semantic_segmentation/Annotations/Images-and-Supervisely-Annotations/case_5305/img/case5305_69.png,/data/halyusuf/data/CataractData/semantic_segmentation/Annotations/Images-and-Supervisely-Annotations/case_5305/mask_anatomy_inst/case5305_69.png
896,/data/halyusuf/data/CataractData/semantic_segmentation/Annotations/Images-and-Supervisely-Annotations/case_5305/img/case5305_70.png,/data/halyusuf/data/CataractData/semantic_segmentation/Annotations/Images-and-Supervisely-Annotations/case_5305/mask_anatomy_inst/case5305_70.png
897,/data/halyusuf/data/CataractData/semantic_segmentation/Annotations/Images-and-Supervisely-Annotations/case_5305/img/case5305_71.png,/data/halyusuf/data/CataractData/semantic_segmentation/Annotations/Images-and-Supervisely-Annotations/case_5305/mask_anatomy_inst/case5305_71.png
898,/data/halyusuf/data/CataractData/semantic_segmentation/Annotations/Images-and-Supervisely-Annotations/case_5305/img/case5305_72.png,/data/halyusuf/data/CataractData/semantic_segmentation/Annotations/Images-and-Supervisely-Annotations/case_5305/mask_anatomy_inst/case5305_72.png
899,/data/halyusuf/data/CataractData/semantic_segmentation/Annotations/Images-and-Supervisely-Annotations/case_5309/img/case5309_01.png,/data/halyusuf/data/CataractData/semantic_segmentation/Annotations/Images-and-Supervisely-Annotations/case_5309/mask_anatomy_inst/case5309_01.png
900,/data/halyusuf/data/CataractData/semantic_segmentation/Annotations/Images-and-Supervisely-Annotations/case_5309/img/case5309_02.png,/data/halyusuf/data/CataractData/semantic_segmentation/Annotations/Images-and-Supervisely-Annotations/case_5309/mask_anatomy_inst/case5309_02.png
901,/data/halyusuf/data/CataractData/semantic_segmentation/Annotations/Images-and-Supervisely-Annotations/case_5309/img/case5309_03.png,/data/halyusuf/data/CataractData/semantic_segmentation/Annotations/Images-and-Supervisely-Annotations/case_5309/mask_anatomy_inst/case5309_03.png
902,/data/halyusuf/data/CataractData/semantic_segmentation/Annotations/Images-and-Supervisely-Annotations/case_5309/img/case5309_04.png,/data/halyusuf/data/CataractData/semantic_segmentation/Annotations/Images-and-Supervisely-Annotations/case_5309/mask_anatomy_inst/case5309_04.png
903,/data/halyusuf/data/CataractData/semantic_segmentation/Annotations/Images-and-Supervisely-Annotations/case_5309/img/case5309_05.png,/data/halyusuf/data/CataractData/semantic_segmentation/Annotations/Images-and-Supervisely-Annotations/case_5309/mask_anatomy_inst/case5309_05.png
904,/data/halyusuf/data/CataractData/semantic_segmentation/Annotations/Images-and-Supervisely-Annotations/case_5309/img/case5309_06.png,/data/halyusuf/data/CataractData/semantic_segmentation/Annotations/Images-and-Supervisely-Annotations/case_5309/mask_anatomy_inst/case5309_06.png
905,/data/halyusuf/data/CataractData/semantic_segmentation/Annotations/Images-and-Supervisely-Annotations/case_5309/img/case5309_07.png,/data/halyusuf/data/CataractData/semantic_segmentation/Annotations/Images-and-Supervisely-Annotations/case_5309/mask_anatomy_inst/case5309_07.png
906,/data/halyusuf/data/CataractData/semantic_segmentation/Annotations/Images-and-Supervisely-Annotations/case_5309/img/case5309_08.png,/data/halyusuf/data/CataractData/semantic_segmentation/Annotations/Images-and-Supervisely-Annotations/case_5309/mask_anatomy_inst/case5309_08.png
907,/data/halyusuf/data/CataractData/semantic_segmentation/Annotations/Images-and-Supervisely-Annotations/case_5309/img/case5309_09.png,/data/halyusuf/data/CataractData/semantic_segmentation/Annotations/Images-and-Supervisely-Annotations/case_5309/mask_anatomy_inst/case5309_09.png
908,/data/halyusuf/data/CataractData/semantic_segmentation/Annotations/Images-and-Supervisely-Annotations/case_5309/img/case5309_10.png,/data/halyusuf/data/CataractData/semantic_segmentation/Annotations/Images-and-Supervisely-Annotations/case_5309/mask_anatomy_inst/case5309_10.png
909,/data/halyusuf/data/CataractData/semantic_segmentation/Annotations/Images-and-Supervisely-Annotations/case_5309/img/case5309_11.png,/data/halyusuf/data/CataractData/semantic_segmentation/Annotations/Images-and-Supervisely-Annotations/case_5309/mask_anatomy_inst/case5309_11.png
910,/data/halyusuf/data/CataractData/semantic_segmentation/Annotations/Images-and-Supervisely-Annotations/case_5309/img/case5309_12.png,/data/halyusuf/data/CataractData/semantic_segmentation/Annotations/Images-and-Supervisely-Annotations/case_5309/mask_anatomy_inst/case5309_12.png
911,/data/halyusuf/data/CataractData/semantic_segmentation/Annotations/Images-and-Supervisely-Annotations/case_5309/img/case5309_13.png,/data/halyusuf/data/CataractData/semantic_segmentation/Annotations/Images-and-Supervisely-Annotations/case_5309/mask_anatomy_inst/case5309_13.png
912,/data/halyusuf/data/CataractData/semantic_segmentation/Annotations/Images-and-Supervisely-Annotations/case_5309/img/case5309_14.png,/data/halyusuf/data/CataractData/semantic_segmentation/Annotations/Images-and-Supervisely-Annotations/case_5309/mask_anatomy_inst/case5309_14.png
913,/data/halyusuf/data/CataractData/semantic_segmentation/Annotations/Images-and-Supervisely-Annotations/case_5309/img/case5309_15.png,/data/halyusuf/data/CataractData/semantic_segmentation/Annotations/Images-and-Supervisely-Annotations/case_5309/mask_anatomy_inst/case5309_15.png
914,/data/halyusuf/data/CataractData/semantic_segmentation/Annotations/Images-and-Supervisely-Annotations/case_5309/img/case5309_16.png,/data/halyusuf/data/CataractData/semantic_segmentation/Annotations/Images-and-Supervisely-Annotations/case_5309/mask_anatomy_inst/case5309_16.png
915,/data/halyusuf/data/CataractData/semantic_segmentation/Annotations/Images-and-Supervisely-Annotations/case_5309/img/case5309_17.png,/data/halyusuf/data/CataractData/semantic_segmentation/Annotations/Images-and-Supervisely-Annotations/case_5309/mask_anatomy_inst/case5309_17.png
916,/data/halyusuf/data/CataractData/semantic_segmentation/Annotations/Images-and-Supervisely-Annotations/case_5309/img/case5309_18.png,/data/halyusuf/data/CataractData/semantic_segmentation/Annotations/Images-and-Supervisely-Annotations/case_5309/mask_anatomy_inst/case5309_18.png
917,/data/halyusuf/data/CataractData/semantic_segmentation/Annotations/Images-and-Supervisely-Annotations/case_5309/img/case5309_19.png,/data/halyusuf/data/CataractData/semantic_segmentation/Annotations/Images-and-Supervisely-Annotations/case_5309/mask_anatomy_inst/case5309_19.png
918,/data/halyusuf/data/CataractData/semantic_segmentation/Annotations/Images-and-Supervisely-Annotations/case_5309/img/case5309_20.png,/data/halyusuf/data/CataractData/semantic_segmentation/Annotations/Images-and-Supervisely-Annotations/case_5309/mask_anatomy_inst/case5309_20.png
919,/data/halyusuf/data/CataractData/semantic_segmentation/Annotations/Images-and-Supervisely-Annotations/case_5309/img/case5309_21.png,/data/halyusuf/data/CataractData/semantic_segmentation/Annotations/Images-and-Supervisely-Annotations/case_5309/mask_anatomy_inst/case5309_21.png
920,/data/halyusuf/data/CataractData/semantic_segmentation/Annotations/Images-and-Supervisely-Annotations/case_5309/img/case5309_22.png,/data/halyusuf/data/CataractData/semantic_segmentation/Annotations/Images-and-Supervisely-Annotations/case_5309/mask_anatomy_inst/case5309_22.png
921,/data/halyusuf/data/CataractData/semantic_segmentation/Annotations/Images-and-Supervisely-Annotations/case_5309/img/case5309_23.png,/data/halyusuf/data/CataractData/semantic_segmentation/Annotations/Images-and-Supervisely-Annotations/case_5309/mask_anatomy_inst/case5309_23.png
922,/data/halyusuf/data/CataractData/semantic_segmentation/Annotations/Images-and-Supervisely-Annotations/case_5309/img/case5309_24.png,/data/halyusuf/data/CataractData/semantic_segmentation/Annotations/Images-and-Supervisely-Annotations/case_5309/mask_anatomy_inst/case5309_24.png
923,/data/halyusuf/data/CataractData/semantic_segmentation/Annotations/Images-and-Supervisely-Annotations/case_5309/img/case5309_25.png,/data/halyusuf/data/CataractData/semantic_segmentation/Annotations/Images-and-Supervisely-Annotations/case_5309/mask_anatomy_inst/case5309_25.png
924,/data/halyusuf/data/CataractData/semantic_segmentation/Annotations/Images-and-Supervisely-Annotations/case_5309/img/case5309_26.png,/data/halyusuf/data/CataractData/semantic_segmentation/Annotations/Images-and-Supervisely-Annotations/case_5309/mask_anatomy_inst/case5309_26.png
925,/data/halyusuf/data/CataractData/semantic_segmentation/Annotations/Images-and-Supervisely-Annotations/case_5309/img/case5309_27.png,/data/halyusuf/data/CataractData/semantic_segmentation/Annotations/Images-and-Supervisely-Annotations/case_5309/mask_anatomy_inst/case5309_27.png
926,/data/halyusuf/data/CataractData/semantic_segmentation/Annotations/Images-and-Supervisely-Annotations/case_5309/img/case5309_28.png,/data/halyusuf/data/CataractData/semantic_segmentation/Annotations/Images-and-Supervisely-Annotations/case_5309/mask_anatomy_inst/case5309_28.png
927,/data/halyusuf/data/CataractData/semantic_segmentation/Annotations/Images-and-Supervisely-Annotations/case_5309/img/case5309_29.png,/data/halyusuf/data/CataractData/semantic_segmentation/Annotations/Images-and-Supervisely-Annotations/case_5309/mask_anatomy_inst/case5309_29.png
928,/data/halyusuf/data/CataractData/semantic_segmentation/Annotations/Images-and-Supervisely-Annotations/case_5309/img/case5309_30.png,/data/halyusuf/data/CataractData/semantic_segmentation/Annotations/Images-and-Supervisely-Annotations/case_5309/mask_anatomy_inst/case5309_30.png
929,/data/halyusuf/data/CataractData/semantic_segmentation/Annotations/Images-and-Supervisely-Annotations/case_5309/img/case5309_31.png,/data/halyusuf/data/CataractData/semantic_segmentation/Annotations/Images-and-Supervisely-Annotations/case_5309/mask_anatomy_inst/case5309_31.png
930,/data/halyusuf/data/CataractData/semantic_segmentation/Annotations/Images-and-Supervisely-Annotations/case_5309/img/case5309_32.png,/data/halyusuf/data/CataractData/semantic_segmentation/Annotations/Images-and-Supervisely-Annotations/case_5309/mask_anatomy_inst/case5309_32.png
931,/data/halyusuf/data/CataractData/semantic_segmentation/Annotations/Images-and-Supervisely-Annotations/case_5309/img/case5309_33.png,/data/halyusuf/data/CataractData/semantic_segmentation/Annotations/Images-and-Supervisely-Annotations/case_5309/mask_anatomy_inst/case5309_33.png
932,/data/halyusuf/data/CataractData/semantic_segmentation/Annotations/Images-and-Supervisely-Annotations/case_5309/img/case5309_34.png,/data/halyusuf/data/CataractData/semantic_segmentation/Annotations/Images-and-Supervisely-Annotations/case_5309/mask_anatomy_inst/case5309_34.png
933,/data/halyusuf/data/CataractData/semantic_segmentation/Annotations/Images-and-Supervisely-Annotations/case_5309/img/case5309_35.png,/data/halyusuf/data/CataractData/semantic_segmentation/Annotations/Images-and-Supervisely-Annotations/case_5309/mask_anatomy_inst/case5309_35.png
934,/data/halyusuf/data/CataractData/semantic_segmentation/Annotations/Images-and-Supervisely-Annotations/case_5309/img/case5309_36.png,/data/halyusuf/data/CataractData/semantic_segmentation/Annotations/Images-and-Supervisely-Annotations/case_5309/mask_anatomy_inst/case5309_36.png
935,/data/halyusuf/data/CataractData/semantic_segmentation/Annotations/Images-and-Supervisely-Annotations/case_5309/img/case5309_37.png,/data/halyusuf/data/CataractData/semantic_segmentation/Annotations/Images-and-Supervisely-Annotations/case_5309/mask_anatomy_inst/case5309_37.png
936,/data/halyusuf/data/CataractData/semantic_segmentation/Annotations/Images-and-Supervisely-Annotations/case_5309/img/case5309_38.png,/data/halyusuf/data/CataractData/semantic_segmentation/Annotations/Images-and-Supervisely-Annotations/case_5309/mask_anatomy_inst/case5309_38.png
937,/data/halyusuf/data/CataractData/semantic_segmentation/Annotations/Images-and-Supervisely-Annotations/case_5309/img/case5309_39.png,/data/halyusuf/data/CataractData/semantic_segmentation/Annotations/Images-and-Supervisely-Annotations/case_5309/mask_anatomy_inst/case5309_39.png
938,/data/halyusuf/data/CataractData/semantic_segmentation/Annotations/Images-and-Supervisely-Annotations/case_5309/img/case5309_40.png,/data/halyusuf/data/CataractData/semantic_segmentation/Annotations/Images-and-Supervisely-Annotations/case_5309/mask_anatomy_inst/case5309_40.png
939,/data/halyusuf/data/CataractData/semantic_segmentation/Annotations/Images-and-Supervisely-Annotations/case_5309/img/case5309_41.png,/data/halyusuf/data/CataractData/semantic_segmentation/Annotations/Images-and-Supervisely-Annotations/case_5309/mask_anatomy_inst/case5309_41.png
940,/data/halyusuf/data/CataractData/semantic_segmentation/Annotations/Images-and-Supervisely-Annotations/case_5309/img/case5309_42.png,/data/halyusuf/data/CataractData/semantic_segmentation/Annotations/Images-and-Supervisely-Annotations/case_5309/mask_anatomy_inst/case5309_42.png
941,/data/halyusuf/data/CataractData/semantic_segmentation/Annotations/Images-and-Supervisely-Annotations/case_5309/img/case5309_43.png,/data/halyusuf/data/CataractData/semantic_segmentation/Annotations/Images-and-Supervisely-Annotations/case_5309/mask_anatomy_inst/case5309_43.png
942,/data/halyusuf/data/CataractData/semantic_segmentation/Annotations/Images-and-Supervisely-Annotations/case_5309/img/case5309_44.png,/data/halyusuf/data/CataractData/semantic_segmentation/Annotations/Images-and-Supervisely-Annotations/case_5309/mask_anatomy_inst/case5309_44.png
943,/data/halyusuf/data/CataractData/semantic_segmentation/Annotations/Images-and-Supervisely-Annotations/case_5309/img/case5309_45.png,/data/halyusuf/data/CataractData/semantic_segmentation/Annotations/Images-and-Supervisely-Annotations/case_5309/mask_anatomy_inst/case5309_45.png
944,/data/halyusuf/data/CataractData/semantic_segmentation/Annotations/Images-and-Supervisely-Annotations/case_5309/img/case5309_46.png,/data/halyusuf/data/CataractData/semantic_segmentation/Annotations/Images-and-Supervisely-Annotations/case_5309/mask_anatomy_inst/case5309_46.png
945,/data/halyusuf/data/CataractData/semantic_segmentation/Annotations/Images-and-Supervisely-Annotations/case_5309/img/case5309_47.png,/data/halyusuf/data/CataractData/semantic_segmentation/Annotations/Images-and-Supervisely-Annotations/case_5309/mask_anatomy_inst/case5309_47.png
946,/data/halyusuf/data/CataractData/semantic_segmentation/Annotations/Images-and-Supervisely-Annotations/case_5309/img/case5309_48.png,/data/halyusuf/data/CataractData/semantic_segmentation/Annotations/Images-and-Supervisely-Annotations/case_5309/mask_anatomy_inst/case5309_48.png
947,/data/halyusuf/data/CataractData/semantic_segmentation/Annotations/Images-and-Supervisely-Annotations/case_5309/img/case5309_49.png,/data/halyusuf/data/CataractData/semantic_segmentation/Annotations/Images-and-Supervisely-Annotations/case_5309/mask_anatomy_inst/case5309_49.png
948,/data/halyusuf/data/CataractData/semantic_segmentation/Annotations/Images-and-Supervisely-Annotations/case_5309/img/case5309_50.png,/data/halyusuf/data/CataractData/semantic_segmentation/Annotations/Images-and-Supervisely-Annotations/case_5309/mask_anatomy_inst/case5309_50.png
949,/data/halyusuf/data/CataractData/semantic_segmentation/Annotations/Images-and-Supervisely-Annotations/case_5309/img/case5309_51.png,/data/halyusuf/data/CataractData/semantic_segmentation/Annotations/Images-and-Supervisely-Annotations/case_5309/mask_anatomy_inst/case5309_51.png
950,/data/halyusuf/data/CataractData/semantic_segmentation/Annotations/Images-and-Supervisely-Annotations/case_5309/img/case5309_52.png,/data/halyusuf/data/CataractData/semantic_segmentation/Annotations/Images-and-Supervisely-Annotations/case_5309/mask_anatomy_inst/case5309_52.png
951,/data/halyusuf/data/CataractData/semantic_segmentation/Annotations/Images-and-Supervisely-Annotations/case_5309/img/case5309_53.png,/data/halyusuf/data/CataractData/semantic_segmentation/Annotations/Images-and-Supervisely-Annotations/case_5309/mask_anatomy_inst/case5309_53.png
952,/data/halyusuf/data/CataractData/semantic_segmentation/Annotations/Images-and-Supervisely-Annotations/case_5309/img/case5309_54.png,/data/halyusuf/data/CataractData/semantic_segmentation/Annotations/Images-and-Supervisely-Annotations/case_5309/mask_anatomy_inst/case5309_54.png
953,/data/halyusuf/data/CataractData/semantic_segmentation/Annotations/Images-and-Supervisely-Annotations/case_5309/img/case5309_55.png,/data/halyusuf/data/CataractData/semantic_segmentation/Annotations/Images-and-Supervisely-Annotations/case_5309/mask_anatomy_inst/case5309_55.png
954,/data/halyusuf/data/CataractData/semantic_segmentation/Annotations/Images-and-Supervisely-Annotations/case_5309/img/case5309_56.png,/data/halyusuf/data/CataractData/semantic_segmentation/Annotations/Images-and-Supervisely-Annotations/case_5309/mask_anatomy_inst/case5309_56.png
955,/data/halyusuf/data/CataractData/semantic_segmentation/Annotations/Images-and-Supervisely-Annotations/case_5309/img/case5309_57.png,/data/halyusuf/data/CataractData/semantic_segmentation/Annotations/Images-and-Supervisely-Annotations/case_5309/mask_anatomy_inst/case5309_57.png
956,/data/halyusuf/data/CataractData/semantic_segmentation/Annotations/Images-and-Supervisely-Annotations/case_5309/img/case5309_58.png,/data/halyusuf/data/CataractData/semantic_segmentation/Annotations/Images-and-Supervisely-Annotations/case_5309/mask_anatomy_inst/case5309_58.png
957,/data/halyusuf/data/CataractData/semantic_segmentation/Annotations/Images-and-Supervisely-Annotations/case_5309/img/case5309_59.png,/data/halyusuf/data/CataractData/semantic_segmentation/Annotations/Images-and-Supervisely-Annotations/case_5309/mask_anatomy_inst/case5309_59.png
958,/data/halyusuf/data/CataractData/semantic_segmentation/Annotations/Images-and-Supervisely-Annotations/case_5309/img/case5309_60.png,/data/halyusuf/data/CataractData/semantic_segmentation/Annotations/Images-and-Supervisely-Annotations/case_5309/mask_anatomy_inst/case5309_60.png
959,/data/halyusuf/data/CataractData/semantic_segmentation/Annotations/Images-and-Supervisely-Annotations/case_5309/img/case5309_61.png,/data/halyusuf/data/CataractData/semantic_segmentation/Annotations/Images-and-Supervisely-Annotations/case_5309/mask_anatomy_inst/case5309_61.png
960,/data/halyusuf/data/CataractData/semantic_segmentation/Annotations/Images-and-Supervisely-Annotations/case_5309/img/case5309_62.png,/data/halyusuf/data/CataractData/semantic_segmentation/Annotations/Images-and-Supervisely-Annotations/case_5309/mask_anatomy_inst/case5309_62.png
961,/data/halyusuf/data/CataractData/semantic_segmentation/Annotations/Images-and-Supervisely-Annotations/case_5309/img/case5309_63.png,/data/halyusuf/data/CataractData/semantic_segmentation/Annotations/Images-and-Supervisely-Annotations/case_5309/mask_anatomy_inst/case5309_63.png
962,/data/halyusuf/data/CataractData/semantic_segmentation/Annotations/Images-and-Supervisely-Annotations/case_5309/img/case5309_64.png,/data/halyusuf/data/CataractData/semantic_segmentation/Annotations/Images-and-Supervisely-Annotations/case_5309/mask_anatomy_inst/case5309_64.png
963,/data/halyusuf/data/CataractData/semantic_segmentation/Annotations/Images-and-Supervisely-Annotations/case_5309/img/case5309_65.png,/data/halyusuf/data/CataractData/semantic_segmentation/Annotations/Images-and-Supervisely-Annotations/case_5309/mask_anatomy_inst/case5309_65.png
964,/data/halyusuf/data/CataractData/semantic_segmentation/Annotations/Images-and-Supervisely-Annotations/case_5309/img/case5309_66.png,/data/halyusuf/data/CataractData/semantic_segmentation/Annotations/Images-and-Supervisely-Annotations/case_5309/mask_anatomy_inst/case5309_66.png
965,/data/halyusuf/data/CataractData/semantic_segmentation/Annotations/Images-and-Supervisely-Annotations/case_5309/img/case5309_67.png,/data/halyusuf/data/CataractData/semantic_segmentation/Annotations/Images-and-Supervisely-Annotations/case_5309/mask_anatomy_inst/case5309_67.png
966,/data/halyusuf/data/CataractData/semantic_segmentation/Annotations/Images-and-Supervisely-Annotations/case_5309/img/case5309_68.png,/data/halyusuf/data/CataractData/semantic_segmentation/Annotations/Images-and-Supervisely-Annotations/case_5309/mask_anatomy_inst/case5309_68.png
967,/data/halyusuf/data/CataractData/semantic_segmentation/Annotations/Images-and-Supervisely-Annotations/case_5316/img/case5316_01.png,/data/halyusuf/data/CataractData/semantic_segmentation/Annotations/Images-and-Supervisely-Annotations/case_5316/mask_anatomy_inst/case5316_01.png
968,/data/halyusuf/data/CataractData/semantic_segmentation/Annotations/Images-and-Supervisely-Annotations/case_5316/img/case5316_02.png,/data/halyusuf/data/CataractData/semantic_segmentation/Annotations/Images-and-Supervisely-Annotations/case_5316/mask_anatomy_inst/case5316_02.png
969,/data/halyusuf/data/CataractData/semantic_segmentation/Annotations/Images-and-Supervisely-Annotations/case_5316/img/case5316_03.png,/data/halyusuf/data/CataractData/semantic_segmentation/Annotations/Images-and-Supervisely-Annotations/case_5316/mask_anatomy_inst/case5316_03.png
970,/data/halyusuf/data/CataractData/semantic_segmentation/Annotations/Images-and-Supervisely-Annotations/case_5316/img/case5316_04.png,/data/halyusuf/data/CataractData/semantic_segmentation/Annotations/Images-and-Supervisely-Annotations/case_5316/mask_anatomy_inst/case5316_04.png
971,/data/halyusuf/data/CataractData/semantic_segmentation/Annotations/Images-and-Supervisely-Annotations/case_5316/img/case5316_05.png,/data/halyusuf/data/CataractData/semantic_segmentation/Annotations/Images-and-Supervisely-Annotations/case_5316/mask_anatomy_inst/case5316_05.png
972,/data/halyusuf/data/CataractData/semantic_segmentation/Annotations/Images-and-Supervisely-Annotations/case_5316/img/case5316_06.png,/data/halyusuf/data/CataractData/semantic_segmentation/Annotations/Images-and-Supervisely-Annotations/case_5316/mask_anatomy_inst/case5316_06.png
973,/data/halyusuf/data/CataractData/semantic_segmentation/Annotations/Images-and-Supervisely-Annotations/case_5316/img/case5316_07.png,/data/halyusuf/data/CataractData/semantic_segmentation/Annotations/Images-and-Supervisely-Annotations/case_5316/mask_anatomy_inst/case5316_07.png
974,/data/halyusuf/data/CataractData/semantic_segmentation/Annotations/Images-and-Supervisely-Annotations/case_5316/img/case5316_08.png,/data/halyusuf/data/CataractData/semantic_segmentation/Annotations/Images-and-Supervisely-Annotations/case_5316/mask_anatomy_inst/case5316_08.png
975,/data/halyusuf/data/CataractData/semantic_segmentation/Annotations/Images-and-Supervisely-Annotations/case_5316/img/case5316_09.png,/data/halyusuf/data/CataractData/semantic_segmentation/Annotations/Images-and-Supervisely-Annotations/case_5316/mask_anatomy_inst/case5316_09.png
976,/data/halyusuf/data/CataractData/semantic_segmentation/Annotations/Images-and-Supervisely-Annotations/case_5316/img/case5316_10.png,/data/halyusuf/data/CataractData/semantic_segmentation/Annotations/Images-and-Supervisely-Annotations/case_5316/mask_anatomy_inst/case5316_10.png
977,/data/halyusuf/data/CataractData/semantic_segmentation/Annotations/Images-and-Supervisely-Annotations/case_5316/img/case5316_11.png,/data/halyusuf/data/CataractData/semantic_segmentation/Annotations/Images-and-Supervisely-Annotations/case_5316/mask_anatomy_inst/case5316_11.png
978,/data/halyusuf/data/CataractData/semantic_segmentation/Annotations/Images-and-Supervisely-Annotations/case_5316/img/case5316_12.png,/data/halyusuf/data/CataractData/semantic_segmentation/Annotations/Images-and-Supervisely-Annotations/case_5316/mask_anatomy_inst/case5316_12.png
979,/data/halyusuf/data/CataractData/semantic_segmentation/Annotations/Images-and-Supervisely-Annotations/case_5316/img/case5316_13.png,/data/halyusuf/data/CataractData/semantic_segmentation/Annotations/Images-and-Supervisely-Annotations/case_5316/mask_anatomy_inst/case5316_13.png
980,/data/halyusuf/data/CataractData/semantic_segmentation/Annotations/Images-and-Supervisely-Annotations/case_5316/img/case5316_14.png,/data/halyusuf/data/CataractData/semantic_segmentation/Annotations/Images-and-Supervisely-Annotations/case_5316/mask_anatomy_inst/case5316_14.png
981,/data/halyusuf/data/CataractData/semantic_segmentation/Annotations/Images-and-Supervisely-Annotations/case_5316/img/case5316_15.png,/data/halyusuf/data/CataractData/semantic_segmentation/Annotations/Images-and-Supervisely-Annotations/case_5316/mask_anatomy_inst/case5316_15.png
982,/data/halyusuf/data/CataractData/semantic_segmentation/Annotations/Images-and-Supervisely-Annotations/case_5316/img/case5316_16.png,/data/halyusuf/data/CataractData/semantic_segmentation/Annotations/Images-and-Supervisely-Annotations/case_5316/mask_anatomy_inst/case5316_16.png
983,/data/halyusuf/data/CataractData/semantic_segmentation/Annotations/Images-and-Supervisely-Annotations/case_5316/img/case5316_17.png,/data/halyusuf/data/CataractData/semantic_segmentation/Annotations/Images-and-Supervisely-Annotations/case_5316/mask_anatomy_inst/case5316_17.png
984,/data/halyusuf/data/CataractData/semantic_segmentation/Annotations/Images-and-Supervisely-Annotations/case_5316/img/case5316_18.png,/data/halyusuf/data/CataractData/semantic_segmentation/Annotations/Images-and-Supervisely-Annotations/case_5316/mask_anatomy_inst/case5316_18.png
985,/data/halyusuf/data/CataractData/semantic_segmentation/Annotations/Images-and-Supervisely-Annotations/case_5316/img/case5316_19.png,/data/halyusuf/data/CataractData/semantic_segmentation/Annotations/Images-and-Supervisely-Annotations/case_5316/mask_anatomy_inst/case5316_19.png
986,/data/halyusuf/data/CataractData/semantic_segmentation/Annotations/Images-and-Supervisely-Annotations/case_5316/img/case5316_20.png,/data/halyusuf/data/CataractData/semantic_segmentation/Annotations/Images-and-Supervisely-Annotations/case_5316/mask_anatomy_inst/case5316_20.png
987,/data/halyusuf/data/CataractData/semantic_segmentation/Annotations/Images-and-Supervisely-Annotations/case_5316/img/case5316_21.png,/data/halyusuf/data/CataractData/semantic_segmentation/Annotations/Images-and-Supervisely-Annotations/case_5316/mask_anatomy_inst/case5316_21.png
988,/data/halyusuf/data/CataractData/semantic_segmentation/Annotations/Images-and-Supervisely-Annotations/case_5316/img/case5316_22.png,/data/halyusuf/data/CataractData/semantic_segmentation/Annotations/Images-and-Supervisely-Annotations/case_5316/mask_anatomy_inst/case5316_22.png
989,/data/halyusuf/data/CataractData/semantic_segmentation/Annotations/Images-and-Supervisely-Annotations/case_5316/img/case5316_23.png,/data/halyusuf/data/CataractData/semantic_segmentation/Annotations/Images-and-Supervisely-Annotations/case_5316/mask_anatomy_inst/case5316_23.png
990,/data/halyusuf/data/CataractData/semantic_segmentation/Annotations/Images-and-Supervisely-Annotations/case_5316/img/case5316_24.png,/data/halyusuf/data/CataractData/semantic_segmentation/Annotations/Images-and-Supervisely-Annotations/case_5316/mask_anatomy_inst/case5316_24.png
991,/data/halyusuf/data/CataractData/semantic_segmentation/Annotations/Images-and-Supervisely-Annotations/case_5316/img/case5316_25.png,/data/halyusuf/data/CataractData/semantic_segmentation/Annotations/Images-and-Supervisely-Annotations/case_5316/mask_anatomy_inst/case5316_25.png
992,/data/halyusuf/data/CataractData/semantic_segmentation/Annotations/Images-and-Supervisely-Annotations/case_5316/img/case5316_26.png,/data/halyusuf/data/CataractData/semantic_segmentation/Annotations/Images-and-Supervisely-Annotations/case_5316/mask_anatomy_inst/case5316_26.png
993,/data/halyusuf/data/CataractData/semantic_segmentation/Annotations/Images-and-Supervisely-Annotations/case_5316/img/case5316_27.png,/data/halyusuf/data/CataractData/semantic_segmentation/Annotations/Images-and-Supervisely-Annotations/case_5316/mask_anatomy_inst/case5316_27.png
994,/data/halyusuf/data/CataractData/semantic_segmentation/Annotations/Images-and-Supervisely-Annotations/case_5316/img/case5316_28.png,/data/halyusuf/data/CataractData/semantic_segmentation/Annotations/Images-and-Supervisely-Annotations/case_5316/mask_anatomy_inst/case5316_28.png
995,/data/halyusuf/data/CataractData/semantic_segmentation/Annotations/Images-and-Supervisely-Annotations/case_5316/img/case5316_29.png,/data/halyusuf/data/CataractData/semantic_segmentation/Annotations/Images-and-Supervisely-Annotations/case_5316/mask_anatomy_inst/case5316_29.png
996,/data/halyusuf/data/CataractData/semantic_segmentation/Annotations/Images-and-Supervisely-Annotations/case_5316/img/case5316_30.png,/data/halyusuf/data/CataractData/semantic_segmentation/Annotations/Images-and-Supervisely-Annotations/case_5316/mask_anatomy_inst/case5316_30.png
997,/data/halyusuf/data/CataractData/semantic_segmentation/Annotations/Images-and-Supervisely-Annotations/case_5316/img/case5316_31.png,/data/halyusuf/data/CataractData/semantic_segmentation/Annotations/Images-and-Supervisely-Annotations/case_5316/mask_anatomy_inst/case5316_31.png
998,/data/halyusuf/data/CataractData/semantic_segmentation/Annotations/Images-and-Supervisely-Annotations/case_5316/img/case5316_32.png,/data/halyusuf/data/CataractData/semantic_segmentation/Annotations/Images-and-Supervisely-Annotations/case_5316/mask_anatomy_inst/case5316_32.png
999,/data/halyusuf/data/CataractData/semantic_segmentation/Annotations/Images-and-Supervisely-Annotations/case_5316/img/case5316_33.png,/data/halyusuf/data/CataractData/semantic_segmentation/Annotations/Images-and-Supervisely-Annotations/case_5316/mask_anatomy_inst/case5316_33.png
1000,/data/halyusuf/data/CataractData/semantic_segmentation/Annotations/Images-and-Supervisely-Annotations/case_5316/img/case5316_34.png,/data/halyusuf/data/CataractData/semantic_segmentation/Annotations/Images-and-Supervisely-Annotations/case_5316/mask_anatomy_inst/case5316_34.png
1001,/data/halyusuf/data/CataractData/semantic_segmentation/Annotations/Images-and-Supervisely-Annotations/case_5316/img/case5316_35.png,/data/halyusuf/data/CataractData/semantic_segmentation/Annotations/Images-and-Supervisely-Annotations/case_5316/mask_anatomy_inst/case5316_35.png
1002,/data/halyusuf/data/CataractData/semantic_segmentation/Annotations/Images-and-Supervisely-Annotations/case_5316/img/case5316_36.png,/data/halyusuf/data/CataractData/semantic_segmentation/Annotations/Images-and-Supervisely-Annotations/case_5316/mask_anatomy_inst/case5316_36.png
1003,/data/halyusuf/data/CataractData/semantic_segmentation/Annotations/Images-and-Supervisely-Annotations/case_5316/img/case5316_38.png,/data/halyusuf/data/CataractData/semantic_segmentation/Annotations/Images-and-Supervisely-Annotations/case_5316/mask_anatomy_inst/case5316_38.png
1004,/data/halyusuf/data/CataractData/semantic_segmentation/Annotations/Images-and-Supervisely-Annotations/case_5316/img/case5316_39.png,/data/halyusuf/data/CataractData/semantic_segmentation/Annotations/Images-and-Supervisely-Annotations/case_5316/mask_anatomy_inst/case5316_39.png
1005,/data/halyusuf/data/CataractData/semantic_segmentation/Annotations/Images-and-Supervisely-Annotations/case_5316/img/case5316_40.png,/data/halyusuf/data/CataractData/semantic_segmentation/Annotations/Images-and-Supervisely-Annotations/case_5316/mask_anatomy_inst/case5316_40.png
1006,/data/halyusuf/data/CataractData/semantic_segmentation/Annotations/Images-and-Supervisely-Annotations/case_5316/img/case5316_41.png,/data/halyusuf/data/CataractData/semantic_segmentation/Annotations/Images-and-Supervisely-Annotations/case_5316/mask_anatomy_inst/case5316_41.png
1007,/data/halyusuf/data/CataractData/semantic_segmentation/Annotations/Images-and-Supervisely-Annotations/case_5316/img/case5316_42.png,/data/halyusuf/data/CataractData/semantic_segmentation/Annotations/Images-and-Supervisely-Annotations/case_5316/mask_anatomy_inst/case5316_42.png
1008,/data/halyusuf/data/CataractData/semantic_segmentation/Annotations/Images-and-Supervisely-Annotations/case_5316/img/case5316_43.png,/data/halyusuf/data/CataractData/semantic_segmentation/Annotations/Images-and-Supervisely-Annotations/case_5316/mask_anatomy_inst/case5316_43.png
1009,/data/halyusuf/data/CataractData/semantic_segmentation/Annotations/Images-and-Supervisely-Annotations/case_5316/img/case5316_44.png,/data/halyusuf/data/CataractData/semantic_segmentation/Annotations/Images-and-Supervisely-Annotations/case_5316/mask_anatomy_inst/case5316_44.png
1010,/data/halyusuf/data/CataractData/semantic_segmentation/Annotations/Images-and-Supervisely-Annotations/case_5316/img/case5316_45.png,/data/halyusuf/data/CataractData/semantic_segmentation/Annotations/Images-and-Supervisely-Annotations/case_5316/mask_anatomy_inst/case5316_45.png
1011,/data/halyusuf/data/CataractData/semantic_segmentation/Annotations/Images-and-Supervisely-Annotations/case_5316/img/case5316_46.png,/data/halyusuf/data/CataractData/semantic_segmentation/Annotations/Images-and-Supervisely-Annotations/case_5316/mask_anatomy_inst/case5316_46.png
1012,/data/halyusuf/data/CataractData/semantic_segmentation/Annotations/Images-and-Supervisely-Annotations/case_5316/img/case5316_47.png,/data/halyusuf/data/CataractData/semantic_segmentation/Annotations/Images-and-Supervisely-Annotations/case_5316/mask_anatomy_inst/case5316_47.png
1013,/data/halyusuf/data/CataractData/semantic_segmentation/Annotations/Images-and-Supervisely-Annotations/case_5316/img/case5316_48.png,/data/halyusuf/data/CataractData/semantic_segmentation/Annotations/Images-and-Supervisely-Annotations/case_5316/mask_anatomy_inst/case5316_48.png
1014,/data/halyusuf/data/CataractData/semantic_segmentation/Annotations/Images-and-Supervisely-Annotations/case_5316/img/case5316_49.png,/data/halyusuf/data/CataractData/semantic_segmentation/Annotations/Images-and-Supervisely-Annotations/case_5316/mask_anatomy_inst/case5316_49.png
1015,/data/halyusuf/data/CataractData/semantic_segmentation/Annotations/Images-and-Supervisely-Annotations/case_5316/img/case5316_50.png,/data/halyusuf/data/CataractData/semantic_segmentation/Annotations/Images-and-Supervisely-Annotations/case_5316/mask_anatomy_inst/case5316_50.png
1016,/data/halyusuf/data/CataractData/semantic_segmentation/Annotations/Images-and-Supervisely-Annotations/case_5316/img/case5316_51.png,/data/halyusuf/data/CataractData/semantic_segmentation/Annotations/Images-and-Supervisely-Annotations/case_5316/mask_anatomy_inst/case5316_51.png
1017,/data/halyusuf/data/CataractData/semantic_segmentation/Annotations/Images-and-Supervisely-Annotations/case_5316/img/case5316_52.png,/data/halyusuf/data/CataractData/semantic_segmentation/Annotations/Images-and-Supervisely-Annotations/case_5316/mask_anatomy_inst/case5316_52.png
1018,/data/halyusuf/data/CataractData/semantic_segmentation/Annotations/Images-and-Supervisely-Annotations/case_5316/img/case5316_53.png,/data/halyusuf/data/CataractData/semantic_segmentation/Annotations/Images-and-Supervisely-Annotations/case_5316/mask_anatomy_inst/case5316_53.png
1019,/data/halyusuf/data/CataractData/semantic_segmentation/Annotations/Images-and-Supervisely-Annotations/case_5316/img/case5316_54.png,/data/halyusuf/data/CataractData/semantic_segmentation/Annotations/Images-and-Supervisely-Annotations/case_5316/mask_anatomy_inst/case5316_54.png
1020,/data/halyusuf/data/CataractData/semantic_segmentation/Annotations/Images-and-Supervisely-Annotations/case_5316/img/case5316_55.png,/data/halyusuf/data/CataractData/semantic_segmentation/Annotations/Images-and-Supervisely-Annotations/case_5316/mask_anatomy_inst/case5316_55.png
1021,/data/halyusuf/data/CataractData/semantic_segmentation/Annotations/Images-and-Supervisely-Annotations/case_5316/img/case5316_56.png,/data/halyusuf/data/CataractData/semantic_segmentation/Annotations/Images-and-Supervisely-Annotations/case_5316/mask_anatomy_inst/case5316_56.png
1022,/data/halyusuf/data/CataractData/semantic_segmentation/Annotations/Images-and-Supervisely-Annotations/case_5316/img/case5316_57.png,/data/halyusuf/data/CataractData/semantic_segmentation/Annotations/Images-and-Supervisely-Annotations/case_5316/mask_anatomy_inst/case5316_57.png
1023,/data/halyusuf/data/CataractData/semantic_segmentation/Annotations/Images-and-Supervisely-Annotations/case_5316/img/case5316_58.png,/data/halyusuf/data/CataractData/semantic_segmentation/Annotations/Images-and-Supervisely-Annotations/case_5316/mask_anatomy_inst/case5316_58.png
1024,/data/halyusuf/data/CataractData/semantic_segmentation/Annotations/Images-and-Supervisely-Annotations/case_5316/img/case5316_59.png,/data/halyusuf/data/CataractData/semantic_segmentation/Annotations/Images-and-Supervisely-Annotations/case_5316/mask_anatomy_inst/case5316_59.png
1025,/data/halyusuf/data/CataractData/semantic_segmentation/Annotations/Images-and-Supervisely-Annotations/case_5316/img/case5316_60.png,/data/halyusuf/data/CataractData/semantic_segmentation/Annotations/Images-and-Supervisely-Annotations/case_5316/mask_anatomy_inst/case5316_60.png
1026,/data/halyusuf/data/CataractData/semantic_segmentation/Annotations/Images-and-Supervisely-Annotations/case_5316/img/case5316_61.png,/data/halyusuf/data/CataractData/semantic_segmentation/Annotations/Images-and-Supervisely-Annotations/case_5316/mask_anatomy_inst/case5316_61.png
1027,/data/halyusuf/data/CataractData/semantic_segmentation/Annotations/Images-and-Supervisely-Annotations/case_5316/img/case5316_62.png,/data/halyusuf/data/CataractData/semantic_segmentation/Annotations/Images-and-Supervisely-Annotations/case_5316/mask_anatomy_inst/case5316_62.png
1028,/data/halyusuf/data/CataractData/semantic_segmentation/Annotations/Images-and-Supervisely-Annotations/case_5316/img/case5316_63.png,/data/halyusuf/data/CataractData/semantic_segmentation/Annotations/Images-and-Supervisely-Annotations/case_5316/mask_anatomy_inst/case5316_63.png
1029,/data/halyusuf/data/CataractData/semantic_segmentation/Annotations/Images-and-Supervisely-Annotations/case_5316/img/case5316_64.png,/data/halyusuf/data/CataractData/semantic_segmentation/Annotations/Images-and-Supervisely-Annotations/case_5316/mask_anatomy_inst/case5316_64.png
1030,/data/halyusuf/data/CataractData/semantic_segmentation/Annotations/Images-and-Supervisely-Annotations/case_5316/img/case5316_65.png,/data/halyusuf/data/CataractData/semantic_segmentation/Annotations/Images-and-Supervisely-Annotations/case_5316/mask_anatomy_inst/case5316_65.png
1031,/data/halyusuf/data/CataractData/semantic_segmentation/Annotations/Images-and-Supervisely-Annotations/case_5316/img/case5316_66.png,/data/halyusuf/data/CataractData/semantic_segmentation/Annotations/Images-and-Supervisely-Annotations/case_5316/mask_anatomy_inst/case5316_66.png
1032,/data/halyusuf/data/CataractData/semantic_segmentation/Annotations/Images-and-Supervisely-Annotations/case_5316/img/case5316_67.png,/data/halyusuf/data/CataractData/semantic_segmentation/Annotations/Images-and-Supervisely-Annotations/case_5316/mask_anatomy_inst/case5316_67.png
1033,/data/halyusuf/data/CataractData/semantic_segmentation/Annotations/Images-and-Supervisely-Annotations/case_5316/img/case5316_68.png,/data/halyusuf/data/CataractData/semantic_segmentation/Annotations/Images-and-Supervisely-Annotations/case_5316/mask_anatomy_inst/case5316_68.png
1034,/data/halyusuf/data/CataractData/semantic_segmentation/Annotations/Images-and-Supervisely-Annotations/case_5316/img/case5316_69.png,/data/halyusuf/data/CataractData/semantic_segmentation/Annotations/Images-and-Supervisely-Annotations/case_5316/mask_anatomy_inst/case5316_69.png
1035,/data/halyusuf/data/CataractData/semantic_segmentation/Annotations/Images-and-Supervisely-Annotations/case_5316/img/case5316_70.png,/data/halyusuf/data/CataractData/semantic_segmentation/Annotations/Images-and-Supervisely-Annotations/case_5316/mask_anatomy_inst/case5316_70.png
1036,/data/halyusuf/data/CataractData/semantic_segmentation/Annotations/Images-and-Supervisely-Annotations/case_5319/img/case5319_01.png,/data/halyusuf/data/CataractData/semantic_segmentation/Annotations/Images-and-Supervisely-Annotations/case_5319/mask_anatomy_inst/case5319_01.png
1037,/data/halyusuf/data/CataractData/semantic_segmentation/Annotations/Images-and-Supervisely-Annotations/case_5319/img/case5319_02.png,/data/halyusuf/data/CataractData/semantic_segmentation/Annotations/Images-and-Supervisely-Annotations/case_5319/mask_anatomy_inst/case5319_02.png
1038,/data/halyusuf/data/CataractData/semantic_segmentation/Annotations/Images-and-Supervisely-Annotations/case_5319/img/case5319_03.png,/data/halyusuf/data/CataractData/semantic_segmentation/Annotations/Images-and-Supervisely-Annotations/case_5319/mask_anatomy_inst/case5319_03.png
1039,/data/halyusuf/data/CataractData/semantic_segmentation/Annotations/Images-and-Supervisely-Annotations/case_5319/img/case5319_04.png,/data/halyusuf/data/CataractData/semantic_segmentation/Annotations/Images-and-Supervisely-Annotations/case_5319/mask_anatomy_inst/case5319_04.png
1040,/data/halyusuf/data/CataractData/semantic_segmentation/Annotations/Images-and-Supervisely-Annotations/case_5319/img/case5319_05.png,/data/halyusuf/data/CataractData/semantic_segmentation/Annotations/Images-and-Supervisely-Annotations/case_5319/mask_anatomy_inst/case5319_05.png
1041,/data/halyusuf/data/CataractData/semantic_segmentation/Annotations/Images-and-Supervisely-Annotations/case_5319/img/case5319_06.png,/data/halyusuf/data/CataractData/semantic_segmentation/Annotations/Images-and-Supervisely-Annotations/case_5319/mask_anatomy_inst/case5319_06.png
1042,/data/halyusuf/data/CataractData/semantic_segmentation/Annotations/Images-and-Supervisely-Annotations/case_5319/img/case5319_07.png,/data/halyusuf/data/CataractData/semantic_segmentation/Annotations/Images-and-Supervisely-Annotations/case_5319/mask_anatomy_inst/case5319_07.png
1043,/data/halyusuf/data/CataractData/semantic_segmentation/Annotations/Images-and-Supervisely-Annotations/case_5319/img/case5319_08.png,/data/halyusuf/data/CataractData/semantic_segmentation/Annotations/Images-and-Supervisely-Annotations/case_5319/mask_anatomy_inst/case5319_08.png
1044,/data/halyusuf/data/CataractData/semantic_segmentation/Annotations/Images-and-Supervisely-Annotations/case_5319/img/case5319_09.png,/data/halyusuf/data/CataractData/semantic_segmentation/Annotations/Images-and-Supervisely-Annotations/case_5319/mask_anatomy_inst/case5319_09.png
1045,/data/halyusuf/data/CataractData/semantic_segmentation/Annotations/Images-and-Supervisely-Annotations/case_5319/img/case5319_10.png,/data/halyusuf/data/CataractData/semantic_segmentation/Annotations/Images-and-Supervisely-Annotations/case_5319/mask_anatomy_inst/case5319_10.png
1046,/data/halyusuf/data/CataractData/semantic_segmentation/Annotations/Images-and-Supervisely-Annotations/case_5319/img/case5319_100.png,/data/halyusuf/data/CataractData/semantic_segmentation/Annotations/Images-and-Supervisely-Annotations/case_5319/mask_anatomy_inst/case5319_100.png
1047,/data/halyusuf/data/CataractData/semantic_segmentation/Annotations/Images-and-Supervisely-Annotations/case_5319/img/case5319_101.png,/data/halyusuf/data/CataractData/semantic_segmentation/Annotations/Images-and-Supervisely-Annotations/case_5319/mask_anatomy_inst/case5319_101.png
1048,/data/halyusuf/data/CataractData/semantic_segmentation/Annotations/Images-and-Supervisely-Annotations/case_5319/img/case5319_102.png,/data/halyusuf/data/CataractData/semantic_segmentation/Annotations/Images-and-Supervisely-Annotations/case_5319/mask_anatomy_inst/case5319_102.png
1049,/data/halyusuf/data/CataractData/semantic_segmentation/Annotations/Images-and-Supervisely-Annotations/case_5319/img/case5319_103.png,/data/halyusuf/data/CataractData/semantic_segmentation/Annotations/Images-and-Supervisely-Annotations/case_5319/mask_anatomy_inst/case5319_103.png
1050,/data/halyusuf/data/CataractData/semantic_segmentation/Annotations/Images-and-Supervisely-Annotations/case_5319/img/case5319_104.png,/data/halyusuf/data/CataractData/semantic_segmentation/Annotations/Images-and-Supervisely-Annotations/case_5319/mask_anatomy_inst/case5319_104.png
1051,/data/halyusuf/data/CataractData/semantic_segmentation/Annotations/Images-and-Supervisely-Annotations/case_5319/img/case5319_105.png,/data/halyusuf/data/CataractData/semantic_segmentation/Annotations/Images-and-Supervisely-Annotations/case_5319/mask_anatomy_inst/case5319_105.png
1052,/data/halyusuf/data/CataractData/semantic_segmentation/Annotations/Images-and-Supervisely-Annotations/case_5319/img/case5319_106.png,/data/halyusuf/data/CataractData/semantic_segmentation/Annotations/Images-and-Supervisely-Annotations/case_5319/mask_anatomy_inst/case5319_106.png
1053,/data/halyusuf/data/CataractData/semantic_segmentation/Annotations/Images-and-Supervisely-Annotations/case_5319/img/case5319_107.png,/data/halyusuf/data/CataractData/semantic_segmentation/Annotations/Images-and-Supervisely-Annotations/case_5319/mask_anatomy_inst/case5319_107.png
1054,/data/halyusuf/data/CataractData/semantic_segmentation/Annotations/Images-and-Supervisely-Annotations/case_5319/img/case5319_108.png,/data/halyusuf/data/CataractData/semantic_segmentation/Annotations/Images-and-Supervisely-Annotations/case_5319/mask_anatomy_inst/case5319_108.png
1055,/data/halyusuf/data/CataractData/semantic_segmentation/Annotations/Images-and-Supervisely-Annotations/case_5319/img/case5319_109.png,/data/halyusuf/data/CataractData/semantic_segmentation/Annotations/Images-and-Supervisely-Annotations/case_5319/mask_anatomy_inst/case5319_109.png
1056,/data/halyusuf/data/CataractData/semantic_segmentation/Annotations/Images-and-Supervisely-Annotations/case_5319/img/case5319_11.png,/data/halyusuf/data/CataractData/semantic_segmentation/Annotations/Images-and-Supervisely-Annotations/case_5319/mask_anatomy_inst/case5319_11.png
1057,/data/halyusuf/data/CataractData/semantic_segmentation/Annotations/Images-and-Supervisely-Annotations/case_5319/img/case5319_110.png,/data/halyusuf/data/CataractData/semantic_segmentation/Annotations/Images-and-Supervisely-Annotations/case_5319/mask_anatomy_inst/case5319_110.png
1058,/data/halyusuf/data/CataractData/semantic_segmentation/Annotations/Images-and-Supervisely-Annotations/case_5319/img/case5319_111.png,/data/halyusuf/data/CataractData/semantic_segmentation/Annotations/Images-and-Supervisely-Annotations/case_5319/mask_anatomy_inst/case5319_111.png
1059,/data/halyusuf/data/CataractData/semantic_segmentation/Annotations/Images-and-Supervisely-Annotations/case_5319/img/case5319_12.png,/data/halyusuf/data/CataractData/semantic_segmentation/Annotations/Images-and-Supervisely-Annotations/case_5319/mask_anatomy_inst/case5319_12.png
1060,/data/halyusuf/data/CataractData/semantic_segmentation/Annotations/Images-and-Supervisely-Annotations/case_5319/img/case5319_13.png,/data/halyusuf/data/CataractData/semantic_segmentation/Annotations/Images-and-Supervisely-Annotations/case_5319/mask_anatomy_inst/case5319_13.png
1061,/data/halyusuf/data/CataractData/semantic_segmentation/Annotations/Images-and-Supervisely-Annotations/case_5319/img/case5319_14.png,/data/halyusuf/data/CataractData/semantic_segmentation/Annotations/Images-and-Supervisely-Annotations/case_5319/mask_anatomy_inst/case5319_14.png
1062,/data/halyusuf/data/CataractData/semantic_segmentation/Annotations/Images-and-Supervisely-Annotations/case_5319/img/case5319_15.png,/data/halyusuf/data/CataractData/semantic_segmentation/Annotations/Images-and-Supervisely-Annotations/case_5319/mask_anatomy_inst/case5319_15.png
1063,/data/halyusuf/data/CataractData/semantic_segmentation/Annotations/Images-and-Supervisely-Annotations/case_5319/img/case5319_16.png,/data/halyusuf/data/CataractData/semantic_segmentation/Annotations/Images-and-Supervisely-Annotations/case_5319/mask_anatomy_inst/case5319_16.png
1064,/data/halyusuf/data/CataractData/semantic_segmentation/Annotations/Images-and-Supervisely-Annotations/case_5319/img/case5319_17.png,/data/halyusuf/data/CataractData/semantic_segmentation/Annotations/Images-and-Supervisely-Annotations/case_5319/mask_anatomy_inst/case5319_17.png
1065,/data/halyusuf/data/CataractData/semantic_segmentation/Annotations/Images-and-Supervisely-Annotations/case_5319/img/case5319_18.png,/data/halyusuf/data/CataractData/semantic_segmentation/Annotations/Images-and-Supervisely-Annotations/case_5319/mask_anatomy_inst/case5319_18.png
1066,/data/halyusuf/data/CataractData/semantic_segmentation/Annotations/Images-and-Supervisely-Annotations/case_5319/img/case5319_19.png,/data/halyusuf/data/CataractData/semantic_segmentation/Annotations/Images-and-Supervisely-Annotations/case_5319/mask_anatomy_inst/case5319_19.png
1067,/data/halyusuf/data/CataractData/semantic_segmentation/Annotations/Images-and-Supervisely-Annotations/case_5319/img/case5319_20.png,/data/halyusuf/data/CataractData/semantic_segmentation/Annotations/Images-and-Supervisely-Annotations/case_5319/mask_anatomy_inst/case5319_20.png
1068,/data/halyusuf/data/CataractData/semantic_segmentation/Annotations/Images-and-Supervisely-Annotations/case_5319/img/case5319_21.png,/data/halyusuf/data/CataractData/semantic_segmentation/Annotations/Images-and-Supervisely-Annotations/case_5319/mask_anatomy_inst/case5319_21.png
1069,/data/halyusuf/data/CataractData/semantic_segmentation/Annotations/Images-and-Supervisely-Annotations/case_5319/img/case5319_22.png,/data/halyusuf/data/CataractData/semantic_segmentation/Annotations/Images-and-Supervisely-Annotations/case_5319/mask_anatomy_inst/case5319_22.png
1070,/data/halyusuf/data/CataractData/semantic_segmentation/Annotations/Images-and-Supervisely-Annotations/case_5319/img/case5319_23.png,/data/halyusuf/data/CataractData/semantic_segmentation/Annotations/Images-and-Supervisely-Annotations/case_5319/mask_anatomy_inst/case5319_23.png
1071,/data/halyusuf/data/CataractData/semantic_segmentation/Annotations/Images-and-Supervisely-Annotations/case_5319/img/case5319_24.png,/data/halyusuf/data/CataractData/semantic_segmentation/Annotations/Images-and-Supervisely-Annotations/case_5319/mask_anatomy_inst/case5319_24.png
1072,/data/halyusuf/data/CataractData/semantic_segmentation/Annotations/Images-and-Supervisely-Annotations/case_5319/img/case5319_25.png,/data/halyusuf/data/CataractData/semantic_segmentation/Annotations/Images-and-Supervisely-Annotations/case_5319/mask_anatomy_inst/case5319_25.png
1073,/data/halyusuf/data/CataractData/semantic_segmentation/Annotations/Images-and-Supervisely-Annotations/case_5319/img/case5319_26.png,/data/halyusuf/data/CataractData/semantic_segmentation/Annotations/Images-and-Supervisely-Annotations/case_5319/mask_anatomy_inst/case5319_26.png
1074,/data/halyusuf/data/CataractData/semantic_segmentation/Annotations/Images-and-Supervisely-Annotations/case_5319/img/case5319_27.png,/data/halyusuf/data/CataractData/semantic_segmentation/Annotations/Images-and-Supervisely-Annotations/case_5319/mask_anatomy_inst/case5319_27.png
1075,/data/halyusuf/data/CataractData/semantic_segmentation/Annotations/Images-and-Supervisely-Annotations/case_5319/img/case5319_28.png,/data/halyusuf/data/CataractData/semantic_segmentation/Annotations/Images-and-Supervisely-Annotations/case_5319/mask_anatomy_inst/case5319_28.png
1076,/data/halyusuf/data/CataractData/semantic_segmentation/Annotations/Images-and-Supervisely-Annotations/case_5319/img/case5319_29.png,/data/halyusuf/data/CataractData/semantic_segmentation/Annotations/Images-and-Supervisely-Annotations/case_5319/mask_anatomy_inst/case5319_29.png
1077,/data/halyusuf/data/CataractData/semantic_segmentation/Annotations/Images-and-Supervisely-Annotations/case_5319/img/case5319_30.png,/data/halyusuf/data/CataractData/semantic_segmentation/Annotations/Images-and-Supervisely-Annotations/case_5319/mask_anatomy_inst/case5319_30.png
1078,/data/halyusuf/data/CataractData/semantic_segmentation/Annotations/Images-and-Supervisely-Annotations/case_5319/img/case5319_31.png,/data/halyusuf/data/CataractData/semantic_segmentation/Annotations/Images-and-Supervisely-Annotations/case_5319/mask_anatomy_inst/case5319_31.png
1079,/data/halyusuf/data/CataractData/semantic_segmentation/Annotations/Images-and-Supervisely-Annotations/case_5319/img/case5319_32.png,/data/halyusuf/data/CataractData/semantic_segmentation/Annotations/Images-and-Supervisely-Annotations/case_5319/mask_anatomy_inst/case5319_32.png
1080,/data/halyusuf/data/CataractData/semantic_segmentation/Annotations/Images-and-Supervisely-Annotations/case_5319/img/case5319_33.png,/data/halyusuf/data/CataractData/semantic_segmentation/Annotations/Images-and-Supervisely-Annotations/case_5319/mask_anatomy_inst/case5319_33.png
1081,/data/halyusuf/data/CataractData/semantic_segmentation/Annotations/Images-and-Supervisely-Annotations/case_5319/img/case5319_34.png,/data/halyusuf/data/CataractData/semantic_segmentation/Annotations/Images-and-Supervisely-Annotations/case_5319/mask_anatomy_inst/case5319_34.png
1082,/data/halyusuf/data/CataractData/semantic_segmentation/Annotations/Images-and-Supervisely-Annotations/case_5319/img/case5319_35.png,/data/halyusuf/data/CataractData/semantic_segmentation/Annotations/Images-and-Supervisely-Annotations/case_5319/mask_anatomy_inst/case5319_35.png
1083,/data/halyusuf/data/CataractData/semantic_segmentation/Annotations/Images-and-Supervisely-Annotations/case_5319/img/case5319_36.png,/data/halyusuf/data/CataractData/semantic_segmentation/Annotations/Images-and-Supervisely-Annotations/case_5319/mask_anatomy_inst/case5319_36.png
1084,/data/halyusuf/data/CataractData/semantic_segmentation/Annotations/Images-and-Supervisely-Annotations/case_5319/img/case5319_37.png,/data/halyusuf/data/CataractData/semantic_segmentation/Annotations/Images-and-Supervisely-Annotations/case_5319/mask_anatomy_inst/case5319_37.png
1085,/data/halyusuf/data/CataractData/semantic_segmentation/Annotations/Images-and-Supervisely-Annotations/case_5319/img/case5319_38.png,/data/halyusuf/data/CataractData/semantic_segmentation/Annotations/Images-and-Supervisely-Annotations/case_5319/mask_anatomy_inst/case5319_38.png
1086,/data/halyusuf/data/CataractData/semantic_segmentation/Annotations/Images-and-Supervisely-Annotations/case_5319/img/case5319_39.png,/data/halyusuf/data/CataractData/semantic_segmentation/Annotations/Images-and-Supervisely-Annotations/case_5319/mask_anatomy_inst/case5319_39.png
1087,/data/halyusuf/data/CataractData/semantic_segmentation/Annotations/Images-and-Supervisely-Annotations/case_5319/img/case5319_40.png,/data/halyusuf/data/CataractData/semantic_segmentation/Annotations/Images-and-Supervisely-Annotations/case_5319/mask_anatomy_inst/case5319_40.png
1088,/data/halyusuf/data/CataractData/semantic_segmentation/Annotations/Images-and-Supervisely-Annotations/case_5319/img/case5319_41.png,/data/halyusuf/data/CataractData/semantic_segmentation/Annotations/Images-and-Supervisely-Annotations/case_5319/mask_anatomy_inst/case5319_41.png
1089,/data/halyusuf/data/CataractData/semantic_segmentation/Annotations/Images-and-Supervisely-Annotations/case_5319/img/case5319_42.png,/data/halyusuf/data/CataractData/semantic_segmentation/Annotations/Images-and-Supervisely-Annotations/case_5319/mask_anatomy_inst/case5319_42.png
1090,/data/halyusuf/data/CataractData/semantic_segmentation/Annotations/Images-and-Supervisely-Annotations/case_5319/img/case5319_43.png,/data/halyusuf/data/CataractData/semantic_segmentation/Annotations/Images-and-Supervisely-Annotations/case_5319/mask_anatomy_inst/case5319_43.png
1091,/data/halyusuf/data/CataractData/semantic_segmentation/Annotations/Images-and-Supervisely-Annotations/case_5319/img/case5319_44.png,/data/halyusuf/data/CataractData/semantic_segmentation/Annotations/Images-and-Supervisely-Annotations/case_5319/mask_anatomy_inst/case5319_44.png
1092,/data/halyusuf/data/CataractData/semantic_segmentation/Annotations/Images-and-Supervisely-Annotations/case_5319/img/case5319_45.png,/data/halyusuf/data/CataractData/semantic_segmentation/Annotations/Images-and-Supervisely-Annotations/case_5319/mask_anatomy_inst/case5319_45.png
1093,/data/halyusuf/data/CataractData/semantic_segmentation/Annotations/Images-and-Supervisely-Annotations/case_5319/img/case5319_46.png,/data/halyusuf/data/CataractData/semantic_segmentation/Annotations/Images-and-Supervisely-Annotations/case_5319/mask_anatomy_inst/case5319_46.png
1094,/data/halyusuf/data/CataractData/semantic_segmentation/Annotations/Images-and-Supervisely-Annotations/case_5319/img/case5319_47.png,/data/halyusuf/data/CataractData/semantic_segmentation/Annotations/Images-and-Supervisely-Annotations/case_5319/mask_anatomy_inst/case5319_47.png
1095,/data/halyusuf/data/CataractData/semantic_segmentation/Annotations/Images-and-Supervisely-Annotations/case_5319/img/case5319_48.png,/data/halyusuf/data/CataractData/semantic_segmentation/Annotations/Images-and-Supervisely-Annotations/case_5319/mask_anatomy_inst/case5319_48.png
1096,/data/halyusuf/data/CataractData/semantic_segmentation/Annotations/Images-and-Supervisely-Annotations/case_5319/img/case5319_49.png,/data/halyusuf/data/CataractData/semantic_segmentation/Annotations/Images-and-Supervisely-Annotations/case_5319/mask_anatomy_inst/case5319_49.png
1097,/data/halyusuf/data/CataractData/semantic_segmentation/Annotations/Images-and-Supervisely-Annotations/case_5319/img/case5319_50.png,/data/halyusuf/data/CataractData/semantic_segmentation/Annotations/Images-and-Supervisely-Annotations/case_5319/mask_anatomy_inst/case5319_50.png
1098,/data/halyusuf/data/CataractData/semantic_segmentation/Annotations/Images-and-Supervisely-Annotations/case_5319/img/case5319_51.png,/data/halyusuf/data/CataractData/semantic_segmentation/Annotations/Images-and-Supervisely-Annotations/case_5319/mask_anatomy_inst/case5319_51.png
1099,/data/halyusuf/data/CataractData/semantic_segmentation/Annotations/Images-and-Supervisely-Annotations/case_5319/img/case5319_52.png,/data/halyusuf/data/CataractData/semantic_segmentation/Annotations/Images-and-Supervisely-Annotations/case_5319/mask_anatomy_inst/case5319_52.png
1100,/data/halyusuf/data/CataractData/semantic_segmentation/Annotations/Images-and-Supervisely-Annotations/case_5319/img/case5319_53.png,/data/halyusuf/data/CataractData/semantic_segmentation/Annotations/Images-and-Supervisely-Annotations/case_5319/mask_anatomy_inst/case5319_53.png
1101,/data/halyusuf/data/CataractData/semantic_segmentation/Annotations/Images-and-Supervisely-Annotations/case_5319/img/case5319_54.png,/data/halyusuf/data/CataractData/semantic_segmentation/Annotations/Images-and-Supervisely-Annotations/case_5319/mask_anatomy_inst/case5319_54.png
1102,/data/halyusuf/data/CataractData/semantic_segmentation/Annotations/Images-and-Supervisely-Annotations/case_5319/img/case5319_55.png,/data/halyusuf/data/CataractData/semantic_segmentation/Annotations/Images-and-Supervisely-Annotations/case_5319/mask_anatomy_inst/case5319_55.png
1103,/data/halyusuf/data/CataractData/semantic_segmentation/Annotations/Images-and-Supervisely-Annotations/case_5319/img/case5319_56.png,/data/halyusuf/data/CataractData/semantic_segmentation/Annotations/Images-and-Supervisely-Annotations/case_5319/mask_anatomy_inst/case5319_56.png
1104,/data/halyusuf/data/CataractData/semantic_segmentation/Annotations/Images-and-Supervisely-Annotations/case_5319/img/case5319_57.png,/data/halyusuf/data/CataractData/semantic_segmentation/Annotations/Images-and-Supervisely-Annotations/case_5319/mask_anatomy_inst/case5319_57.png
1105,/data/halyusuf/data/CataractData/semantic_segmentation/Annotations/Images-and-Supervisely-Annotations/case_5319/img/case5319_58.png,/data/halyusuf/data/CataractData/semantic_segmentation/Annotations/Images-and-Supervisely-Annotations/case_5319/mask_anatomy_inst/case5319_58.png
1106,/data/halyusuf/data/CataractData/semantic_segmentation/Annotations/Images-and-Supervisely-Annotations/case_5319/img/case5319_59.png,/data/halyusuf/data/CataractData/semantic_segmentation/Annotations/Images-and-Supervisely-Annotations/case_5319/mask_anatomy_inst/case5319_59.png
1107,/data/halyusuf/data/CataractData/semantic_segmentation/Annotations/Images-and-Supervisely-Annotations/case_5319/img/case5319_60.png,/data/halyusuf/data/CataractData/semantic_segmentation/Annotations/Images-and-Supervisely-Annotations/case_5319/mask_anatomy_inst/case5319_60.png
1108,/data/halyusuf/data/CataractData/semantic_segmentation/Annotations/Images-and-Supervisely-Annotations/case_5319/img/case5319_61.png,/data/halyusuf/data/CataractData/semantic_segmentation/Annotations/Images-and-Supervisely-Annotations/case_5319/mask_anatomy_inst/case5319_61.png
1109,/data/halyusuf/data/CataractData/semantic_segmentation/Annotations/Images-and-Supervisely-Annotations/case_5319/img/case5319_62.png,/data/halyusuf/data/CataractData/semantic_segmentation/Annotations/Images-and-Supervisely-Annotations/case_5319/mask_anatomy_inst/case5319_62.png
1110,/data/halyusuf/data/CataractData/semantic_segmentation/Annotations/Images-and-Supervisely-Annotations/case_5319/img/case5319_63.png,/data/halyusuf/data/CataractData/semantic_segmentation/Annotations/Images-and-Supervisely-Annotations/case_5319/mask_anatomy_inst/case5319_63.png
1111,/data/halyusuf/data/CataractData/semantic_segmentation/Annotations/Images-and-Supervisely-Annotations/case_5319/img/case5319_64.png,/data/halyusuf/data/CataractData/semantic_segmentation/Annotations/Images-and-Supervisely-Annotations/case_5319/mask_anatomy_inst/case5319_64.png
1112,/data/halyusuf/data/CataractData/semantic_segmentation/Annotations/Images-and-Supervisely-Annotations/case_5319/img/case5319_65.png,/data/halyusuf/data/CataractData/semantic_segmentation/Annotations/Images-and-Supervisely-Annotations/case_5319/mask_anatomy_inst/case5319_65.png
1113,/data/halyusuf/data/CataractData/semantic_segmentation/Annotations/Images-and-Supervisely-Annotations/case_5319/img/case5319_66.png,/data/halyusuf/data/CataractData/semantic_segmentation/Annotations/Images-and-Supervisely-Annotations/case_5319/mask_anatomy_inst/case5319_66.png
1114,/data/halyusuf/data/CataractData/semantic_segmentation/Annotations/Images-and-Supervisely-Annotations/case_5319/img/case5319_67.png,/data/halyusuf/data/CataractData/semantic_segmentation/Annotations/Images-and-Supervisely-Annotations/case_5319/mask_anatomy_inst/case5319_67.png
1115,/data/halyusuf/data/CataractData/semantic_segmentation/Annotations/Images-and-Supervisely-Annotations/case_5319/img/case5319_68.png,/data/halyusuf/data/CataractData/semantic_segmentation/Annotations/Images-and-Supervisely-Annotations/case_5319/mask_anatomy_inst/case5319_68.png
1116,/data/halyusuf/data/CataractData/semantic_segmentation/Annotations/Images-and-Supervisely-Annotations/case_5319/img/case5319_69.png,/data/halyusuf/data/CataractData/semantic_segmentation/Annotations/Images-and-Supervisely-Annotations/case_5319/mask_anatomy_inst/case5319_69.png
1117,/data/halyusuf/data/CataractData/semantic_segmentation/Annotations/Images-and-Supervisely-Annotations/case_5319/img/case5319_70.png,/data/halyusuf/data/CataractData/semantic_segmentation/Annotations/Images-and-Supervisely-Annotations/case_5319/mask_anatomy_inst/case5319_70.png
1118,/data/halyusuf/data/CataractData/semantic_segmentation/Annotations/Images-and-Supervisely-Annotations/case_5319/img/case5319_71.png,/data/halyusuf/data/CataractData/semantic_segmentation/Annotations/Images-and-Supervisely-Annotations/case_5319/mask_anatomy_inst/case5319_71.png
1119,/data/halyusuf/data/CataractData/semantic_segmentation/Annotations/Images-and-Supervisely-Annotations/case_5319/img/case5319_72.png,/data/halyusuf/data/CataractData/semantic_segmentation/Annotations/Images-and-Supervisely-Annotations/case_5319/mask_anatomy_inst/case5319_72.png
1120,/data/halyusuf/data/CataractData/semantic_segmentation/Annotations/Images-and-Supervisely-Annotations/case_5319/img/case5319_73.png,/data/halyusuf/data/CataractData/semantic_segmentation/Annotations/Images-and-Supervisely-Annotations/case_5319/mask_anatomy_inst/case5319_73.png
1121,/data/halyusuf/data/CataractData/semantic_segmentation/Annotations/Images-and-Supervisely-Annotations/case_5319/img/case5319_74.png,/data/halyusuf/data/CataractData/semantic_segmentation/Annotations/Images-and-Supervisely-Annotations/case_5319/mask_anatomy_inst/case5319_74.png
1122,/data/halyusuf/data/CataractData/semantic_segmentation/Annotations/Images-and-Supervisely-Annotations/case_5319/img/case5319_75.png,/data/halyusuf/data/CataractData/semantic_segmentation/Annotations/Images-and-Supervisely-Annotations/case_5319/mask_anatomy_inst/case5319_75.png
1123,/data/halyusuf/data/CataractData/semantic_segmentation/Annotations/Images-and-Supervisely-Annotations/case_5319/img/case5319_76.png,/data/halyusuf/data/CataractData/semantic_segmentation/Annotations/Images-and-Supervisely-Annotations/case_5319/mask_anatomy_inst/case5319_76.png
1124,/data/halyusuf/data/CataractData/semantic_segmentation/Annotations/Images-and-Supervisely-Annotations/case_5319/img/case5319_77.png,/data/halyusuf/data/CataractData/semantic_segmentation/Annotations/Images-and-Supervisely-Annotations/case_5319/mask_anatomy_inst/case5319_77.png
1125,/data/halyusuf/data/CataractData/semantic_segmentation/Annotations/Images-and-Supervisely-Annotations/case_5319/img/case5319_78.png,/data/halyusuf/data/CataractData/semantic_segmentation/Annotations/Images-and-Supervisely-Annotations/case_5319/mask_anatomy_inst/case5319_78.png
1126,/data/halyusuf/data/CataractData/semantic_segmentation/Annotations/Images-and-Supervisely-Annotations/case_5319/img/case5319_79.png,/data/halyusuf/data/CataractData/semantic_segmentation/Annotations/Images-and-Supervisely-Annotations/case_5319/mask_anatomy_inst/case5319_79.png
1127,/data/halyusuf/data/CataractData/semantic_segmentation/Annotations/Images-and-Supervisely-Annotations/case_5319/img/case5319_80.png,/data/halyusuf/data/CataractData/semantic_segmentation/Annotations/Images-and-Supervisely-Annotations/case_5319/mask_anatomy_inst/case5319_80.png
1128,/data/halyusuf/data/CataractData/semantic_segmentation/Annotations/Images-and-Supervisely-Annotations/case_5319/img/case5319_81.png,/data/halyusuf/data/CataractData/semantic_segmentation/Annotations/Images-and-Supervisely-Annotations/case_5319/mask_anatomy_inst/case5319_81.png
1129,/data/halyusuf/data/CataractData/semantic_segmentation/Annotations/Images-and-Supervisely-Annotations/case_5319/img/case5319_82.png,/data/halyusuf/data/CataractData/semantic_segmentation/Annotations/Images-and-Supervisely-Annotations/case_5319/mask_anatomy_inst/case5319_82.png
1130,/data/halyusuf/data/CataractData/semantic_segmentation/Annotations/Images-and-Supervisely-Annotations/case_5319/img/case5319_83.png,/data/halyusuf/data/CataractData/semantic_segmentation/Annotations/Images-and-Supervisely-Annotations/case_5319/mask_anatomy_inst/case5319_83.png
1131,/data/halyusuf/data/CataractData/semantic_segmentation/Annotations/Images-and-Supervisely-Annotations/case_5319/img/case5319_84.png,/data/halyusuf/data/CataractData/semantic_segmentation/Annotations/Images-and-Supervisely-Annotations/case_5319/mask_anatomy_inst/case5319_84.png
1132,/data/halyusuf/data/CataractData/semantic_segmentation/Annotations/Images-and-Supervisely-Annotations/case_5319/img/case5319_85.png,/data/halyusuf/data/CataractData/semantic_segmentation/Annotations/Images-and-Supervisely-Annotations/case_5319/mask_anatomy_inst/case5319_85.png
1133,/data/halyusuf/data/CataractData/semantic_segmentation/Annotations/Images-and-Supervisely-Annotations/case_5319/img/case5319_86.png,/data/halyusuf/data/CataractData/semantic_segmentation/Annotations/Images-and-Supervisely-Annotations/case_5319/mask_anatomy_inst/case5319_86.png
1134,/data/halyusuf/data/CataractData/semantic_segmentation/Annotations/Images-and-Supervisely-Annotations/case_5319/img/case5319_87.png,/data/halyusuf/data/CataractData/semantic_segmentation/Annotations/Images-and-Supervisely-Annotations/case_5319/mask_anatomy_inst/case5319_87.png
1135,/data/halyusuf/data/CataractData/semantic_segmentation/Annotations/Images-and-Supervisely-Annotations/case_5319/img/case5319_88.png,/data/halyusuf/data/CataractData/semantic_segmentation/Annotations/Images-and-Supervisely-Annotations/case_5319/mask_anatomy_inst/case5319_88.png
1136,/data/halyusuf/data/CataractData/semantic_segmentation/Annotations/Images-and-Supervisely-Annotations/case_5319/img/case5319_89.png,/data/halyusuf/data/CataractData/semantic_segmentation/Annotations/Images-and-Supervisely-Annotations/case_5319/mask_anatomy_inst/case5319_89.png
1137,/data/halyusuf/data/CataractData/semantic_segmentation/Annotations/Images-and-Supervisely-Annotations/case_5319/img/case5319_90.png,/data/halyusuf/data/CataractData/semantic_segmentation/Annotations/Images-and-Supervisely-Annotations/case_5319/mask_anatomy_inst/case5319_90.png
1138,/data/halyusuf/data/CataractData/semantic_segmentation/Annotations/Images-and-Supervisely-Annotations/case_5319/img/case5319_91.png,/data/halyusuf/data/CataractData/semantic_segmentation/Annotations/Images-and-Supervisely-Annotations/case_5319/mask_anatomy_inst/case5319_91.png
1139,/data/halyusuf/data/CataractData/semantic_segmentation/Annotations/Images-and-Supervisely-Annotations/case_5319/img/case5319_92.png,/data/halyusuf/data/CataractData/semantic_segmentation/Annotations/Images-and-Supervisely-Annotations/case_5319/mask_anatomy_inst/case5319_92.png
1140,/data/halyusuf/data/CataractData/semantic_segmentation/Annotations/Images-and-Supervisely-Annotations/case_5319/img/case5319_93.png,/data/halyusuf/data/CataractData/semantic_segmentation/Annotations/Images-and-Supervisely-Annotations/case_5319/mask_anatomy_inst/case5319_93.png
1141,/data/halyusuf/data/CataractData/semantic_segmentation/Annotations/Images-and-Supervisely-Annotations/case_5319/img/case5319_94.png,/data/halyusuf/data/CataractData/semantic_segmentation/Annotations/Images-and-Supervisely-Annotations/case_5319/mask_anatomy_inst/case5319_94.png
1142,/data/halyusuf/data/CataractData/semantic_segmentation/Annotations/Images-and-Supervisely-Annotations/case_5319/img/case5319_95.png,/data/halyusuf/data/CataractData/semantic_segmentation/Annotations/Images-and-Supervisely-Annotations/case_5319/mask_anatomy_inst/case5319_95.png
1143,/data/halyusuf/data/CataractData/semantic_segmentation/Annotations/Images-and-Supervisely-Annotations/case_5319/img/case5319_96.png,/data/halyusuf/data/CataractData/semantic_segmentation/Annotations/Images-and-Supervisely-Annotations/case_5319/mask_anatomy_inst/case5319_96.png
1144,/data/halyusuf/data/CataractData/semantic_segmentation/Annotations/Images-and-Supervisely-Annotations/case_5319/img/case5319_97.png,/data/halyusuf/data/CataractData/semantic_segmentation/Annotations/Images-and-Supervisely-Annotations/case_5319/mask_anatomy_inst/case5319_97.png
1145,/data/halyusuf/data/CataractData/semantic_segmentation/Annotations/Images-and-Supervisely-Annotations/case_5319/img/case5319_98.png,/data/halyusuf/data/CataractData/semantic_segmentation/Annotations/Images-and-Supervisely-Annotations/case_5319/mask_anatomy_inst/case5319_98.png
1146,/data/halyusuf/data/CataractData/semantic_segmentation/Annotations/Images-and-Supervisely-Annotations/case_5319/img/case5319_99.png,/data/halyusuf/data/CataractData/semantic_segmentation/Annotations/Images-and-Supervisely-Annotations/case_5319/mask_anatomy_inst/case5319_99.png
1147,/data/halyusuf/data/CataractData/semantic_segmentation/Annotations/Images-and-Supervisely-Annotations/case_5325/img/case5325_01.png,/data/halyusuf/data/CataractData/semantic_segmentation/Annotations/Images-and-Supervisely-Annotations/case_5325/mask_anatomy_inst/case5325_01.png
1148,/data/halyusuf/data/CataractData/semantic_segmentation/Annotations/Images-and-Supervisely-Annotations/case_5325/img/case5325_02.png,/data/halyusuf/data/CataractData/semantic_segmentation/Annotations/Images-and-Supervisely-Annotations/case_5325/mask_anatomy_inst/case5325_02.png
1149,/data/halyusuf/data/CataractData/semantic_segmentation/Annotations/Images-and-Supervisely-Annotations/case_5325/img/case5325_03.png,/data/halyusuf/data/CataractData/semantic_segmentation/Annotations/Images-and-Supervisely-Annotations/case_5325/mask_anatomy_inst/case5325_03.png
1150,/data/halyusuf/data/CataractData/semantic_segmentation/Annotations/Images-and-Supervisely-Annotations/case_5325/img/case5325_04.png,/data/halyusuf/data/CataractData/semantic_segmentation/Annotations/Images-and-Supervisely-Annotations/case_5325/mask_anatomy_inst/case5325_04.png
1151,/data/halyusuf/data/CataractData/semantic_segmentation/Annotations/Images-and-Supervisely-Annotations/case_5325/img/case5325_05.png,/data/halyusuf/data/CataractData/semantic_segmentation/Annotations/Images-and-Supervisely-Annotations/case_5325/mask_anatomy_inst/case5325_05.png
1152,/data/halyusuf/data/CataractData/semantic_segmentation/Annotations/Images-and-Supervisely-Annotations/case_5325/img/case5325_06.png,/data/halyusuf/data/CataractData/semantic_segmentation/Annotations/Images-and-Supervisely-Annotations/case_5325/mask_anatomy_inst/case5325_06.png
1153,/data/halyusuf/data/CataractData/semantic_segmentation/Annotations/Images-and-Supervisely-Annotations/case_5325/img/case5325_07.png,/data/halyusuf/data/CataractData/semantic_segmentation/Annotations/Images-and-Supervisely-Annotations/case_5325/mask_anatomy_inst/case5325_07.png
1154,/data/halyusuf/data/CataractData/semantic_segmentation/Annotations/Images-and-Supervisely-Annotations/case_5325/img/case5325_08.png,/data/halyusuf/data/CataractData/semantic_segmentation/Annotations/Images-and-Supervisely-Annotations/case_5325/mask_anatomy_inst/case5325_08.png
1155,/data/halyusuf/data/CataractData/semantic_segmentation/Annotations/Images-and-Supervisely-Annotations/case_5325/img/case5325_09.png,/data/halyusuf/data/CataractData/semantic_segmentation/Annotations/Images-and-Supervisely-Annotations/case_5325/mask_anatomy_inst/case5325_09.png
1156,/data/halyusuf/data/CataractData/semantic_segmentation/Annotations/Images-and-Supervisely-Annotations/case_5325/img/case5325_10.png,/data/halyusuf/data/CataractData/semantic_segmentation/Annotations/Images-and-Supervisely-Annotations/case_5325/mask_anatomy_inst/case5325_10.png
1157,/data/halyusuf/data/CataractData/semantic_segmentation/Annotations/Images-and-Supervisely-Annotations/case_5325/img/case5325_11.png,/data/halyusuf/data/CataractData/semantic_segmentation/Annotations/Images-and-Supervisely-Annotations/case_5325/mask_anatomy_inst/case5325_11.png
1158,/data/halyusuf/data/CataractData/semantic_segmentation/Annotations/Images-and-Supervisely-Annotations/case_5325/img/case5325_12.png,/data/halyusuf/data/CataractData/semantic_segmentation/Annotations/Images-and-Supervisely-Annotations/case_5325/mask_anatomy_inst/case5325_12.png
1159,/data/halyusuf/data/CataractData/semantic_segmentation/Annotations/Images-and-Supervisely-Annotations/case_5325/img/case5325_13.png,/data/halyusuf/data/CataractData/semantic_segmentation/Annotations/Images-and-Supervisely-Annotations/case_5325/mask_anatomy_inst/case5325_13.png
1160,/data/halyusuf/data/CataractData/semantic_segmentation/Annotations/Images-and-Supervisely-Annotations/case_5325/img/case5325_14.png,/data/halyusuf/data/CataractData/semantic_segmentation/Annotations/Images-and-Supervisely-Annotations/case_5325/mask_anatomy_inst/case5325_14.png
1161,/data/halyusuf/data/CataractData/semantic_segmentation/Annotations/Images-and-Supervisely-Annotations/case_5325/img/case5325_15.png,/data/halyusuf/data/CataractData/semantic_segmentation/Annotations/Images-and-Supervisely-Annotations/case_5325/mask_anatomy_inst/case5325_15.png
1162,/data/halyusuf/data/CataractData/semantic_segmentation/Annotations/Images-and-Supervisely-Annotations/case_5325/img/case5325_16.png,/data/halyusuf/data/CataractData/semantic_segmentation/Annotations/Images-and-Supervisely-Annotations/case_5325/mask_anatomy_inst/case5325_16.png
1163,/data/halyusuf/data/CataractData/semantic_segmentation/Annotations/Images-and-Supervisely-Annotations/case_5325/img/case5325_17.png,/data/halyusuf/data/CataractData/semantic_segmentation/Annotations/Images-and-Supervisely-Annotations/case_5325/mask_anatomy_inst/case5325_17.png
1164,/data/halyusuf/data/CataractData/semantic_segmentation/Annotations/Images-and-Supervisely-Annotations/case_5325/img/case5325_18.png,/data/halyusuf/data/CataractData/semantic_segmentation/Annotations/Images-and-Supervisely-Annotations/case_5325/mask_anatomy_inst/case5325_18.png
1165,/data/halyusuf/data/CataractData/semantic_segmentation/Annotations/Images-and-Supervisely-Annotations/case_5325/img/case5325_19.png,/data/halyusuf/data/CataractData/semantic_segmentation/Annotations/Images-and-Supervisely-Annotations/case_5325/mask_anatomy_inst/case5325_19.png
1166,/data/halyusuf/data/CataractData/semantic_segmentation/Annotations/Images-and-Supervisely-Annotations/case_5325/img/case5325_20.png,/data/halyusuf/data/CataractData/semantic_segmentation/Annotations/Images-and-Supervisely-Annotations/case_5325/mask_anatomy_inst/case5325_20.png
1167,/data/halyusuf/data/CataractData/semantic_segmentation/Annotations/Images-and-Supervisely-Annotations/case_5325/img/case5325_21.png,/data/halyusuf/data/CataractData/semantic_segmentation/Annotations/Images-and-Supervisely-Annotations/case_5325/mask_anatomy_inst/case5325_21.png
1168,/data/halyusuf/data/CataractData/semantic_segmentation/Annotations/Images-and-Supervisely-Annotations/case_5325/img/case5325_22.png,/data/halyusuf/data/CataractData/semantic_segmentation/Annotations/Images-and-Supervisely-Annotations/case_5325/mask_anatomy_inst/case5325_22.png
1169,/data/halyusuf/data/CataractData/semantic_segmentation/Annotations/Images-and-Supervisely-Annotations/case_5325/img/case5325_23.png,/data/halyusuf/data/CataractData/semantic_segmentation/Annotations/Images-and-Supervisely-Annotations/case_5325/mask_anatomy_inst/case5325_23.png
1170,/data/halyusuf/data/CataractData/semantic_segmentation/Annotations/Images-and-Supervisely-Annotations/case_5325/img/case5325_24.png,/data/halyusuf/data/CataractData/semantic_segmentation/Annotations/Images-and-Supervisely-Annotations/case_5325/mask_anatomy_inst/case5325_24.png
1171,/data/halyusuf/data/CataractData/semantic_segmentation/Annotations/Images-and-Supervisely-Annotations/case_5325/img/case5325_25.png,/data/halyusuf/data/CataractData/semantic_segmentation/Annotations/Images-and-Supervisely-Annotations/case_5325/mask_anatomy_inst/case5325_25.png
1172,/data/halyusuf/data/CataractData/semantic_segmentation/Annotations/Images-and-Supervisely-Annotations/case_5325/img/case5325_26.png,/data/halyusuf/data/CataractData/semantic_segmentation/Annotations/Images-and-Supervisely-Annotations/case_5325/mask_anatomy_inst/case5325_26.png
1173,/data/halyusuf/data/CataractData/semantic_segmentation/Annotations/Images-and-Supervisely-Annotations/case_5325/img/case5325_27.png,/data/halyusuf/data/CataractData/semantic_segmentation/Annotations/Images-and-Supervisely-Annotations/case_5325/mask_anatomy_inst/case5325_27.png
1174,/data/halyusuf/data/CataractData/semantic_segmentation/Annotations/Images-and-Supervisely-Annotations/case_5325/img/case5325_28.png,/data/halyusuf/data/CataractData/semantic_segmentation/Annotations/Images-and-Supervisely-Annotations/case_5325/mask_anatomy_inst/case5325_28.png
1175,/data/halyusuf/data/CataractData/semantic_segmentation/Annotations/Images-and-Supervisely-Annotations/case_5325/img/case5325_29.png,/data/halyusuf/data/CataractData/semantic_segmentation/Annotations/Images-and-Supervisely-Annotations/case_5325/mask_anatomy_inst/case5325_29.png
1176,/data/halyusuf/data/CataractData/semantic_segmentation/Annotations/Images-and-Supervisely-Annotations/case_5325/img/case5325_30.png,/data/halyusuf/data/CataractData/semantic_segmentation/Annotations/Images-and-Supervisely-Annotations/case_5325/mask_anatomy_inst/case5325_30.png
1177,/data/halyusuf/data/CataractData/semantic_segmentation/Annotations/Images-and-Supervisely-Annotations/case_5325/img/case5325_31.png,/data/halyusuf/data/CataractData/semantic_segmentation/Annotations/Images-and-Supervisely-Annotations/case_5325/mask_anatomy_inst/case5325_31.png
1178,/data/halyusuf/data/CataractData/semantic_segmentation/Annotations/Images-and-Supervisely-Annotations/case_5325/img/case5325_32.png,/data/halyusuf/data/CataractData/semantic_segmentation/Annotations/Images-and-Supervisely-Annotations/case_5325/mask_anatomy_inst/case5325_32.png
1179,/data/halyusuf/data/CataractData/semantic_segmentation/Annotations/Images-and-Supervisely-Annotations/case_5325/img/case5325_33.png,/data/halyusuf/data/CataractData/semantic_segmentation/Annotations/Images-and-Supervisely-Annotations/case_5325/mask_anatomy_inst/case5325_33.png
1180,/data/halyusuf/data/CataractData/semantic_segmentation/Annotations/Images-and-Supervisely-Annotations/case_5325/img/case5325_34.png,/data/halyusuf/data/CataractData/semantic_segmentation/Annotations/Images-and-Supervisely-Annotations/case_5325/mask_anatomy_inst/case5325_34.png
1181,/data/halyusuf/data/CataractData/semantic_segmentation/Annotations/Images-and-Supervisely-Annotations/case_5325/img/case5325_35.png,/data/halyusuf/data/CataractData/semantic_segmentation/Annotations/Images-and-Supervisely-Annotations/case_5325/mask_anatomy_inst/case5325_35.png
1182,/data/halyusuf/data/CataractData/semantic_segmentation/Annotations/Images-and-Supervisely-Annotations/case_5325/img/case5325_36.png,/data/halyusuf/data/CataractData/semantic_segmentation/Annotations/Images-and-Supervisely-Annotations/case_5325/mask_anatomy_inst/case5325_36.png
1183,/data/halyusuf/data/CataractData/semantic_segmentation/Annotations/Images-and-Supervisely-Annotations/case_5325/img/case5325_37.png,/data/halyusuf/data/CataractData/semantic_segmentation/Annotations/Images-and-Supervisely-Annotations/case_5325/mask_anatomy_inst/case5325_37.png
1184,/data/halyusuf/data/CataractData/semantic_segmentation/Annotations/Images-and-Supervisely-Annotations/case_5325/img/case5325_38.png,/data/halyusuf/data/CataractData/semantic_segmentation/Annotations/Images-and-Supervisely-Annotations/case_5325/mask_anatomy_inst/case5325_38.png
1185,/data/halyusuf/data/CataractData/semantic_segmentation/Annotations/Images-and-Supervisely-Annotations/case_5325/img/case5325_39.png,/data/halyusuf/data/CataractData/semantic_segmentation/Annotations/Images-and-Supervisely-Annotations/case_5325/mask_anatomy_inst/case5325_39.png
1186,/data/halyusuf/data/CataractData/semantic_segmentation/Annotations/Images-and-Supervisely-Annotations/case_5325/img/case5325_40.png,/data/halyusuf/data/CataractData/semantic_segmentation/Annotations/Images-and-Supervisely-Annotations/case_5325/mask_anatomy_inst/case5325_40.png
1187,/data/halyusuf/data/CataractData/semantic_segmentation/Annotations/Images-and-Supervisely-Annotations/case_5325/img/case5325_41.png,/data/halyusuf/data/CataractData/semantic_segmentation/Annotations/Images-and-Supervisely-Annotations/case_5325/mask_anatomy_inst/case5325_41.png
1188,/data/halyusuf/data/CataractData/semantic_segmentation/Annotations/Images-and-Supervisely-Annotations/case_5325/img/case5325_42.png,/data/halyusuf/data/CataractData/semantic_segmentation/Annotations/Images-and-Supervisely-Annotations/case_5325/mask_anatomy_inst/case5325_42.png
1189,/data/halyusuf/data/CataractData/semantic_segmentation/Annotations/Images-and-Supervisely-Annotations/case_5325/img/case5325_43.png,/data/halyusuf/data/CataractData/semantic_segmentation/Annotations/Images-and-Supervisely-Annotations/case_5325/mask_anatomy_inst/case5325_43.png
1190,/data/halyusuf/data/CataractData/semantic_segmentation/Annotations/Images-and-Supervisely-Annotations/case_5325/img/case5325_44.png,/data/halyusuf/data/CataractData/semantic_segmentation/Annotations/Images-and-Supervisely-Annotations/case_5325/mask_anatomy_inst/case5325_44.png
1191,/data/halyusuf/data/CataractData/semantic_segmentation/Annotations/Images-and-Supervisely-Annotations/case_5325/img/case5325_45.png,/data/halyusuf/data/CataractData/semantic_segmentation/Annotations/Images-and-Supervisely-Annotations/case_5325/mask_anatomy_inst/case5325_45.png
1192,/data/halyusuf/data/CataractData/semantic_segmentation/Annotations/Images-and-Supervisely-Annotations/case_5325/img/case5325_46.png,/data/halyusuf/data/CataractData/semantic_segmentation/Annotations/Images-and-Supervisely-Annotations/case_5325/mask_anatomy_inst/case5325_46.png
1193,/data/halyusuf/data/CataractData/semantic_segmentation/Annotations/Images-and-Supervisely-Annotations/case_5325/img/case5325_47.png,/data/halyusuf/data/CataractData/semantic_segmentation/Annotations/Images-and-Supervisely-Annotations/case_5325/mask_anatomy_inst/case5325_47.png
1194,/data/halyusuf/data/CataractData/semantic_segmentation/Annotations/Images-and-Supervisely-Annotations/case_5325/img/case5325_48.png,/data/halyusuf/data/CataractData/semantic_segmentation/Annotations/Images-and-Supervisely-Annotations/case_5325/mask_anatomy_inst/case5325_48.png
1195,/data/halyusuf/data/CataractData/semantic_segmentation/Annotations/Images-and-Supervisely-Annotations/case_5325/img/case5325_49.png,/data/halyusuf/data/CataractData/semantic_segmentation/Annotations/Images-and-Supervisely-Annotations/case_5325/mask_anatomy_inst/case5325_49.png
1196,/data/halyusuf/data/CataractData/semantic_segmentation/Annotations/Images-and-Supervisely-Annotations/case_5325/img/case5325_50.png,/data/halyusuf/data/CataractData/semantic_segmentation/Annotations/Images-and-Supervisely-Annotations/case_5325/mask_anatomy_inst/case5325_50.png
1197,/data/halyusuf/data/CataractData/semantic_segmentation/Annotations/Images-and-Supervisely-Annotations/case_5325/img/case5325_51.png,/data/halyusuf/data/CataractData/semantic_segmentation/Annotations/Images-and-Supervisely-Annotations/case_5325/mask_anatomy_inst/case5325_51.png
1198,/data/halyusuf/data/CataractData/semantic_segmentation/Annotations/Images-and-Supervisely-Annotations/case_5325/img/case5325_52.png,/data/halyusuf/data/CataractData/semantic_segmentation/Annotations/Images-and-Supervisely-Annotations/case_5325/mask_anatomy_inst/case5325_52.png
1199,/data/halyusuf/data/CataractData/semantic_segmentation/Annotations/Images-and-Supervisely-Annotations/case_5325/img/case5325_53.png,/data/halyusuf/data/CataractData/semantic_segmentation/Annotations/Images-and-Supervisely-Annotations/case_5325/mask_anatomy_inst/case5325_53.png
1200,/data/halyusuf/data/CataractData/semantic_segmentation/Annotations/Images-and-Supervisely-Annotations/case_5325/img/case5325_54.png,/data/halyusuf/data/CataractData/semantic_segmentation/Annotations/Images-and-Supervisely-Annotations/case_5325/mask_anatomy_inst/case5325_54.png
1201,/data/halyusuf/data/CataractData/semantic_segmentation/Annotations/Images-and-Supervisely-Annotations/case_5325/img/case5325_55.png,/data/halyusuf/data/CataractData/semantic_segmentation/Annotations/Images-and-Supervisely-Annotations/case_5325/mask_anatomy_inst/case5325_55.png
1202,/data/halyusuf/data/CataractData/semantic_segmentation/Annotations/Images-and-Supervisely-Annotations/case_5325/img/case5325_56.png,/data/halyusuf/data/CataractData/semantic_segmentation/Annotations/Images-and-Supervisely-Annotations/case_5325/mask_anatomy_inst/case5325_56.png
1203,/data/halyusuf/data/CataractData/semantic_segmentation/Annotations/Images-and-Supervisely-Annotations/case_5325/img/case5325_57.png,/data/halyusuf/data/CataractData/semantic_segmentation/Annotations/Images-and-Supervisely-Annotations/case_5325/mask_anatomy_inst/case5325_57.png
1204,/data/halyusuf/data/CataractData/semantic_segmentation/Annotations/Images-and-Supervisely-Annotations/case_5325/img/case5325_58.png,/data/halyusuf/data/CataractData/semantic_segmentation/Annotations/Images-and-Supervisely-Annotations/case_5325/mask_anatomy_inst/case5325_58.png
1205,/data/halyusuf/data/CataractData/semantic_segmentation/Annotations/Images-and-Supervisely-Annotations/case_5325/img/case5325_59.png,/data/halyusuf/data/CataractData/semantic_segmentation/Annotations/Images-and-Supervisely-Annotations/case_5325/mask_anatomy_inst/case5325_59.png
1206,/data/halyusuf/data/CataractData/semantic_segmentation/Annotations/Images-and-Supervisely-Annotations/case_5325/img/case5325_60.png,/data/halyusuf/data/CataractData/semantic_segmentation/Annotations/Images-and-Supervisely-Annotations/case_5325/mask_anatomy_inst/case5325_60.png
1207,/data/halyusuf/data/CataractData/semantic_segmentation/Annotations/Images-and-Supervisely-Annotations/case_5325/img/case5325_61.png,/data/halyusuf/data/CataractData/semantic_segmentation/Annotations/Images-and-Supervisely-Annotations/case_5325/mask_anatomy_inst/case5325_61.png
1208,/data/halyusuf/data/CataractData/semantic_segmentation/Annotations/Images-and-Supervisely-Annotations/case_5325/img/case5325_62.png,/data/halyusuf/data/CataractData/semantic_segmentation/Annotations/Images-and-Supervisely-Annotations/case_5325/mask_anatomy_inst/case5325_62.png
1209,/data/halyusuf/data/CataractData/semantic_segmentation/Annotations/Images-and-Supervisely-Annotations/case_5325/img/case5325_63.png,/data/halyusuf/data/CataractData/semantic_segmentation/Annotations/Images-and-Supervisely-Annotations/case_5325/mask_anatomy_inst/case5325_63.png
1210,/data/halyusuf/data/CataractData/semantic_segmentation/Annotations/Images-and-Supervisely-Annotations/case_5325/img/case5325_64.png,/data/halyusuf/data/CataractData/semantic_segmentation/Annotations/Images-and-Supervisely-Annotations/case_5325/mask_anatomy_inst/case5325_64.png
1211,/data/halyusuf/data/CataractData/semantic_segmentation/Annotations/Images-and-Supervisely-Annotations/case_5325/img/case5325_65.png,/data/halyusuf/data/CataractData/semantic_segmentation/Annotations/Images-and-Supervisely-Annotations/case_5325/mask_anatomy_inst/case5325_65.png
1212,/data/halyusuf/data/CataractData/semantic_segmentation/Annotations/Images-and-Supervisely-Annotations/case_5325/img/case5325_66.png,/data/halyusuf/data/CataractData/semantic_segmentation/Annotations/Images-and-Supervisely-Annotations/case_5325/mask_anatomy_inst/case5325_66.png
1213,/data/halyusuf/data/CataractData/semantic_segmentation/Annotations/Images-and-Supervisely-Annotations/case_5325/img/case5325_67.png,/data/halyusuf/data/CataractData/semantic_segmentation/Annotations/Images-and-Supervisely-Annotations/case_5325/mask_anatomy_inst/case5325_67.png
1214,/data/halyusuf/data/CataractData/semantic_segmentation/Annotations/Images-and-Supervisely-Annotations/case_5325/img/case5325_68.png,/data/halyusuf/data/CataractData/semantic_segmentation/Annotations/Images-and-Supervisely-Annotations/case_5325/mask_anatomy_inst/case5325_68.png
1215,/data/halyusuf/data/CataractData/semantic_segmentation/Annotations/Images-and-Supervisely-Annotations/case_5325/img/case5325_69.png,/data/halyusuf/data/CataractData/semantic_segmentation/Annotations/Images-and-Supervisely-Annotations/case_5325/mask_anatomy_inst/case5325_69.png
1216,/data/halyusuf/data/CataractData/semantic_segmentation/Annotations/Images-and-Supervisely-Annotations/case_5325/img/case5325_70.png,/data/halyusuf/data/CataractData/semantic_segmentation/Annotations/Images-and-Supervisely-Annotations/case_5325/mask_anatomy_inst/case5325_70.png
1217,/data/halyusuf/data/CataractData/semantic_segmentation/Annotations/Images-and-Supervisely-Annotations/case_5325/img/case5325_71.png,/data/halyusuf/data/CataractData/semantic_segmentation/Annotations/Images-and-Supervisely-Annotations/case_5325/mask_anatomy_inst/case5325_71.png
1218,/data/halyusuf/data/CataractData/semantic_segmentation/Annotations/Images-and-Supervisely-Annotations/case_5325/img/case5325_72.png,/data/halyusuf/data/CataractData/semantic_segmentation/Annotations/Images-and-Supervisely-Annotations/case_5325/mask_anatomy_inst/case5325_72.png
1219,/data/halyusuf/data/CataractData/semantic_segmentation/Annotations/Images-and-Supervisely-Annotations/case_5325/img/case5325_73.png,/data/halyusuf/data/CataractData/semantic_segmentation/Annotations/Images-and-Supervisely-Annotations/case_5325/mask_anatomy_inst/case5325_73.png
1220,/data/halyusuf/data/CataractData/semantic_segmentation/Annotations/Images-and-Supervisely-Annotations/case_5325/img/case5325_74.png,/data/halyusuf/data/CataractData/semantic_segmentation/Annotations/Images-and-Supervisely-Annotations/case_5325/mask_anatomy_inst/case5325_74.png
1221,/data/halyusuf/data/CataractData/semantic_segmentation/Annotations/Images-and-Supervisely-Annotations/case_5325/img/case5325_75.png,/data/halyusuf/data/CataractData/semantic_segmentation/Annotations/Images-and-Supervisely-Annotations/case_5325/mask_anatomy_inst/case5325_75.png
1222,/data/halyusuf/data/CataractData/semantic_segmentation/Annotations/Images-and-Supervisely-Annotations/case_5325/img/case5325_76.png,/data/halyusuf/data/CataractData/semantic_segmentation/Annotations/Images-and-Supervisely-Annotations/case_5325/mask_anatomy_inst/case5325_76.png
1223,/data/halyusuf/data/CataractData/semantic_segmentation/Annotations/Images-and-Supervisely-Annotations/case_5325/img/case5325_77.png,/data/halyusuf/data/CataractData/semantic_segmentation/Annotations/Images-and-Supervisely-Annotations/case_5325/mask_anatomy_inst/case5325_77.png
1224,/data/halyusuf/data/CataractData/semantic_segmentation/Annotations/Images-and-Supervisely-Annotations/case_5325/img/case5325_78.png,/data/halyusuf/data/CataractData/semantic_segmentation/Annotations/Images-and-Supervisely-Annotations/case_5325/mask_anatomy_inst/case5325_78.png
1225,/data/halyusuf/data/CataractData/semantic_segmentation/Annotations/Images-and-Supervisely-Annotations/case_5325/img/case5325_79.png,/data/halyusuf/data/CataractData/semantic_segmentation/Annotations/Images-and-Supervisely-Annotations/case_5325/mask_anatomy_inst/case5325_79.png
1226,/data/halyusuf/data/CataractData/semantic_segmentation/Annotations/Images-and-Supervisely-Annotations/case_5325/img/case5325_80.png,/data/halyusuf/data/CataractData/semantic_segmentation/Annotations/Images-and-Supervisely-Annotations/case_5325/mask_anatomy_inst/case5325_80.png
1227,/data/halyusuf/data/CataractData/semantic_segmentation/Annotations/Images-and-Supervisely-Annotations/case_5325/img/case5325_81.png,/data/halyusuf/data/CataractData/semantic_segmentation/Annotations/Images-and-Supervisely-Annotations/case_5325/mask_anatomy_inst/case5325_81.png
1228,/data/halyusuf/data/CataractData/semantic_segmentation/Annotations/Images-and-Supervisely-Annotations/case_5325/img/case5325_82.png,/data/halyusuf/data/CataractData/semantic_segmentation/Annotations/Images-and-Supervisely-Annotations/case_5325/mask_anatomy_inst/case5325_82.png
1229,/data/halyusuf/data/CataractData/semantic_segmentation/Annotations/Images-and-Supervisely-Annotations/case_5325/img/case5325_83.png,/data/halyusuf/data/CataractData/semantic_segmentation/Annotations/Images-and-Supervisely-Annotations/case_5325/mask_anatomy_inst/case5325_83.png
1230,/data/halyusuf/data/CataractData/semantic_segmentation/Annotations/Images-and-Supervisely-Annotations/case_5325/img/case5325_84.png,/data/halyusuf/data/CataractData/semantic_segmentation/Annotations/Images-and-Supervisely-Annotations/case_5325/mask_anatomy_inst/case5325_84.png
1231,/data/halyusuf/data/CataractData/semantic_segmentation/Annotations/Images-and-Supervisely-Annotations/case_5325/img/case5325_85.png,/data/halyusuf/data/CataractData/semantic_segmentation/Annotations/Images-and-Supervisely-Annotations/case_5325/mask_anatomy_inst/case5325_85.png
1232,/data/halyusuf/data/CataractData/semantic_segmentation/Annotations/Images-and-Supervisely-Annotations/case_5325/img/case5325_86.png,/data/halyusuf/data/CataractData/semantic_segmentation/Annotations/Images-and-Supervisely-Annotations/case_5325/mask_anatomy_inst/case5325_86.png
1233,/data/halyusuf/data/CataractData/semantic_segmentation/Annotations/Images-and-Supervisely-Annotations/case_5325/img/case5325_87.png,/data/halyusuf/data/CataractData/semantic_segmentation/Annotations/Images-and-Supervisely-Annotations/case_5325/mask_anatomy_inst/case5325_87.png
1234,/data/halyusuf/data/CataractData/semantic_segmentation/Annotations/Images-and-Supervisely-Annotations/case_5325/img/case5325_88.png,/data/halyusuf/data/CataractData/semantic_segmentation/Annotations/Images-and-Supervisely-Annotations/case_5325/mask_anatomy_inst/case5325_88.png
1235,/data/halyusuf/data/CataractData/semantic_segmentation/Annotations/Images-and-Supervisely-Annotations/case_5325/img/case5325_89.png,/data/halyusuf/data/CataractData/semantic_segmentation/Annotations/Images-and-Supervisely-Annotations/case_5325/mask_anatomy_inst/case5325_89.png
1236,/data/halyusuf/data/CataractData/semantic_segmentation/Annotations/Images-and-Supervisely-Annotations/case_5325/img/case5325_90.png,/data/halyusuf/data/CataractData/semantic_segmentation/Annotations/Images-and-Supervisely-Annotations/case_5325/mask_anatomy_inst/case5325_90.png
1237,/data/halyusuf/data/CataractData/semantic_segmentation/Annotations/Images-and-Supervisely-Annotations/case_5325/img/case5325_91.png,/data/halyusuf/data/CataractData/semantic_segmentation/Annotations/Images-and-Supervisely-Annotations/case_5325/mask_anatomy_inst/case5325_91.png
1238,/data/halyusuf/data/CataractData/semantic_segmentation/Annotations/Images-and-Supervisely-Annotations/case_5325/img/case5325_92.png,/data/halyusuf/data/CataractData/semantic_segmentation/Annotations/Images-and-Supervisely-Annotations/case_5325/mask_anatomy_inst/case5325_92.png
1239,/data/halyusuf/data/CataractData/semantic_segmentation/Annotations/Images-and-Supervisely-Annotations/case_5325/img/case5325_93.png,/data/halyusuf/data/CataractData/semantic_segmentation/Annotations/Images-and-Supervisely-Annotations/case_5325/mask_anatomy_inst/case5325_93.png
1240,/data/halyusuf/data/CataractData/semantic_segmentation/Annotations/Images-and-Supervisely-Annotations/case_5325/img/case5325_94.png,/data/halyusuf/data/CataractData/semantic_segmentation/Annotations/Images-and-Supervisely-Annotations/case_5325/mask_anatomy_inst/case5325_94.png
1241,/data/halyusuf/data/CataractData/semantic_segmentation/Annotations/Images-and-Supervisely-Annotations/case_5325/img/case5325_95.png,/data/halyusuf/data/CataractData/semantic_segmentation/Annotations/Images-and-Supervisely-Annotations/case_5325/mask_anatomy_inst/case5325_95.png
1242,/data/halyusuf/data/CataractData/semantic_segmentation/Annotations/Images-and-Supervisely-Annotations/case_5329/img/case5329_01.png,/data/halyusuf/data/CataractData/semantic_segmentation/Annotations/Images-and-Supervisely-Annotations/case_5329/mask_anatomy_inst/case5329_01.png
1243,/data/halyusuf/data/CataractData/semantic_segmentation/Annotations/Images-and-Supervisely-Annotations/case_5329/img/case5329_02.png,/data/halyusuf/data/CataractData/semantic_segmentation/Annotations/Images-and-Supervisely-Annotations/case_5329/mask_anatomy_inst/case5329_02.png
1244,/data/halyusuf/data/CataractData/semantic_segmentation/Annotations/Images-and-Supervisely-Annotations/case_5329/img/case5329_03.png,/data/halyusuf/data/CataractData/semantic_segmentation/Annotations/Images-and-Supervisely-Annotations/case_5329/mask_anatomy_inst/case5329_03.png
1245,/data/halyusuf/data/CataractData/semantic_segmentation/Annotations/Images-and-Supervisely-Annotations/case_5329/img/case5329_04.png,/data/halyusuf/data/CataractData/semantic_segmentation/Annotations/Images-and-Supervisely-Annotations/case_5329/mask_anatomy_inst/case5329_04.png
1246,/data/halyusuf/data/CataractData/semantic_segmentation/Annotations/Images-and-Supervisely-Annotations/case_5329/img/case5329_05.png,/data/halyusuf/data/CataractData/semantic_segmentation/Annotations/Images-and-Supervisely-Annotations/case_5329/mask_anatomy_inst/case5329_05.png
1247,/data/halyusuf/data/CataractData/semantic_segmentation/Annotations/Images-and-Supervisely-Annotations/case_5329/img/case5329_06.png,/data/halyusuf/data/CataractData/semantic_segmentation/Annotations/Images-and-Supervisely-Annotations/case_5329/mask_anatomy_inst/case5329_06.png
1248,/data/halyusuf/data/CataractData/semantic_segmentation/Annotations/Images-and-Supervisely-Annotations/case_5329/img/case5329_07.png,/data/halyusuf/data/CataractData/semantic_segmentation/Annotations/Images-and-Supervisely-Annotations/case_5329/mask_anatomy_inst/case5329_07.png
1249,/data/halyusuf/data/CataractData/semantic_segmentation/Annotations/Images-and-Supervisely-Annotations/case_5329/img/case5329_08.png,/data/halyusuf/data/CataractData/semantic_segmentation/Annotations/Images-and-Supervisely-Annotations/case_5329/mask_anatomy_inst/case5329_08.png
1250,/data/halyusuf/data/CataractData/semantic_segmentation/Annotations/Images-and-Supervisely-Annotations/case_5329/img/case5329_09.png,/data/halyusuf/data/CataractData/semantic_segmentation/Annotations/Images-and-Supervisely-Annotations/case_5329/mask_anatomy_inst/case5329_09.png
1251,/data/halyusuf/data/CataractData/semantic_segmentation/Annotations/Images-and-Supervisely-Annotations/case_5329/img/case5329_10.png,/data/halyusuf/data/CataractData/semantic_segmentation/Annotations/Images-and-Supervisely-Annotations/case_5329/mask_anatomy_inst/case5329_10.png
1252,/data/halyusuf/data/CataractData/semantic_segmentation/Annotations/Images-and-Supervisely-Annotations/case_5329/img/case5329_11.png,/data/halyusuf/data/CataractData/semantic_segmentation/Annotations/Images-and-Supervisely-Annotations/case_5329/mask_anatomy_inst/case5329_11.png
1253,/data/halyusuf/data/CataractData/semantic_segmentation/Annotations/Images-and-Supervisely-Annotations/case_5329/img/case5329_12.png,/data/halyusuf/data/CataractData/semantic_segmentation/Annotations/Images-and-Supervisely-Annotations/case_5329/mask_anatomy_inst/case5329_12.png
1254,/data/halyusuf/data/CataractData/semantic_segmentation/Annotations/Images-and-Supervisely-Annotations/case_5329/img/case5329_13.png,/data/halyusuf/data/CataractData/semantic_segmentation/Annotations/Images-and-Supervisely-Annotations/case_5329/mask_anatomy_inst/case5329_13.png
1255,/data/halyusuf/data/CataractData/semantic_segmentation/Annotations/Images-and-Supervisely-Annotations/case_5329/img/case5329_14.png,/data/halyusuf/data/CataractData/semantic_segmentation/Annotations/Images-and-Supervisely-Annotations/case_5329/mask_anatomy_inst/case5329_14.png
1256,/data/halyusuf/data/CataractData/semantic_segmentation/Annotations/Images-and-Supervisely-Annotations/case_5329/img/case5329_15.png,/data/halyusuf/data/CataractData/semantic_segmentation/Annotations/Images-and-Supervisely-Annotations/case_5329/mask_anatomy_inst/case5329_15.png
1257,/data/halyusuf/data/CataractData/semantic_segmentation/Annotations/Images-and-Supervisely-Annotations/case_5329/img/case5329_16.png,/data/halyusuf/data/CataractData/semantic_segmentation/Annotations/Images-and-Supervisely-Annotations/case_5329/mask_anatomy_inst/case5329_16.png
1258,/data/halyusuf/data/CataractData/semantic_segmentation/Annotations/Images-and-Supervisely-Annotations/case_5329/img/case5329_17.png,/data/halyusuf/data/CataractData/semantic_segmentation/Annotations/Images-and-Supervisely-Annotations/case_5329/mask_anatomy_inst/case5329_17.png
1259,/data/halyusuf/data/CataractData/semantic_segmentation/Annotations/Images-and-Supervisely-Annotations/case_5329/img/case5329_18.png,/data/halyusuf/data/CataractData/semantic_segmentation/Annotations/Images-and-Supervisely-Annotations/case_5329/mask_anatomy_inst/case5329_18.png
1260,/data/halyusuf/data/CataractData/semantic_segmentation/Annotations/Images-and-Supervisely-Annotations/case_5329/img/case5329_19.png,/data/halyusuf/data/CataractData/semantic_segmentation/Annotations/Images-and-Supervisely-Annotations/case_5329/mask_anatomy_inst/case5329_19.png
1261,/data/halyusuf/data/CataractData/semantic_segmentation/Annotations/Images-and-Supervisely-Annotations/case_5329/img/case5329_20.png,/data/halyusuf/data/CataractData/semantic_segmentation/Annotations/Images-and-Supervisely-Annotations/case_5329/mask_anatomy_inst/case5329_20.png
1262,/data/halyusuf/data/CataractData/semantic_segmentation/Annotations/Images-and-Supervisely-Annotations/case_5329/img/case5329_21.png,/data/halyusuf/data/CataractData/semantic_segmentation/Annotations/Images-and-Supervisely-Annotations/case_5329/mask_anatomy_inst/case5329_21.png
1263,/data/halyusuf/data/CataractData/semantic_segmentation/Annotations/Images-and-Supervisely-Annotations/case_5329/img/case5329_22.png,/data/halyusuf/data/CataractData/semantic_segmentation/Annotations/Images-and-Supervisely-Annotations/case_5329/mask_anatomy_inst/case5329_22.png
1264,/data/halyusuf/data/CataractData/semantic_segmentation/Annotations/Images-and-Supervisely-Annotations/case_5329/img/case5329_23.png,/data/halyusuf/data/CataractData/semantic_segmentation/Annotations/Images-and-Supervisely-Annotations/case_5329/mask_anatomy_inst/case5329_23.png
1265,/data/halyusuf/data/CataractData/semantic_segmentation/Annotations/Images-and-Supervisely-Annotations/case_5329/img/case5329_24.png,/data/halyusuf/data/CataractData/semantic_segmentation/Annotations/Images-and-Supervisely-Annotations/case_5329/mask_anatomy_inst/case5329_24.png
1266,/data/halyusuf/data/CataractData/semantic_segmentation/Annotations/Images-and-Supervisely-Annotations/case_5329/img/case5329_25.png,/data/halyusuf/data/CataractData/semantic_segmentation/Annotations/Images-and-Supervisely-Annotations/case_5329/mask_anatomy_inst/case5329_25.png
1267,/data/halyusuf/data/CataractData/semantic_segmentation/Annotations/Images-and-Supervisely-Annotations/case_5329/img/case5329_26.png,/data/halyusuf/data/CataractData/semantic_segmentation/Annotations/Images-and-Supervisely-Annotations/case_5329/mask_anatomy_inst/case5329_26.png
1268,/data/halyusuf/data/CataractData/semantic_segmentation/Annotations/Images-and-Supervisely-Annotations/case_5329/img/case5329_27.png,/data/halyusuf/data/CataractData/semantic_segmentation/Annotations/Images-and-Supervisely-Annotations/case_5329/mask_anatomy_inst/case5329_27.png
1269,/data/halyusuf/data/CataractData/semantic_segmentation/Annotations/Images-and-Supervisely-Annotations/case_5329/img/case5329_28.png,/data/halyusuf/data/CataractData/semantic_segmentation/Annotations/Images-and-Supervisely-Annotations/case_5329/mask_anatomy_inst/case5329_28.png
1270,/data/halyusuf/data/CataractData/semantic_segmentation/Annotations/Images-and-Supervisely-Annotations/case_5329/img/case5329_29.png,/data/halyusuf/data/CataractData/semantic_segmentation/Annotations/Images-and-Supervisely-Annotations/case_5329/mask_anatomy_inst/case5329_29.png
1271,/data/halyusuf/data/CataractData/semantic_segmentation/Annotations/Images-and-Supervisely-Annotations/case_5329/img/case5329_30.png,/data/halyusuf/data/CataractData/semantic_segmentation/Annotations/Images-and-Supervisely-Annotations/case_5329/mask_anatomy_inst/case5329_30.png
1272,/data/halyusuf/data/CataractData/semantic_segmentation/Annotations/Images-and-Supervisely-Annotations/case_5329/img/case5329_31.png,/data/halyusuf/data/CataractData/semantic_segmentation/Annotations/Images-and-Supervisely-Annotations/case_5329/mask_anatomy_inst/case5329_31.png
1273,/data/halyusuf/data/CataractData/semantic_segmentation/Annotations/Images-and-Supervisely-Annotations/case_5329/img/case5329_32.png,/data/halyusuf/data/CataractData/semantic_segmentation/Annotations/Images-and-Supervisely-Annotations/case_5329/mask_anatomy_inst/case5329_32.png
1274,/data/halyusuf/data/CataractData/semantic_segmentation/Annotations/Images-and-Supervisely-Annotations/case_5329/img/case5329_33.png,/data/halyusuf/data/CataractData/semantic_segmentation/Annotations/Images-and-Supervisely-Annotations/case_5329/mask_anatomy_inst/case5329_33.png
1275,/data/halyusuf/data/CataractData/semantic_segmentation/Annotations/Images-and-Supervisely-Annotations/case_5329/img/case5329_34.png,/data/halyusuf/data/CataractData/semantic_segmentation/Annotations/Images-and-Supervisely-Annotations/case_5329/mask_anatomy_inst/case5329_34.png
1276,/data/halyusuf/data/CataractData/semantic_segmentation/Annotations/Images-and-Supervisely-Annotations/case_5329/img/case5329_35.png,/data/halyusuf/data/CataractData/semantic_segmentation/Annotations/Images-and-Supervisely-Annotations/case_5329/mask_anatomy_inst/case5329_35.png
1277,/data/halyusuf/data/CataractData/semantic_segmentation/Annotations/Images-and-Supervisely-Annotations/case_5329/img/case5329_36.png,/data/halyusuf/data/CataractData/semantic_segmentation/Annotations/Images-and-Supervisely-Annotations/case_5329/mask_anatomy_inst/case5329_36.png
1278,/data/halyusuf/data/CataractData/semantic_segmentation/Annotations/Images-and-Supervisely-Annotations/case_5329/img/case5329_37.png,/data/halyusuf/data/CataractData/semantic_segmentation/Annotations/Images-and-Supervisely-Annotations/case_5329/mask_anatomy_inst/case5329_37.png
1279,/data/halyusuf/data/CataractData/semantic_segmentation/Annotations/Images-and-Supervisely-Annotations/case_5329/img/case5329_38.png,/data/halyusuf/data/CataractData/semantic_segmentation/Annotations/Images-and-Supervisely-Annotations/case_5329/mask_anatomy_inst/case5329_38.png
1280,/data/halyusuf/data/CataractData/semantic_segmentation/Annotations/Images-and-Supervisely-Annotations/case_5329/img/case5329_39.png,/data/halyusuf/data/CataractData/semantic_segmentation/Annotations/Images-and-Supervisely-Annotations/case_5329/mask_anatomy_inst/case5329_39.png
1281,/data/halyusuf/data/CataractData/semantic_segmentation/Annotations/Images-and-Supervisely-Annotations/case_5329/img/case5329_40.png,/data/halyusuf/data/CataractData/semantic_segmentation/Annotations/Images-and-Supervisely-Annotations/case_5329/mask_anatomy_inst/case5329_40.png
1282,/data/halyusuf/data/CataractData/semantic_segmentation/Annotations/Images-and-Supervisely-Annotations/case_5329/img/case5329_41.png,/data/halyusuf/data/CataractData/semantic_segmentation/Annotations/Images-and-Supervisely-Annotations/case_5329/mask_anatomy_inst/case5329_41.png
1283,/data/halyusuf/data/CataractData/semantic_segmentation/Annotations/Images-and-Supervisely-Annotations/case_5329/img/case5329_42.png,/data/halyusuf/data/CataractData/semantic_segmentation/Annotations/Images-and-Supervisely-Annotations/case_5329/mask_anatomy_inst/case5329_42.png
1284,/data/halyusuf/data/CataractData/semantic_segmentation/Annotations/Images-and-Supervisely-Annotations/case_5329/img/case5329_43.png,/data/halyusuf/data/CataractData/semantic_segmentation/Annotations/Images-and-Supervisely-Annotations/case_5329/mask_anatomy_inst/case5329_43.png
1285,/data/halyusuf/data/CataractData/semantic_segmentation/Annotations/Images-and-Supervisely-Annotations/case_5329/img/case5329_44.png,/data/halyusuf/data/CataractData/semantic_segmentation/Annotations/Images-and-Supervisely-Annotations/case_5329/mask_anatomy_inst/case5329_44.png
1286,/data/halyusuf/data/CataractData/semantic_segmentation/Annotations/Images-and-Supervisely-Annotations/case_5329/img/case5329_45.png,/data/halyusuf/data/CataractData/semantic_segmentation/Annotations/Images-and-Supervisely-Annotations/case_5329/mask_anatomy_inst/case5329_45.png
1287,/data/halyusuf/data/CataractData/semantic_segmentation/Annotations/Images-and-Supervisely-Annotations/case_5329/img/case5329_46.png,/data/halyusuf/data/CataractData/semantic_segmentation/Annotations/Images-and-Supervisely-Annotations/case_5329/mask_anatomy_inst/case5329_46.png
1288,/data/halyusuf/data/CataractData/semantic_segmentation/Annotations/Images-and-Supervisely-Annotations/case_5329/img/case5329_47.png,/data/halyusuf/data/CataractData/semantic_segmentation/Annotations/Images-and-Supervisely-Annotations/case_5329/mask_anatomy_inst/case5329_47.png
1289,/data/halyusuf/data/CataractData/semantic_segmentation/Annotations/Images-and-Supervisely-Annotations/case_5329/img/case5329_48.png,/data/halyusuf/data/CataractData/semantic_segmentation/Annotations/Images-and-Supervisely-Annotations/case_5329/mask_anatomy_inst/case5329_48.png
1290,/data/halyusuf/data/CataractData/semantic_segmentation/Annotations/Images-and-Supervisely-Annotations/case_5329/img/case5329_49.png,/data/halyusuf/data/CataractData/semantic_segmentation/Annotations/Images-and-Supervisely-Annotations/case_5329/mask_anatomy_inst/case5329_49.png
1291,/data/halyusuf/data/CataractData/semantic_segmentation/Annotations/Images-and-Supervisely-Annotations/case_5329/img/case5329_50.png,/data/halyusuf/data/CataractData/semantic_segmentation/Annotations/Images-and-Supervisely-Annotations/case_5329/mask_anatomy_inst/case5329_50.png
1292,/data/halyusuf/data/CataractData/semantic_segmentation/Annotations/Images-and-Supervisely-Annotations/case_5329/img/case5329_51.png,/data/halyusuf/data/CataractData/semantic_segmentation/Annotations/Images-and-Supervisely-Annotations/case_5329/mask_anatomy_inst/case5329_51.png
1293,/data/halyusuf/data/CataractData/semantic_segmentation/Annotations/Images-and-Supervisely-Annotations/case_5329/img/case5329_52.png,/data/halyusuf/data/CataractData/semantic_segmentation/Annotations/Images-and-Supervisely-Annotations/case_5329/mask_anatomy_inst/case5329_52.png
1294,/data/halyusuf/data/CataractData/semantic_segmentation/Annotations/Images-and-Supervisely-Annotations/case_5329/img/case5329_53.png,/data/halyusuf/data/CataractData/semantic_segmentation/Annotations/Images-and-Supervisely-Annotations/case_5329/mask_anatomy_inst/case5329_53.png
1295,/data/halyusuf/data/CataractData/semantic_segmentation/Annotations/Images-and-Supervisely-Annotations/case_5329/img/case5329_54.png,/data/halyusuf/data/CataractData/semantic_segmentation/Annotations/Images-and-Supervisely-Annotations/case_5329/mask_anatomy_inst/case5329_54.png
1296,/data/halyusuf/data/CataractData/semantic_segmentation/Annotations/Images-and-Supervisely-Annotations/case_5329/img/case5329_55.png,/data/halyusuf/data/CataractData/semantic_segmentation/Annotations/Images-and-Supervisely-Annotations/case_5329/mask_anatomy_inst/case5329_55.png
1297,/data/halyusuf/data/CataractData/semantic_segmentation/Annotations/Images-and-Supervisely-Annotations/case_5329/img/case5329_56.png,/data/halyusuf/data/CataractData/semantic_segmentation/Annotations/Images-and-Supervisely-Annotations/case_5329/mask_anatomy_inst/case5329_56.png
1298,/data/halyusuf/data/CataractData/semantic_segmentation/Annotations/Images-and-Supervisely-Annotations/case_5329/img/case5329_57.png,/data/halyusuf/data/CataractData/semantic_segmentation/Annotations/Images-and-Supervisely-Annotations/case_5329/mask_anatomy_inst/case5329_57.png
1299,/data/halyusuf/data/CataractData/semantic_segmentation/Annotations/Images-and-Supervisely-Annotations/case_5329/img/case5329_58.png,/data/halyusuf/data/CataractData/semantic_segmentation/Annotations/Images-and-Supervisely-Annotations/case_5329/mask_anatomy_inst/case5329_58.png
1300,/data/halyusuf/data/CataractData/semantic_segmentation/Annotations/Images-and-Supervisely-Annotations/case_5329/img/case5329_59.png,/data/halyusuf/data/CataractData/semantic_segmentation/Annotations/Images-and-Supervisely-Annotations/case_5329/mask_anatomy_inst/case5329_59.png
1301,/data/halyusuf/data/CataractData/semantic_segmentation/Annotations/Images-and-Supervisely-Annotations/case_5329/img/case5329_60.png,/data/halyusuf/data/CataractData/semantic_segmentation/Annotations/Images-and-Supervisely-Annotations/case_5329/mask_anatomy_inst/case5329_60.png
1302,/data/halyusuf/data/CataractData/semantic_segmentation/Annotations/Images-and-Supervisely-Annotations/case_5329/img/case5329_61.png,/data/halyusuf/data/CataractData/semantic_segmentation/Annotations/Images-and-Supervisely-Annotations/case_5329/mask_anatomy_inst/case5329_61.png
1303,/data/halyusuf/data/CataractData/semantic_segmentation/Annotations/Images-and-Supervisely-Annotations/case_5329/img/case5329_62.png,/data/halyusuf/data/CataractData/semantic_segmentation/Annotations/Images-and-Supervisely-Annotations/case_5329/mask_anatomy_inst/case5329_62.png
1304,/data/halyusuf/data/CataractData/semantic_segmentation/Annotations/Images-and-Supervisely-Annotations/case_5329/img/case5329_63.png,/data/halyusuf/data/CataractData/semantic_segmentation/Annotations/Images-and-Supervisely-Annotations/case_5329/mask_anatomy_inst/case5329_63.png
1305,/data/halyusuf/data/CataractData/semantic_segmentation/Annotations/Images-and-Supervisely-Annotations/case_5329/img/case5329_64.png,/data/halyusuf/data/CataractData/semantic_segmentation/Annotations/Images-and-Supervisely-Annotations/case_5329/mask_anatomy_inst/case5329_64.png
1306,/data/halyusuf/data/CataractData/semantic_segmentation/Annotations/Images-and-Supervisely-Annotations/case_5329/img/case5329_65.png,/data/halyusuf/data/CataractData/semantic_segmentation/Annotations/Images-and-Supervisely-Annotations/case_5329/mask_anatomy_inst/case5329_65.png
1307,/data/halyusuf/data/CataractData/semantic_segmentation/Annotations/Images-and-Supervisely-Annotations/case_5329/img/case5329_66.png,/data/halyusuf/data/CataractData/semantic_segmentation/Annotations/Images-and-Supervisely-Annotations/case_5329/mask_anatomy_inst/case5329_66.png
1308,/data/halyusuf/data/CataractData/semantic_segmentation/Annotations/Images-and-Supervisely-Annotations/case_5329/img/case5329_67.png,/data/halyusuf/data/CataractData/semantic_segmentation/Annotations/Images-and-Supervisely-Annotations/case_5329/mask_anatomy_inst/case5329_67.png
1309,/data/halyusuf/data/CataractData/semantic_segmentation/Annotations/Images-and-Supervisely-Annotations/case_5329/img/case5329_68.png,/data/halyusuf/data/CataractData/semantic_segmentation/Annotations/Images-and-Supervisely-Annotations/case_5329/mask_anatomy_inst/case5329_68.png
1310,/data/halyusuf/data/CataractData/semantic_segmentation/Annotations/Images-and-Supervisely-Annotations/case_5329/img/case5329_69.png,/data/halyusuf/data/CataractData/semantic_segmentation/Annotations/Images-and-Supervisely-Annotations/case_5329/mask_anatomy_inst/case5329_69.png
1311,/data/halyusuf/data/CataractData/semantic_segmentation/Annotations/Images-and-Supervisely-Annotations/case_5329/img/case5329_70.png,/data/halyusuf/data/CataractData/semantic_segmentation/Annotations/Images-and-Supervisely-Annotations/case_5329/mask_anatomy_inst/case5329_70.png
1312,/data/halyusuf/data/CataractData/semantic_segmentation/Annotations/Images-and-Supervisely-Annotations/case_5329/img/case5329_71.png,/data/halyusuf/data/CataractData/semantic_segmentation/Annotations/Images-and-Supervisely-Annotations/case_5329/mask_anatomy_inst/case5329_71.png
1313,/data/halyusuf/data/CataractData/semantic_segmentation/Annotations/Images-and-Supervisely-Annotations/case_5329/img/case5329_72.png,/data/halyusuf/data/CataractData/semantic_segmentation/Annotations/Images-and-Supervisely-Annotations/case_5329/mask_anatomy_inst/case5329_72.png
1314,/data/halyusuf/data/CataractData/semantic_segmentation/Annotations/Images-and-Supervisely-Annotations/case_5329/img/case5329_73.png,/data/halyusuf/data/CataractData/semantic_segmentation/Annotations/Images-and-Supervisely-Annotations/case_5329/mask_anatomy_inst/case5329_73.png
1315,/data/halyusuf/data/CataractData/semantic_segmentation/Annotations/Images-and-Supervisely-Annotations/case_5329/img/case5329_74.png,/data/halyusuf/data/CataractData/semantic_segmentation/Annotations/Images-and-Supervisely-Annotations/case_5329/mask_anatomy_inst/case5329_74.png
1316,/data/halyusuf/data/CataractData/semantic_segmentation/Annotations/Images-and-Supervisely-Annotations/case_5329/img/case5329_75.png,/data/halyusuf/data/CataractData/semantic_segmentation/Annotations/Images-and-Supervisely-Annotations/case_5329/mask_anatomy_inst/case5329_75.png
1317,/data/halyusuf/data/CataractData/semantic_segmentation/Annotations/Images-and-Supervisely-Annotations/case_5329/img/case5329_76.png,/data/halyusuf/data/CataractData/semantic_segmentation/Annotations/Images-and-Supervisely-Annotations/case_5329/mask_anatomy_inst/case5329_76.png
1318,/data/halyusuf/data/CataractData/semantic_segmentation/Annotations/Images-and-Supervisely-Annotations/case_5340/img/case5340_01.png,/data/halyusuf/data/CataractData/semantic_segmentation/Annotations/Images-and-Supervisely-Annotations/case_5340/mask_anatomy_inst/case5340_01.png
1319,/data/halyusuf/data/CataractData/semantic_segmentation/Annotations/Images-and-Supervisely-Annotations/case_5340/img/case5340_02.png,/data/halyusuf/data/CataractData/semantic_segmentation/Annotations/Images-and-Supervisely-Annotations/case_5340/mask_anatomy_inst/case5340_02.png
1320,/data/halyusuf/data/CataractData/semantic_segmentation/Annotations/Images-and-Supervisely-Annotations/case_5340/img/case5340_03.png,/data/halyusuf/data/CataractData/semantic_segmentation/Annotations/Images-and-Supervisely-Annotations/case_5340/mask_anatomy_inst/case5340_03.png
1321,/data/halyusuf/data/CataractData/semantic_segmentation/Annotations/Images-and-Supervisely-Annotations/case_5340/img/case5340_04.png,/data/halyusuf/data/CataractData/semantic_segmentation/Annotations/Images-and-Supervisely-Annotations/case_5340/mask_anatomy_inst/case5340_04.png
1322,/data/halyusuf/data/CataractData/semantic_segmentation/Annotations/Images-and-Supervisely-Annotations/case_5340/img/case5340_05.png,/data/halyusuf/data/CataractData/semantic_segmentation/Annotations/Images-and-Supervisely-Annotations/case_5340/mask_anatomy_inst/case5340_05.png
1323,/data/halyusuf/data/CataractData/semantic_segmentation/Annotations/Images-and-Supervisely-Annotations/case_5340/img/case5340_06.png,/data/halyusuf/data/CataractData/semantic_segmentation/Annotations/Images-and-Supervisely-Annotations/case_5340/mask_anatomy_inst/case5340_06.png
1324,/data/halyusuf/data/CataractData/semantic_segmentation/Annotations/Images-and-Supervisely-Annotations/case_5340/img/case5340_07.png,/data/halyusuf/data/CataractData/semantic_segmentation/Annotations/Images-and-Supervisely-Annotations/case_5340/mask_anatomy_inst/case5340_07.png
1325,/data/halyusuf/data/CataractData/semantic_segmentation/Annotations/Images-and-Supervisely-Annotations/case_5340/img/case5340_08.png,/data/halyusuf/data/CataractData/semantic_segmentation/Annotations/Images-and-Supervisely-Annotations/case_5340/mask_anatomy_inst/case5340_08.png
1326,/data/halyusuf/data/CataractData/semantic_segmentation/Annotations/Images-and-Supervisely-Annotations/case_5340/img/case5340_09.png,/data/halyusuf/data/CataractData/semantic_segmentation/Annotations/Images-and-Supervisely-Annotations/case_5340/mask_anatomy_inst/case5340_09.png
1327,/data/halyusuf/data/CataractData/semantic_segmentation/Annotations/Images-and-Supervisely-Annotations/case_5340/img/case5340_10.png,/data/halyusuf/data/CataractData/semantic_segmentation/Annotations/Images-and-Supervisely-Annotations/case_5340/mask_anatomy_inst/case5340_10.png
1328,/data/halyusuf/data/CataractData/semantic_segmentation/Annotations/Images-and-Supervisely-Annotations/case_5340/img/case5340_11.png,/data/halyusuf/data/CataractData/semantic_segmentation/Annotations/Images-and-Supervisely-Annotations/case_5340/mask_anatomy_inst/case5340_11.png
1329,/data/halyusuf/data/CataractData/semantic_segmentation/Annotations/Images-and-Supervisely-Annotations/case_5340/img/case5340_12.png,/data/halyusuf/data/CataractData/semantic_segmentation/Annotations/Images-and-Supervisely-Annotations/case_5340/mask_anatomy_inst/case5340_12.png
1330,/data/halyusuf/data/CataractData/semantic_segmentation/Annotations/Images-and-Supervisely-Annotations/case_5340/img/case5340_13.png,/data/halyusuf/data/CataractData/semantic_segmentation/Annotations/Images-and-Supervisely-Annotations/case_5340/mask_anatomy_inst/case5340_13.png
1331,/data/halyusuf/data/CataractData/semantic_segmentation/Annotations/Images-and-Supervisely-Annotations/case_5340/img/case5340_14.png,/data/halyusuf/data/CataractData/semantic_segmentation/Annotations/Images-and-Supervisely-Annotations/case_5340/mask_anatomy_inst/case5340_14.png
1332,/data/halyusuf/data/CataractData/semantic_segmentation/Annotations/Images-and-Supervisely-Annotations/case_5340/img/case5340_15.png,/data/halyusuf/data/CataractData/semantic_segmentation/Annotations/Images-and-Supervisely-Annotations/case_5340/mask_anatomy_inst/case5340_15.png
1333,/data/halyusuf/data/CataractData/semantic_segmentation/Annotations/Images-and-Supervisely-Annotations/case_5340/img/case5340_16.png,/data/halyusuf/data/CataractData/semantic_segmentation/Annotations/Images-and-Supervisely-Annotations/case_5340/mask_anatomy_inst/case5340_16.png
1334,/data/halyusuf/data/CataractData/semantic_segmentation/Annotations/Images-and-Supervisely-Annotations/case_5340/img/case5340_17.png,/data/halyusuf/data/CataractData/semantic_segmentation/Annotations/Images-and-Supervisely-Annotations/case_5340/mask_anatomy_inst/case5340_17.png
1335,/data/halyusuf/data/CataractData/semantic_segmentation/Annotations/Images-and-Supervisely-Annotations/case_5340/img/case5340_18.png,/data/halyusuf/data/CataractData/semantic_segmentation/Annotations/Images-and-Supervisely-Annotations/case_5340/mask_anatomy_inst/case5340_18.png
1336,/data/halyusuf/data/CataractData/semantic_segmentation/Annotations/Images-and-Supervisely-Annotations/case_5340/img/case5340_19.png,/data/halyusuf/data/CataractData/semantic_segmentation/Annotations/Images-and-Supervisely-Annotations/case_5340/mask_anatomy_inst/case5340_19.png
1337,/data/halyusuf/data/CataractData/semantic_segmentation/Annotations/Images-and-Supervisely-Annotations/case_5340/img/case5340_20.png,/data/halyusuf/data/CataractData/semantic_segmentation/Annotations/Images-and-Supervisely-Annotations/case_5340/mask_anatomy_inst/case5340_20.png
1338,/data/halyusuf/data/CataractData/semantic_segmentation/Annotations/Images-and-Supervisely-Annotations/case_5340/img/case5340_21.png,/data/halyusuf/data/CataractData/semantic_segmentation/Annotations/Images-and-Supervisely-Annotations/case_5340/mask_anatomy_inst/case5340_21.png
1339,/data/halyusuf/data/CataractData/semantic_segmentation/Annotations/Images-and-Supervisely-Annotations/case_5340/img/case5340_22.png,/data/halyusuf/data/CataractData/semantic_segmentation/Annotations/Images-and-Supervisely-Annotations/case_5340/mask_anatomy_inst/case5340_22.png
1340,/data/halyusuf/data/CataractData/semantic_segmentation/Annotations/Images-and-Supervisely-Annotations/case_5340/img/case5340_23.png,/data/halyusuf/data/CataractData/semantic_segmentation/Annotations/Images-and-Supervisely-Annotations/case_5340/mask_anatomy_inst/case5340_23.png
1341,/data/halyusuf/data/CataractData/semantic_segmentation/Annotations/Images-and-Supervisely-Annotations/case_5340/img/case5340_24.png,/data/halyusuf/data/CataractData/semantic_segmentation/Annotations/Images-and-Supervisely-Annotations/case_5340/mask_anatomy_inst/case5340_24.png
1342,/data/halyusuf/data/CataractData/semantic_segmentation/Annotations/Images-and-Supervisely-Annotations/case_5340/img/case5340_25.png,/data/halyusuf/data/CataractData/semantic_segmentation/Annotations/Images-and-Supervisely-Annotations/case_5340/mask_anatomy_inst/case5340_25.png
1343,/data/halyusuf/data/CataractData/semantic_segmentation/Annotations/Images-and-Supervisely-Annotations/case_5340/img/case5340_26.png,/data/halyusuf/data/CataractData/semantic_segmentation/Annotations/Images-and-Supervisely-Annotations/case_5340/mask_anatomy_inst/case5340_26.png
1344,/data/halyusuf/data/CataractData/semantic_segmentation/Annotations/Images-and-Supervisely-Annotations/case_5340/img/case5340_27.png,/data/halyusuf/data/CataractData/semantic_segmentation/Annotations/Images-and-Supervisely-Annotations/case_5340/mask_anatomy_inst/case5340_27.png
1345,/data/halyusuf/data/CataractData/semantic_segmentation/Annotations/Images-and-Supervisely-Annotations/case_5340/img/case5340_28.png,/data/halyusuf/data/CataractData/semantic_segmentation/Annotations/Images-and-Supervisely-Annotations/case_5340/mask_anatomy_inst/case5340_28.png
1346,/data/halyusuf/data/CataractData/semantic_segmentation/Annotations/Images-and-Supervisely-Annotations/case_5340/img/case5340_29.png,/data/halyusuf/data/CataractData/semantic_segmentation/Annotations/Images-and-Supervisely-Annotations/case_5340/mask_anatomy_inst/case5340_29.png
1347,/data/halyusuf/data/CataractData/semantic_segmentation/Annotations/Images-and-Supervisely-Annotations/case_5340/img/case5340_30.png,/data/halyusuf/data/CataractData/semantic_segmentation/Annotations/Images-and-Supervisely-Annotations/case_5340/mask_anatomy_inst/case5340_30.png
1348,/data/halyusuf/data/CataractData/semantic_segmentation/Annotations/Images-and-Supervisely-Annotations/case_5340/img/case5340_31.png,/data/halyusuf/data/CataractData/semantic_segmentation/Annotations/Images-and-Supervisely-Annotations/case_5340/mask_anatomy_inst/case5340_31.png
1349,/data/halyusuf/data/CataractData/semantic_segmentation/Annotations/Images-and-Supervisely-Annotations/case_5340/img/case5340_32.png,/data/halyusuf/data/CataractData/semantic_segmentation/Annotations/Images-and-Supervisely-Annotations/case_5340/mask_anatomy_inst/case5340_32.png
1350,/data/halyusuf/data/CataractData/semantic_segmentation/Annotations/Images-and-Supervisely-Annotations/case_5340/img/case5340_33.png,/data/halyusuf/data/CataractData/semantic_segmentation/Annotations/Images-and-Supervisely-Annotations/case_5340/mask_anatomy_inst/case5340_33.png
1351,/data/halyusuf/data/CataractData/semantic_segmentation/Annotations/Images-and-Supervisely-Annotations/case_5340/img/case5340_34.png,/data/halyusuf/data/CataractData/semantic_segmentation/Annotations/Images-and-Supervisely-Annotations/case_5340/mask_anatomy_inst/case5340_34.png
1352,/data/halyusuf/data/CataractData/semantic_segmentation/Annotations/Images-and-Supervisely-Annotations/case_5340/img/case5340_35.png,/data/halyusuf/data/CataractData/semantic_segmentation/Annotations/Images-and-Supervisely-Annotations/case_5340/mask_anatomy_inst/case5340_35.png
1353,/data/halyusuf/data/CataractData/semantic_segmentation/Annotations/Images-and-Supervisely-Annotations/case_5340/img/case5340_36.png,/data/halyusuf/data/CataractData/semantic_segmentation/Annotations/Images-and-Supervisely-Annotations/case_5340/mask_anatomy_inst/case5340_36.png
1354,/data/halyusuf/data/CataractData/semantic_segmentation/Annotations/Images-and-Supervisely-Annotations/case_5340/img/case5340_37.png,/data/halyusuf/data/CataractData/semantic_segmentation/Annotations/Images-and-Supervisely-Annotations/case_5340/mask_anatomy_inst/case5340_37.png
1355,/data/halyusuf/data/CataractData/semantic_segmentation/Annotations/Images-and-Supervisely-Annotations/case_5340/img/case5340_38.png,/data/halyusuf/data/CataractData/semantic_segmentation/Annotations/Images-and-Supervisely-Annotations/case_5340/mask_anatomy_inst/case5340_38.png
1356,/data/halyusuf/data/CataractData/semantic_segmentation/Annotations/Images-and-Supervisely-Annotations/case_5340/img/case5340_39.png,/data/halyusuf/data/CataractData/semantic_segmentation/Annotations/Images-and-Supervisely-Annotations/case_5340/mask_anatomy_inst/case5340_39.png
1357,/data/halyusuf/data/CataractData/semantic_segmentation/Annotations/Images-and-Supervisely-Annotations/case_5340/img/case5340_40.png,/data/halyusuf/data/CataractData/semantic_segmentation/Annotations/Images-and-Supervisely-Annotations/case_5340/mask_anatomy_inst/case5340_40.png
1358,/data/halyusuf/data/CataractData/semantic_segmentation/Annotations/Images-and-Supervisely-Annotations/case_5340/img/case5340_41.png,/data/halyusuf/data/CataractData/semantic_segmentation/Annotations/Images-and-Supervisely-Annotations/case_5340/mask_anatomy_inst/case5340_41.png
1359,/data/halyusuf/data/CataractData/semantic_segmentation/Annotations/Images-and-Supervisely-Annotations/case_5340/img/case5340_42.png,/data/halyusuf/data/CataractData/semantic_segmentation/Annotations/Images-and-Supervisely-Annotations/case_5340/mask_anatomy_inst/case5340_42.png
1360,/data/halyusuf/data/CataractData/semantic_segmentation/Annotations/Images-and-Supervisely-Annotations/case_5340/img/case5340_43.png,/data/halyusuf/data/CataractData/semantic_segmentation/Annotations/Images-and-Supervisely-Annotations/case_5340/mask_anatomy_inst/case5340_43.png
1361,/data/halyusuf/data/CataractData/semantic_segmentation/Annotations/Images-and-Supervisely-Annotations/case_5340/img/case5340_44.png,/data/halyusuf/data/CataractData/semantic_segmentation/Annotations/Images-and-Supervisely-Annotations/case_5340/mask_anatomy_inst/case5340_44.png
1362,/data/halyusuf/data/CataractData/semantic_segmentation/Annotations/Images-and-Supervisely-Annotations/case_5340/img/case5340_45.png,/data/halyusuf/data/CataractData/semantic_segmentation/Annotations/Images-and-Supervisely-Annotations/case_5340/mask_anatomy_inst/case5340_45.png
1363,/data/halyusuf/data/CataractData/semantic_segmentation/Annotations/Images-and-Supervisely-Annotations/case_5340/img/case5340_46.png,/data/halyusuf/data/CataractData/semantic_segmentation/Annotations/Images-and-Supervisely-Annotations/case_5340/mask_anatomy_inst/case5340_46.png
1364,/data/halyusuf/data/CataractData/semantic_segmentation/Annotations/Images-and-Supervisely-Annotations/case_5340/img/case5340_47.png,/data/halyusuf/data/CataractData/semantic_segmentation/Annotations/Images-and-Supervisely-Annotations/case_5340/mask_anatomy_inst/case5340_47.png
1365,/data/halyusuf/data/CataractData/semantic_segmentation/Annotations/Images-and-Supervisely-Annotations/case_5340/img/case5340_48.png,/data/halyusuf/data/CataractData/semantic_segmentation/Annotations/Images-and-Supervisely-Annotations/case_5340/mask_anatomy_inst/case5340_48.png
1366,/data/halyusuf/data/CataractData/semantic_segmentation/Annotations/Images-and-Supervisely-Annotations/case_5340/img/case5340_49.png,/data/halyusuf/data/CataractData/semantic_segmentation/Annotations/Images-and-Supervisely-Annotations/case_5340/mask_anatomy_inst/case5340_49.png
1367,/data/halyusuf/data/CataractData/semantic_segmentation/Annotations/Images-and-Supervisely-Annotations/case_5340/img/case5340_50.png,/data/halyusuf/data/CataractData/semantic_segmentation/Annotations/Images-and-Supervisely-Annotations/case_5340/mask_anatomy_inst/case5340_50.png
1368,/data/halyusuf/data/CataractData/semantic_segmentation/Annotations/Images-and-Supervisely-Annotations/case_5340/img/case5340_51.png,/data/halyusuf/data/CataractData/semantic_segmentation/Annotations/Images-and-Supervisely-Annotations/case_5340/mask_anatomy_inst/case5340_51.png
1369,/data/halyusuf/data/CataractData/semantic_segmentation/Annotations/Images-and-Supervisely-Annotations/case_5340/img/case5340_52.png,/data/halyusuf/data/CataractData/semantic_segmentation/Annotations/Images-and-Supervisely-Annotations/case_5340/mask_anatomy_inst/case5340_52.png
1370,/data/halyusuf/data/CataractData/semantic_segmentation/Annotations/Images-and-Supervisely-Annotations/case_5340/img/case5340_53.png,/data/halyusuf/data/CataractData/semantic_segmentation/Annotations/Images-and-Supervisely-Annotations/case_5340/mask_anatomy_inst/case5340_53.png
1371,/data/halyusuf/data/CataractData/semantic_segmentation/Annotations/Images-and-Supervisely-Annotations/case_5340/img/case5340_54.png,/data/halyusuf/data/CataractData/semantic_segmentation/Annotations/Images-and-Supervisely-Annotations/case_5340/mask_anatomy_inst/case5340_54.png
1372,/data/halyusuf/data/CataractData/semantic_segmentation/Annotations/Images-and-Supervisely-Annotations/case_5340/img/case5340_55.png,/data/halyusuf/data/CataractData/semantic_segmentation/Annotations/Images-and-Supervisely-Annotations/case_5340/mask_anatomy_inst/case5340_55.png
1373,/data/halyusuf/data/CataractData/semantic_segmentation/Annotations/Images-and-Supervisely-Annotations/case_5340/img/case5340_56.png,/data/halyusuf/data/CataractData/semantic_segmentation/Annotations/Images-and-Supervisely-Annotations/case_5340/mask_anatomy_inst/case5340_56.png
1374,/data/halyusuf/data/CataractData/semantic_segmentation/Annotations/Images-and-Supervisely-Annotations/case_5340/img/case5340_57.png,/data/halyusuf/data/CataractData/semantic_segmentation/Annotations/Images-and-Supervisely-Annotations/case_5340/mask_anatomy_inst/case5340_57.png
1375,/data/halyusuf/data/CataractData/semantic_segmentation/Annotations/Images-and-Supervisely-Annotations/case_5340/img/case5340_58.png,/data/halyusuf/data/CataractData/semantic_segmentation/Annotations/Images-and-Supervisely-Annotations/case_5340/mask_anatomy_inst/case5340_58.png
1376,/data/halyusuf/data/CataractData/semantic_segmentation/Annotations/Images-and-Supervisely-Annotations/case_5340/img/case5340_59.png,/data/halyusuf/data/CataractData/semantic_segmentation/Annotations/Images-and-Supervisely-Annotations/case_5340/mask_anatomy_inst/case5340_59.png
1377,/data/halyusuf/data/CataractData/semantic_segmentation/Annotations/Images-and-Supervisely-Annotations/case_5340/img/case5340_60.png,/data/halyusuf/data/CataractData/semantic_segmentation/Annotations/Images-and-Supervisely-Annotations/case_5340/mask_anatomy_inst/case5340_60.png
1378,/data/halyusuf/data/CataractData/semantic_segmentation/Annotations/Images-and-Supervisely-Annotations/case_5340/img/case5340_61.png,/data/halyusuf/data/CataractData/semantic_segmentation/Annotations/Images-and-Supervisely-Annotations/case_5340/mask_anatomy_inst/case5340_61.png
1379,/data/halyusuf/data/CataractData/semantic_segmentation/Annotations/Images-and-Supervisely-Annotations/case_5340/img/case5340_62.png,/data/halyusuf/data/CataractData/semantic_segmentation/Annotations/Images-and-Supervisely-Annotations/case_5340/mask_anatomy_inst/case5340_62.png
1380,/data/halyusuf/data/CataractData/semantic_segmentation/Annotations/Images-and-Supervisely-Annotations/case_5340/img/case5340_63.png,/data/halyusuf/data/CataractData/semantic_segmentation/Annotations/Images-and-Supervisely-Annotations/case_5340/mask_anatomy_inst/case5340_63.png
1381,/data/halyusuf/data/CataractData/semantic_segmentation/Annotations/Images-and-Supervisely-Annotations/case_5340/img/case5340_64.png,/data/halyusuf/data/CataractData/semantic_segmentation/Annotations/Images-and-Supervisely-Annotations/case_5340/mask_anatomy_inst/case5340_64.png
1382,/data/halyusuf/data/CataractData/semantic_segmentation/Annotations/Images-and-Supervisely-Annotations/case_5340/img/case5340_65.png,/data/halyusuf/data/CataractData/semantic_segmentation/Annotations/Images-and-Supervisely-Annotations/case_5340/mask_anatomy_inst/case5340_65.png
1383,/data/halyusuf/data/CataractData/semantic_segmentation/Annotations/Images-and-Supervisely-Annotations/case_5340/img/case5340_66.png,/data/halyusuf/data/CataractData/semantic_segmentation/Annotations/Images-and-Supervisely-Annotations/case_5340/mask_anatomy_inst/case5340_66.png
1384,/data/halyusuf/data/CataractData/semantic_segmentation/Annotations/Images-and-Supervisely-Annotations/case_5340/img/case5340_67.png,/data/halyusuf/data/CataractData/semantic_segmentation/Annotations/Images-and-Supervisely-Annotations/case_5340/mask_anatomy_inst/case5340_67.png
1385,/data/halyusuf/data/CataractData/semantic_segmentation/Annotations/Images-and-Supervisely-Annotations/case_5340/img/case5340_68.png,/data/halyusuf/data/CataractData/semantic_segmentation/Annotations/Images-and-Supervisely-Annotations/case_5340/mask_anatomy_inst/case5340_68.png
1386,/data/halyusuf/data/CataractData/semantic_segmentation/Annotations/Images-and-Supervisely-Annotations/case_5340/img/case5340_69.png,/data/halyusuf/data/CataractData/semantic_segmentation/Annotations/Images-and-Supervisely-Annotations/case_5340/mask_anatomy_inst/case5340_69.png
1387,/data/halyusuf/data/CataractData/semantic_segmentation/Annotations/Images-and-Supervisely-Annotations/case_5340/img/case5340_70.png,/data/halyusuf/data/CataractData/semantic_segmentation/Annotations/Images-and-Supervisely-Annotations/case_5340/mask_anatomy_inst/case5340_70.png
1388,/data/halyusuf/data/CataractData/semantic_segmentation/Annotations/Images-and-Supervisely-Annotations/case_5340/img/case5340_71.png,/data/halyusuf/data/CataractData/semantic_segmentation/Annotations/Images-and-Supervisely-Annotations/case_5340/mask_anatomy_inst/case5340_71.png
1389,/data/halyusuf/data/CataractData/semantic_segmentation/Annotations/Images-and-Supervisely-Annotations/case_5340/img/case5340_72.png,/data/halyusuf/data/CataractData/semantic_segmentation/Annotations/Images-and-Supervisely-Annotations/case_5340/mask_anatomy_inst/case5340_72.png
1390,/data/halyusuf/data/CataractData/semantic_segmentation/Annotations/Images-and-Supervisely-Annotations/case_5340/img/case5340_73.png,/data/halyusuf/data/CataractData/semantic_segmentation/Annotations/Images-and-Supervisely-Annotations/case_5340/mask_anatomy_inst/case5340_73.png
1391,/data/halyusuf/data/CataractData/semantic_segmentation/Annotations/Images-and-Supervisely-Annotations/case_5353/img/case5353_01.png,/data/halyusuf/data/CataractData/semantic_segmentation/Annotations/Images-and-Supervisely-Annotations/case_5353/mask_anatomy_inst/case5353_01.png
1392,/data/halyusuf/data/CataractData/semantic_segmentation/Annotations/Images-and-Supervisely-Annotations/case_5353/img/case5353_02.png,/data/halyusuf/data/CataractData/semantic_segmentation/Annotations/Images-and-Supervisely-Annotations/case_5353/mask_anatomy_inst/case5353_02.png
1393,/data/halyusuf/data/CataractData/semantic_segmentation/Annotations/Images-and-Supervisely-Annotations/case_5353/img/case5353_03.png,/data/halyusuf/data/CataractData/semantic_segmentation/Annotations/Images-and-Supervisely-Annotations/case_5353/mask_anatomy_inst/case5353_03.png
1394,/data/halyusuf/data/CataractData/semantic_segmentation/Annotations/Images-and-Supervisely-Annotations/case_5353/img/case5353_04.png,/data/halyusuf/data/CataractData/semantic_segmentation/Annotations/Images-and-Supervisely-Annotations/case_5353/mask_anatomy_inst/case5353_04.png
1395,/data/halyusuf/data/CataractData/semantic_segmentation/Annotations/Images-and-Supervisely-Annotations/case_5353/img/case5353_05.png,/data/halyusuf/data/CataractData/semantic_segmentation/Annotations/Images-and-Supervisely-Annotations/case_5353/mask_anatomy_inst/case5353_05.png
1396,/data/halyusuf/data/CataractData/semantic_segmentation/Annotations/Images-and-Supervisely-Annotations/case_5353/img/case5353_06.png,/data/halyusuf/data/CataractData/semantic_segmentation/Annotations/Images-and-Supervisely-Annotations/case_5353/mask_anatomy_inst/case5353_06.png
1397,/data/halyusuf/data/CataractData/semantic_segmentation/Annotations/Images-and-Supervisely-Annotations/case_5353/img/case5353_07.png,/data/halyusuf/data/CataractData/semantic_segmentation/Annotations/Images-and-Supervisely-Annotations/case_5353/mask_anatomy_inst/case5353_07.png
1398,/data/halyusuf/data/CataractData/semantic_segmentation/Annotations/Images-and-Supervisely-Annotations/case_5353/img/case5353_08.png,/data/halyusuf/data/CataractData/semantic_segmentation/Annotations/Images-and-Supervisely-Annotations/case_5353/mask_anatomy_inst/case5353_08.png
1399,/data/halyusuf/data/CataractData/semantic_segmentation/Annotations/Images-and-Supervisely-Annotations/case_5353/img/case5353_09.png,/data/halyusuf/data/CataractData/semantic_segmentation/Annotations/Images-and-Supervisely-Annotations/case_5353/mask_anatomy_inst/case5353_09.png
1400,/data/halyusuf/data/CataractData/semantic_segmentation/Annotations/Images-and-Supervisely-Annotations/case_5353/img/case5353_10.png,/data/halyusuf/data/CataractData/semantic_segmentation/Annotations/Images-and-Supervisely-Annotations/case_5353/mask_anatomy_inst/case5353_10.png
1401,/data/halyusuf/data/CataractData/semantic_segmentation/Annotations/Images-and-Supervisely-Annotations/case_5353/img/case5353_11.png,/data/halyusuf/data/CataractData/semantic_segmentation/Annotations/Images-and-Supervisely-Annotations/case_5353/mask_anatomy_inst/case5353_11.png
1402,/data/halyusuf/data/CataractData/semantic_segmentation/Annotations/Images-and-Supervisely-Annotations/case_5353/img/case5353_12.png,/data/halyusuf/data/CataractData/semantic_segmentation/Annotations/Images-and-Supervisely-Annotations/case_5353/mask_anatomy_inst/case5353_12.png
1403,/data/halyusuf/data/CataractData/semantic_segmentation/Annotations/Images-and-Supervisely-Annotations/case_5353/img/case5353_13.png,/data/halyusuf/data/CataractData/semantic_segmentation/Annotations/Images-and-Supervisely-Annotations/case_5353/mask_anatomy_inst/case5353_13.png
1404,/data/halyusuf/data/CataractData/semantic_segmentation/Annotations/Images-and-Supervisely-Annotations/case_5353/img/case5353_14.png,/data/halyusuf/data/CataractData/semantic_segmentation/Annotations/Images-and-Supervisely-Annotations/case_5353/mask_anatomy_inst/case5353_14.png
1405,/data/halyusuf/data/CataractData/semantic_segmentation/Annotations/Images-and-Supervisely-Annotations/case_5353/img/case5353_15.png,/data/halyusuf/data/CataractData/semantic_segmentation/Annotations/Images-and-Supervisely-Annotations/case_5353/mask_anatomy_inst/case5353_15.png
1406,/data/halyusuf/data/CataractData/semantic_segmentation/Annotations/Images-and-Supervisely-Annotations/case_5353/img/case5353_16.png,/data/halyusuf/data/CataractData/semantic_segmentation/Annotations/Images-and-Supervisely-Annotations/case_5353/mask_anatomy_inst/case5353_16.png
1407,/data/halyusuf/data/CataractData/semantic_segmentation/Annotations/Images-and-Supervisely-Annotations/case_5353/img/case5353_17.png,/data/halyusuf/data/CataractData/semantic_segmentation/Annotations/Images-and-Supervisely-Annotations/case_5353/mask_anatomy_inst/case5353_17.png
1408,/data/halyusuf/data/CataractData/semantic_segmentation/Annotations/Images-and-Supervisely-Annotations/case_5353/img/case5353_18.png,/data/halyusuf/data/CataractData/semantic_segmentation/Annotations/Images-and-Supervisely-Annotations/case_5353/mask_anatomy_inst/case5353_18.png
1409,/data/halyusuf/data/CataractData/semantic_segmentation/Annotations/Images-and-Supervisely-Annotations/case_5353/img/case5353_19.png,/data/halyusuf/data/CataractData/semantic_segmentation/Annotations/Images-and-Supervisely-Annotations/case_5353/mask_anatomy_inst/case5353_19.png
1410,/data/halyusuf/data/CataractData/semantic_segmentation/Annotations/Images-and-Supervisely-Annotations/case_5353/img/case5353_20.png,/data/halyusuf/data/CataractData/semantic_segmentation/Annotations/Images-and-Supervisely-Annotations/case_5353/mask_anatomy_inst/case5353_20.png
1411,/data/halyusuf/data/CataractData/semantic_segmentation/Annotations/Images-and-Supervisely-Annotations/case_5353/img/case5353_21.png,/data/halyusuf/data/CataractData/semantic_segmentation/Annotations/Images-and-Supervisely-Annotations/case_5353/mask_anatomy_inst/case5353_21.png
1412,/data/halyusuf/data/CataractData/semantic_segmentation/Annotations/Images-and-Supervisely-Annotations/case_5353/img/case5353_22.png,/data/halyusuf/data/CataractData/semantic_segmentation/Annotations/Images-and-Supervisely-Annotations/case_5353/mask_anatomy_inst/case5353_22.png
1413,/data/halyusuf/data/CataractData/semantic_segmentation/Annotations/Images-and-Supervisely-Annotations/case_5353/img/case5353_23.png,/data/halyusuf/data/CataractData/semantic_segmentation/Annotations/Images-and-Supervisely-Annotations/case_5353/mask_anatomy_inst/case5353_23.png
1414,/data/halyusuf/data/CataractData/semantic_segmentation/Annotations/Images-and-Supervisely-Annotations/case_5353/img/case5353_24.png,/data/halyusuf/data/CataractData/semantic_segmentation/Annotations/Images-and-Supervisely-Annotations/case_5353/mask_anatomy_inst/case5353_24.png
1415,/data/halyusuf/data/CataractData/semantic_segmentation/Annotations/Images-and-Supervisely-Annotations/case_5353/img/case5353_25.png,/data/halyusuf/data/CataractData/semantic_segmentation/Annotations/Images-and-Supervisely-Annotations/case_5353/mask_anatomy_inst/case5353_25.png
1416,/data/halyusuf/data/CataractData/semantic_segmentation/Annotations/Images-and-Supervisely-Annotations/case_5353/img/case5353_26.png,/data/halyusuf/data/CataractData/semantic_segmentation/Annotations/Images-and-Supervisely-Annotations/case_5353/mask_anatomy_inst/case5353_26.png
1417,/data/halyusuf/data/CataractData/semantic_segmentation/Annotations/Images-and-Supervisely-Annotations/case_5353/img/case5353_27.png,/data/halyusuf/data/CataractData/semantic_segmentation/Annotations/Images-and-Supervisely-Annotations/case_5353/mask_anatomy_inst/case5353_27.png
1418,/data/halyusuf/data/CataractData/semantic_segmentation/Annotations/Images-and-Supervisely-Annotations/case_5353/img/case5353_28.png,/data/halyusuf/data/CataractData/semantic_segmentation/Annotations/Images-and-Supervisely-Annotations/case_5353/mask_anatomy_inst/case5353_28.png
1419,/data/halyusuf/data/CataractData/semantic_segmentation/Annotations/Images-and-Supervisely-Annotations/case_5353/img/case5353_29.png,/data/halyusuf/data/CataractData/semantic_segmentation/Annotations/Images-and-Supervisely-Annotations/case_5353/mask_anatomy_inst/case5353_29.png
1420,/data/halyusuf/data/CataractData/semantic_segmentation/Annotations/Images-and-Supervisely-Annotations/case_5353/img/case5353_30.png,/data/halyusuf/data/CataractData/semantic_segmentation/Annotations/Images-and-Supervisely-Annotations/case_5353/mask_anatomy_inst/case5353_30.png
1421,/data/halyusuf/data/CataractData/semantic_segmentation/Annotations/Images-and-Supervisely-Annotations/case_5353/img/case5353_31.png,/data/halyusuf/data/CataractData/semantic_segmentation/Annotations/Images-and-Supervisely-Annotations/case_5353/mask_anatomy_inst/case5353_31.png
1422,/data/halyusuf/data/CataractData/semantic_segmentation/Annotations/Images-and-Supervisely-Annotations/case_5353/img/case5353_32.png,/data/halyusuf/data/CataractData/semantic_segmentation/Annotations/Images-and-Supervisely-Annotations/case_5353/mask_anatomy_inst/case5353_32.png
1423,/data/halyusuf/data/CataractData/semantic_segmentation/Annotations/Images-and-Supervisely-Annotations/case_5353/img/case5353_33.png,/data/halyusuf/data/CataractData/semantic_segmentation/Annotations/Images-and-Supervisely-Annotations/case_5353/mask_anatomy_inst/case5353_33.png
1424,/data/halyusuf/data/CataractData/semantic_segmentation/Annotations/Images-and-Supervisely-Annotations/case_5353/img/case5353_34.png,/data/halyusuf/data/CataractData/semantic_segmentation/Annotations/Images-and-Supervisely-Annotations/case_5353/mask_anatomy_inst/case5353_34.png
1425,/data/halyusuf/data/CataractData/semantic_segmentation/Annotations/Images-and-Supervisely-Annotations/case_5353/img/case5353_35.png,/data/halyusuf/data/CataractData/semantic_segmentation/Annotations/Images-and-Supervisely-Annotations/case_5353/mask_anatomy_inst/case5353_35.png
1426,/data/halyusuf/data/CataractData/semantic_segmentation/Annotations/Images-and-Supervisely-Annotations/case_5353/img/case5353_36.png,/data/halyusuf/data/CataractData/semantic_segmentation/Annotations/Images-and-Supervisely-Annotations/case_5353/mask_anatomy_inst/case5353_36.png
1427,/data/halyusuf/data/CataractData/semantic_segmentation/Annotations/Images-and-Supervisely-Annotations/case_5353/img/case5353_37.png,/data/halyusuf/data/CataractData/semantic_segmentation/Annotations/Images-and-Supervisely-Annotations/case_5353/mask_anatomy_inst/case5353_37.png
1428,/data/halyusuf/data/CataractData/semantic_segmentation/Annotations/Images-and-Supervisely-Annotations/case_5353/img/case5353_38.png,/data/halyusuf/data/CataractData/semantic_segmentation/Annotations/Images-and-Supervisely-Annotations/case_5353/mask_anatomy_inst/case5353_38.png
1429,/data/halyusuf/data/CataractData/semantic_segmentation/Annotations/Images-and-Supervisely-Annotations/case_5353/img/case5353_39.png,/data/halyusuf/data/CataractData/semantic_segmentation/Annotations/Images-and-Supervisely-Annotations/case_5353/mask_anatomy_inst/case5353_39.png
1430,/data/halyusuf/data/CataractData/semantic_segmentation/Annotations/Images-and-Supervisely-Annotations/case_5353/img/case5353_40.png,/data/halyusuf/data/CataractData/semantic_segmentation/Annotations/Images-and-Supervisely-Annotations/case_5353/mask_anatomy_inst/case5353_40.png
1431,/data/halyusuf/data/CataractData/semantic_segmentation/Annotations/Images-and-Supervisely-Annotations/case_5353/img/case5353_41.png,/data/halyusuf/data/CataractData/semantic_segmentation/Annotations/Images-and-Supervisely-Annotations/case_5353/mask_anatomy_inst/case5353_41.png
1432,/data/halyusuf/data/CataractData/semantic_segmentation/Annotations/Images-and-Supervisely-Annotations/case_5353/img/case5353_42.png,/data/halyusuf/data/CataractData/semantic_segmentation/Annotations/Images-and-Supervisely-Annotations/case_5353/mask_anatomy_inst/case5353_42.png
1433,/data/halyusuf/data/CataractData/semantic_segmentation/Annotations/Images-and-Supervisely-Annotations/case_5353/img/case5353_43.png,/data/halyusuf/data/CataractData/semantic_segmentation/Annotations/Images-and-Supervisely-Annotations/case_5353/mask_anatomy_inst/case5353_43.png
1434,/data/halyusuf/data/CataractData/semantic_segmentation/Annotations/Images-and-Supervisely-Annotations/case_5353/img/case5353_44.png,/data/halyusuf/data/CataractData/semantic_segmentation/Annotations/Images-and-Supervisely-Annotations/case_5353/mask_anatomy_inst/case5353_44.png
1435,/data/halyusuf/data/CataractData/semantic_segmentation/Annotations/Images-and-Supervisely-Annotations/case_5353/img/case5353_45.png,/data/halyusuf/data/CataractData/semantic_segmentation/Annotations/Images-and-Supervisely-Annotations/case_5353/mask_anatomy_inst/case5353_45.png
1436,/data/halyusuf/data/CataractData/semantic_segmentation/Annotations/Images-and-Supervisely-Annotations/case_5353/img/case5353_46.png,/data/halyusuf/data/CataractData/semantic_segmentation/Annotations/Images-and-Supervisely-Annotations/case_5353/mask_anatomy_inst/case5353_46.png
1437,/data/halyusuf/data/CataractData/semantic_segmentation/Annotations/Images-and-Supervisely-Annotations/case_5353/img/case5353_47.png,/data/halyusuf/data/CataractData/semantic_segmentation/Annotations/Images-and-Supervisely-Annotations/case_5353/mask_anatomy_inst/case5353_47.png
1438,/data/halyusuf/data/CataractData/semantic_segmentation/Annotations/Images-and-Supervisely-Annotations/case_5353/img/case5353_48.png,/data/halyusuf/data/CataractData/semantic_segmentation/Annotations/Images-and-Supervisely-Annotations/case_5353/mask_anatomy_inst/case5353_48.png
1439,/data/halyusuf/data/CataractData/semantic_segmentation/Annotations/Images-and-Supervisely-Annotations/case_5353/img/case5353_49.png,/data/halyusuf/data/CataractData/semantic_segmentation/Annotations/Images-and-Supervisely-Annotations/case_5353/mask_anatomy_inst/case5353_49.png
1440,/data/halyusuf/data/CataractData/semantic_segmentation/Annotations/Images-and-Supervisely-Annotations/case_5353/img/case5353_50.png,/data/halyusuf/data/CataractData/semantic_segmentation/Annotations/Images-and-Supervisely-Annotations/case_5353/mask_anatomy_inst/case5353_50.png
1441,/data/halyusuf/data/CataractData/semantic_segmentation/Annotations/Images-and-Supervisely-Annotations/case_5353/img/case5353_51.png,/data/halyusuf/data/CataractData/semantic_segmentation/Annotations/Images-and-Supervisely-Annotations/case_5353/mask_anatomy_inst/case5353_51.png
1442,/data/halyusuf/data/CataractData/semantic_segmentation/Annotations/Images-and-Supervisely-Annotations/case_5353/img/case5353_52.png,/data/halyusuf/data/CataractData/semantic_segmentation/Annotations/Images-and-Supervisely-Annotations/case_5353/mask_anatomy_inst/case5353_52.png
1443,/data/halyusuf/data/CataractData/semantic_segmentation/Annotations/Images-and-Supervisely-Annotations/case_5353/img/case5353_53.png,/data/halyusuf/data/CataractData/semantic_segmentation/Annotations/Images-and-Supervisely-Annotations/case_5353/mask_anatomy_inst/case5353_53.png
1444,/data/halyusuf/data/CataractData/semantic_segmentation/Annotations/Images-and-Supervisely-Annotations/case_5353/img/case5353_54.png,/data/halyusuf/data/CataractData/semantic_segmentation/Annotations/Images-and-Supervisely-Annotations/case_5353/mask_anatomy_inst/case5353_54.png
1445,/data/halyusuf/data/CataractData/semantic_segmentation/Annotations/Images-and-Supervisely-Annotations/case_5353/img/case5353_55.png,/data/halyusuf/data/CataractData/semantic_segmentation/Annotations/Images-and-Supervisely-Annotations/case_5353/mask_anatomy_inst/case5353_55.png
1446,/data/halyusuf/data/CataractData/semantic_segmentation/Annotations/Images-and-Supervisely-Annotations/case_5353/img/case5353_56.png,/data/halyusuf/data/CataractData/semantic_segmentation/Annotations/Images-and-Supervisely-Annotations/case_5353/mask_anatomy_inst/case5353_56.png
1447,/data/halyusuf/data/CataractData/semantic_segmentation/Annotations/Images-and-Supervisely-Annotations/case_5353/img/case5353_57.png,/data/halyusuf/data/CataractData/semantic_segmentation/Annotations/Images-and-Supervisely-Annotations/case_5353/mask_anatomy_inst/case5353_57.png
1448,/data/halyusuf/data/CataractData/semantic_segmentation/Annotations/Images-and-Supervisely-Annotations/case_5353/img/case5353_58.png,/data/halyusuf/data/CataractData/semantic_segmentation/Annotations/Images-and-Supervisely-Annotations/case_5353/mask_anatomy_inst/case5353_58.png
1449,/data/halyusuf/data/CataractData/semantic_segmentation/Annotations/Images-and-Supervisely-Annotations/case_5353/img/case5353_59.png,/data/halyusuf/data/CataractData/semantic_segmentation/Annotations/Images-and-Supervisely-Annotations/case_5353/mask_anatomy_inst/case5353_59.png
1450,/data/halyusuf/data/CataractData/semantic_segmentation/Annotations/Images-and-Supervisely-Annotations/case_5353/img/case5353_60.png,/data/halyusuf/data/CataractData/semantic_segmentation/Annotations/Images-and-Supervisely-Annotations/case_5353/mask_anatomy_inst/case5353_60.png
1451,/data/halyusuf/data/CataractData/semantic_segmentation/Annotations/Images-and-Supervisely-Annotations/case_5353/img/case5353_61.png,/data/halyusuf/data/CataractData/semantic_segmentation/Annotations/Images-and-Supervisely-Annotations/case_5353/mask_anatomy_inst/case5353_61.png
1452,/data/halyusuf/data/CataractData/semantic_segmentation/Annotations/Images-and-Supervisely-Annotations/case_5353/img/case5353_62.png,/data/halyusuf/data/CataractData/semantic_segmentation/Annotations/Images-and-Supervisely-Annotations/case_5353/mask_anatomy_inst/case5353_62.png
1453,/data/halyusuf/data/CataractData/semantic_segmentation/Annotations/Images-and-Supervisely-Annotations/case_5353/img/case5353_63.png,/data/halyusuf/data/CataractData/semantic_segmentation/Annotations/Images-and-Supervisely-Annotations/case_5353/mask_anatomy_inst/case5353_63.png
1454,/data/halyusuf/data/CataractData/semantic_segmentation/Annotations/Images-and-Supervisely-Annotations/case_5353/img/case5353_64.png,/data/halyusuf/data/CataractData/semantic_segmentation/Annotations/Images-and-Supervisely-Annotations/case_5353/mask_anatomy_inst/case5353_64.png
1455,/data/halyusuf/data/CataractData/semantic_segmentation/Annotations/Images-and-Supervisely-Annotations/case_5353/img/case5353_65.png,/data/halyusuf/data/CataractData/semantic_segmentation/Annotations/Images-and-Supervisely-Annotations/case_5353/mask_anatomy_inst/case5353_65.png
