,imgs,masks
0,/data/halyusuf/data/CataractData/semantic_segmentation/Annotations/Images-and-Supervisely-Annotations/case_5013/img/case5013_01.png,/data/halyusuf/data/CataractData/semantic_segmentation/Annotations/Images-and-Supervisely-Annotations/case_5013/mask_anatomy_inst/case5013_01.png
1,/data/halyusuf/data/CataractData/semantic_segmentation/Annotations/Images-and-Supervisely-Annotations/case_5013/img/case5013_02.png,/data/halyusuf/data/CataractData/semantic_segmentation/Annotations/Images-and-Supervisely-Annotations/case_5013/mask_anatomy_inst/case5013_02.png
2,/data/halyusuf/data/CataractData/semantic_segmentation/Annotations/Images-and-Supervisely-Annotations/case_5013/img/case5013_03.png,/data/halyusuf/data/CataractData/semantic_segmentation/Annotations/Images-and-Supervisely-Annotations/case_5013/mask_anatomy_inst/case5013_03.png
3,/data/halyusuf/data/CataractData/semantic_segmentation/Annotations/Images-and-Supervisely-Annotations/case_5013/img/case5013_04.png,/data/halyusuf/data/CataractData/semantic_segmentation/Annotations/Images-and-Supervisely-Annotations/case_5013/mask_anatomy_inst/case5013_04.png
4,/data/halyusuf/data/CataractData/semantic_segmentation/Annotations/Images-and-Supervisely-Annotations/case_5013/img/case5013_05.png,/data/halyusuf/data/CataractData/semantic_segmentation/Annotations/Images-and-Supervisely-Annotations/case_5013/mask_anatomy_inst/case5013_05.png
5,/data/halyusuf/data/CataractData/semantic_segmentation/Annotations/Images-and-Supervisely-Annotations/case_5013/img/case5013_06.png,/data/halyusuf/data/CataractData/semantic_segmentation/Annotations/Images-and-Supervisely-Annotations/case_5013/mask_anatomy_inst/case5013_06.png
6,/data/halyusuf/data/CataractData/semantic_segmentation/Annotations/Images-and-Supervisely-Annotations/case_5013/img/case5013_07.png,/data/halyusuf/data/CataractData/semantic_segmentation/Annotations/Images-and-Supervisely-Annotations/case_5013/mask_anatomy_inst/case5013_07.png
7,/data/halyusuf/data/CataractData/semantic_segmentation/Annotations/Images-and-Supervisely-Annotations/case_5013/img/case5013_08.png,/data/halyusuf/data/CataractData/semantic_segmentation/Annotations/Images-and-Supervisely-Annotations/case_5013/mask_anatomy_inst/case5013_08.png
8,/data/halyusuf/data/CataractData/semantic_segmentation/Annotations/Images-and-Supervisely-Annotations/case_5013/img/case5013_09.png,/data/halyusuf/data/CataractData/semantic_segmentation/Annotations/Images-and-Supervisely-Annotations/case_5013/mask_anatomy_inst/case5013_09.png
9,/data/halyusuf/data/CataractData/semantic_segmentation/Annotations/Images-and-Supervisely-Annotations/case_5013/img/case5013_10.png,/data/halyusuf/data/CataractData/semantic_segmentation/Annotations/Images-and-Supervisely-Annotations/case_5013/mask_anatomy_inst/case5013_10.png
10,/data/halyusuf/data/CataractData/semantic_segmentation/Annotations/Images-and-Supervisely-Annotations/case_5013/img/case5013_11.png,/data/halyusuf/data/CataractData/semantic_segmentation/Annotations/Images-and-Supervisely-Annotations/case_5013/mask_anatomy_inst/case5013_11.png
11,/data/halyusuf/data/CataractData/semantic_segmentation/Annotations/Images-and-Supervisely-Annotations/case_5013/img/case5013_12.png,/data/halyusuf/data/CataractData/semantic_segmentation/Annotations/Images-and-Supervisely-Annotations/case_5013/mask_anatomy_inst/case5013_12.png
12,/data/halyusuf/data/CataractData/semantic_segmentation/Annotations/Images-and-Supervisely-Annotations/case_5013/img/case5013_13.png,/data/halyusuf/data/CataractData/semantic_segmentation/Annotations/Images-and-Supervisely-Annotations/case_5013/mask_anatomy_inst/case5013_13.png
13,/data/halyusuf/data/CataractData/semantic_segmentation/Annotations/Images-and-Supervisely-Annotations/case_5013/img/case5013_14.png,/data/halyusuf/data/CataractData/semantic_segmentation/Annotations/Images-and-Supervisely-Annotations/case_5013/mask_anatomy_inst/case5013_14.png
14,/data/halyusuf/data/CataractData/semantic_segmentation/Annotations/Images-and-Supervisely-Annotations/case_5013/img/case5013_15.png,/data/halyusuf/data/CataractData/semantic_segmentation/Annotations/Images-and-Supervisely-Annotations/case_5013/mask_anatomy_inst/case5013_15.png
15,/data/halyusuf/data/CataractData/semantic_segmentation/Annotations/Images-and-Supervisely-Annotations/case_5013/img/case5013_16.png,/data/halyusuf/data/CataractData/semantic_segmentation/Annotations/Images-and-Supervisely-Annotations/case_5013/mask_anatomy_inst/case5013_16.png
16,/data/halyusuf/data/CataractData/semantic_segmentation/Annotations/Images-and-Supervisely-Annotations/case_5013/img/case5013_17.png,/data/halyusuf/data/CataractData/semantic_segmentation/Annotations/Images-and-Supervisely-Annotations/case_5013/mask_anatomy_inst/case5013_17.png
17,/data/halyusuf/data/CataractData/semantic_segmentation/Annotations/Images-and-Supervisely-Annotations/case_5013/img/case5013_18.png,/data/halyusuf/data/CataractData/semantic_segmentation/Annotations/Images-and-Supervisely-Annotations/case_5013/mask_anatomy_inst/case5013_18.png
18,/data/halyusuf/data/CataractData/semantic_segmentation/Annotations/Images-and-Supervisely-Annotations/case_5013/img/case5013_19.png,/data/halyusuf/data/CataractData/semantic_segmentation/Annotations/Images-and-Supervisely-Annotations/case_5013/mask_anatomy_inst/case5013_19.png
19,/data/halyusuf/data/CataractData/semantic_segmentation/Annotations/Images-and-Supervisely-Annotations/case_5013/img/case5013_20.png,/data/halyusuf/data/CataractData/semantic_segmentation/Annotations/Images-and-Supervisely-Annotations/case_5013/mask_anatomy_inst/case5013_20.png
20,/data/halyusuf/data/CataractData/semantic_segmentation/Annotations/Images-and-Supervisely-Annotations/case_5013/img/case5013_21.png,/data/halyusuf/data/CataractData/semantic_segmentation/Annotations/Images-and-Supervisely-Annotations/case_5013/mask_anatomy_inst/case5013_21.png
21,/data/halyusuf/data/CataractData/semantic_segmentation/Annotations/Images-and-Supervisely-Annotations/case_5013/img/case5013_22.png,/data/halyusuf/data/CataractData/semantic_segmentation/Annotations/Images-and-Supervisely-Annotations/case_5013/mask_anatomy_inst/case5013_22.png
22,/data/halyusuf/data/CataractData/semantic_segmentation/Annotations/Images-and-Supervisely-Annotations/case_5013/img/case5013_23.png,/data/halyusuf/data/CataractData/semantic_segmentation/Annotations/Images-and-Supervisely-Annotations/case_5013/mask_anatomy_inst/case5013_23.png
23,/data/halyusuf/data/CataractData/semantic_segmentation/Annotations/Images-and-Supervisely-Annotations/case_5013/img/case5013_24.png,/data/halyusuf/data/CataractData/semantic_segmentation/Annotations/Images-and-Supervisely-Annotations/case_5013/mask_anatomy_inst/case5013_24.png
24,/data/halyusuf/data/CataractData/semantic_segmentation/Annotations/Images-and-Supervisely-Annotations/case_5013/img/case5013_25.png,/data/halyusuf/data/CataractData/semantic_segmentation/Annotations/Images-and-Supervisely-Annotations/case_5013/mask_anatomy_inst/case5013_25.png
25,/data/halyusuf/data/CataractData/semantic_segmentation/Annotations/Images-and-Supervisely-Annotations/case_5013/img/case5013_26.png,/data/halyusuf/data/CataractData/semantic_segmentation/Annotations/Images-and-Supervisely-Annotations/case_5013/mask_anatomy_inst/case5013_26.png
26,/data/halyusuf/data/CataractData/semantic_segmentation/Annotations/Images-and-Supervisely-Annotations/case_5013/img/case5013_27.png,/data/halyusuf/data/CataractData/semantic_segmentation/Annotations/Images-and-Supervisely-Annotations/case_5013/mask_anatomy_inst/case5013_27.png
27,/data/halyusuf/data/CataractData/semantic_segmentation/Annotations/Images-and-Supervisely-Annotations/case_5013/img/case5013_28.png,/data/halyusuf/data/CataractData/semantic_segmentation/Annotations/Images-and-Supervisely-Annotations/case_5013/mask_anatomy_inst/case5013_28.png
28,/data/halyusuf/data/CataractData/semantic_segmentation/Annotations/Images-and-Supervisely-Annotations/case_5013/img/case5013_29.png,/data/halyusuf/data/CataractData/semantic_segmentation/Annotations/Images-and-Supervisely-Annotations/case_5013/mask_anatomy_inst/case5013_29.png
29,/data/halyusuf/data/CataractData/semantic_segmentation/Annotations/Images-and-Supervisely-Annotations/case_5013/img/case5013_30.png,/data/halyusuf/data/CataractData/semantic_segmentation/Annotations/Images-and-Supervisely-Annotations/case_5013/mask_anatomy_inst/case5013_30.png
30,/data/halyusuf/data/CataractData/semantic_segmentation/Annotations/Images-and-Supervisely-Annotations/case_5013/img/case5013_31.png,/data/halyusuf/data/CataractData/semantic_segmentation/Annotations/Images-and-Supervisely-Annotations/case_5013/mask_anatomy_inst/case5013_31.png
31,/data/halyusuf/data/CataractData/semantic_segmentation/Annotations/Images-and-Supervisely-Annotations/case_5013/img/case5013_32.png,/data/halyusuf/data/CataractData/semantic_segmentation/Annotations/Images-and-Supervisely-Annotations/case_5013/mask_anatomy_inst/case5013_32.png
32,/data/halyusuf/data/CataractData/semantic_segmentation/Annotations/Images-and-Supervisely-Annotations/case_5013/img/case5013_33.png,/data/halyusuf/data/CataractData/semantic_segmentation/Annotations/Images-and-Supervisely-Annotations/case_5013/mask_anatomy_inst/case5013_33.png
33,/data/halyusuf/data/CataractData/semantic_segmentation/Annotations/Images-and-Supervisely-Annotations/case_5013/img/case5013_34.png,/data/halyusuf/data/CataractData/semantic_segmentation/Annotations/Images-and-Supervisely-Annotations/case_5013/mask_anatomy_inst/case5013_34.png
34,/data/halyusuf/data/CataractData/semantic_segmentation/Annotations/Images-and-Supervisely-Annotations/case_5013/img/case5013_35.png,/data/halyusuf/data/CataractData/semantic_segmentation/Annotations/Images-and-Supervisely-Annotations/case_5013/mask_anatomy_inst/case5013_35.png
35,/data/halyusuf/data/CataractData/semantic_segmentation/Annotations/Images-and-Supervisely-Annotations/case_5013/img/case5013_36.png,/data/halyusuf/data/CataractData/semantic_segmentation/Annotations/Images-and-Supervisely-Annotations/case_5013/mask_anatomy_inst/case5013_36.png
36,/data/halyusuf/data/CataractData/semantic_segmentation/Annotations/Images-and-Supervisely-Annotations/case_5013/img/case5013_37.png,/data/halyusuf/data/CataractData/semantic_segmentation/Annotations/Images-and-Supervisely-Annotations/case_5013/mask_anatomy_inst/case5013_37.png
37,/data/halyusuf/data/CataractData/semantic_segmentation/Annotations/Images-and-Supervisely-Annotations/case_5013/img/case5013_38.png,/data/halyusuf/data/CataractData/semantic_segmentation/Annotations/Images-and-Supervisely-Annotations/case_5013/mask_anatomy_inst/case5013_38.png
38,/data/halyusuf/data/CataractData/semantic_segmentation/Annotations/Images-and-Supervisely-Annotations/case_5013/img/case5013_39.png,/data/halyusuf/data/CataractData/semantic_segmentation/Annotations/Images-and-Supervisely-Annotations/case_5013/mask_anatomy_inst/case5013_39.png
39,/data/halyusuf/data/CataractData/semantic_segmentation/Annotations/Images-and-Supervisely-Annotations/case_5013/img/case5013_40.png,/data/halyusuf/data/CataractData/semantic_segmentation/Annotations/Images-and-Supervisely-Annotations/case_5013/mask_anatomy_inst/case5013_40.png
40,/data/halyusuf/data/CataractData/semantic_segmentation/Annotations/Images-and-Supervisely-Annotations/case_5013/img/case5013_41.png,/data/halyusuf/data/CataractData/semantic_segmentation/Annotations/Images-and-Supervisely-Annotations/case_5013/mask_anatomy_inst/case5013_41.png
41,/data/halyusuf/data/CataractData/semantic_segmentation/Annotations/Images-and-Supervisely-Annotations/case_5013/img/case5013_42.png,/data/halyusuf/data/CataractData/semantic_segmentation/Annotations/Images-and-Supervisely-Annotations/case_5013/mask_anatomy_inst/case5013_42.png
42,/data/halyusuf/data/CataractData/semantic_segmentation/Annotations/Images-and-Supervisely-Annotations/case_5013/img/case5013_43.png,/data/halyusuf/data/CataractData/semantic_segmentation/Annotations/Images-and-Supervisely-Annotations/case_5013/mask_anatomy_inst/case5013_43.png
43,/data/halyusuf/data/CataractData/semantic_segmentation/Annotations/Images-and-Supervisely-Annotations/case_5013/img/case5013_44.png,/data/halyusuf/data/CataractData/semantic_segmentation/Annotations/Images-and-Supervisely-Annotations/case_5013/mask_anatomy_inst/case5013_44.png
44,/data/halyusuf/data/CataractData/semantic_segmentation/Annotations/Images-and-Supervisely-Annotations/case_5013/img/case5013_45.png,/data/halyusuf/data/CataractData/semantic_segmentation/Annotations/Images-and-Supervisely-Annotations/case_5013/mask_anatomy_inst/case5013_45.png
45,/data/halyusuf/data/CataractData/semantic_segmentation/Annotations/Images-and-Supervisely-Annotations/case_5013/img/case5013_46.png,/data/halyusuf/data/CataractData/semantic_segmentation/Annotations/Images-and-Supervisely-Annotations/case_5013/mask_anatomy_inst/case5013_46.png
46,/data/halyusuf/data/CataractData/semantic_segmentation/Annotations/Images-and-Supervisely-Annotations/case_5013/img/case5013_47.png,/data/halyusuf/data/CataractData/semantic_segmentation/Annotations/Images-and-Supervisely-Annotations/case_5013/mask_anatomy_inst/case5013_47.png
47,/data/halyusuf/data/CataractData/semantic_segmentation/Annotations/Images-and-Supervisely-Annotations/case_5013/img/case5013_48.png,/data/halyusuf/data/CataractData/semantic_segmentation/Annotations/Images-and-Supervisely-Annotations/case_5013/mask_anatomy_inst/case5013_48.png
48,/data/halyusuf/data/CataractData/semantic_segmentation/Annotations/Images-and-Supervisely-Annotations/case_5013/img/case5013_49.png,/data/halyusuf/data/CataractData/semantic_segmentation/Annotations/Images-and-Supervisely-Annotations/case_5013/mask_anatomy_inst/case5013_49.png
49,/data/halyusuf/data/CataractData/semantic_segmentation/Annotations/Images-and-Supervisely-Annotations/case_5013/img/case5013_50.png,/data/halyusuf/data/CataractData/semantic_segmentation/Annotations/Images-and-Supervisely-Annotations/case_5013/mask_anatomy_inst/case5013_50.png
50,/data/halyusuf/data/CataractData/semantic_segmentation/Annotations/Images-and-Supervisely-Annotations/case_5013/img/case5013_51.png,/data/halyusuf/data/CataractData/semantic_segmentation/Annotations/Images-and-Supervisely-Annotations/case_5013/mask_anatomy_inst/case5013_51.png
51,/data/halyusuf/data/CataractData/semantic_segmentation/Annotations/Images-and-Supervisely-Annotations/case_5013/img/case5013_52.png,/data/halyusuf/data/CataractData/semantic_segmentation/Annotations/Images-and-Supervisely-Annotations/case_5013/mask_anatomy_inst/case5013_52.png
52,/data/halyusuf/data/CataractData/semantic_segmentation/Annotations/Images-and-Supervisely-Annotations/case_5013/img/case5013_53.png,/data/halyusuf/data/CataractData/semantic_segmentation/Annotations/Images-and-Supervisely-Annotations/case_5013/mask_anatomy_inst/case5013_53.png
53,/data/halyusuf/data/CataractData/semantic_segmentation/Annotations/Images-and-Supervisely-Annotations/case_5013/img/case5013_54.png,/data/halyusuf/data/CataractData/semantic_segmentation/Annotations/Images-and-Supervisely-Annotations/case_5013/mask_anatomy_inst/case5013_54.png
54,/data/halyusuf/data/CataractData/semantic_segmentation/Annotations/Images-and-Supervisely-Annotations/case_5013/img/case5013_55.png,/data/halyusuf/data/CataractData/semantic_segmentation/Annotations/Images-and-Supervisely-Annotations/case_5013/mask_anatomy_inst/case5013_55.png
55,/data/halyusuf/data/CataractData/semantic_segmentation/Annotations/Images-and-Supervisely-Annotations/case_5013/img/case5013_56.png,/data/halyusuf/data/CataractData/semantic_segmentation/Annotations/Images-and-Supervisely-Annotations/case_5013/mask_anatomy_inst/case5013_56.png
56,/data/halyusuf/data/CataractData/semantic_segmentation/Annotations/Images-and-Supervisely-Annotations/case_5013/img/case5013_57.png,/data/halyusuf/data/CataractData/semantic_segmentation/Annotations/Images-and-Supervisely-Annotations/case_5013/mask_anatomy_inst/case5013_57.png
57,/data/halyusuf/data/CataractData/semantic_segmentation/Annotations/Images-and-Supervisely-Annotations/case_5013/img/case5013_58.png,/data/halyusuf/data/CataractData/semantic_segmentation/Annotations/Images-and-Supervisely-Annotations/case_5013/mask_anatomy_inst/case5013_58.png
58,/data/halyusuf/data/CataractData/semantic_segmentation/Annotations/Images-and-Supervisely-Annotations/case_5013/img/case5013_59.png,/data/halyusuf/data/CataractData/semantic_segmentation/Annotations/Images-and-Supervisely-Annotations/case_5013/mask_anatomy_inst/case5013_59.png
59,/data/halyusuf/data/CataractData/semantic_segmentation/Annotations/Images-and-Supervisely-Annotations/case_5013/img/case5013_60.png,/data/halyusuf/data/CataractData/semantic_segmentation/Annotations/Images-and-Supervisely-Annotations/case_5013/mask_anatomy_inst/case5013_60.png
60,/data/halyusuf/data/CataractData/semantic_segmentation/Annotations/Images-and-Supervisely-Annotations/case_5013/img/case5013_61.png,/data/halyusuf/data/CataractData/semantic_segmentation/Annotations/Images-and-Supervisely-Annotations/case_5013/mask_anatomy_inst/case5013_61.png
61,/data/halyusuf/data/CataractData/semantic_segmentation/Annotations/Images-and-Supervisely-Annotations/case_5013/img/case5013_62.png,/data/halyusuf/data/CataractData/semantic_segmentation/Annotations/Images-and-Supervisely-Annotations/case_5013/mask_anatomy_inst/case5013_62.png
62,/data/halyusuf/data/CataractData/semantic_segmentation/Annotations/Images-and-Supervisely-Annotations/case_5013/img/case5013_63.png,/data/halyusuf/data/CataractData/semantic_segmentation/Annotations/Images-and-Supervisely-Annotations/case_5013/mask_anatomy_inst/case5013_63.png
63,/data/halyusuf/data/CataractData/semantic_segmentation/Annotations/Images-and-Supervisely-Annotations/case_5013/img/case5013_64.png,/data/halyusuf/data/CataractData/semantic_segmentation/Annotations/Images-and-Supervisely-Annotations/case_5013/mask_anatomy_inst/case5013_64.png
64,/data/halyusuf/data/CataractData/semantic_segmentation/Annotations/Images-and-Supervisely-Annotations/case_5013/img/case5013_65.png,/data/halyusuf/data/CataractData/semantic_segmentation/Annotations/Images-and-Supervisely-Annotations/case_5013/mask_anatomy_inst/case5013_65.png
65,/data/halyusuf/data/CataractData/semantic_segmentation/Annotations/Images-and-Supervisely-Annotations/case_5013/img/case5013_66.png,/data/halyusuf/data/CataractData/semantic_segmentation/Annotations/Images-and-Supervisely-Annotations/case_5013/mask_anatomy_inst/case5013_66.png
66,/data/halyusuf/data/CataractData/semantic_segmentation/Annotations/Images-and-Supervisely-Annotations/case_5013/img/case5013_67.png,/data/halyusuf/data/CataractData/semantic_segmentation/Annotations/Images-and-Supervisely-Annotations/case_5013/mask_anatomy_inst/case5013_67.png
67,/data/halyusuf/data/CataractData/semantic_segmentation/Annotations/Images-and-Supervisely-Annotations/case_5013/img/case5013_68.png,/data/halyusuf/data/CataractData/semantic_segmentation/Annotations/Images-and-Supervisely-Annotations/case_5013/mask_anatomy_inst/case5013_68.png
68,/data/halyusuf/data/CataractData/semantic_segmentation/Annotations/Images-and-Supervisely-Annotations/case_5013/img/case5013_69.png,/data/halyusuf/data/CataractData/semantic_segmentation/Annotations/Images-and-Supervisely-Annotations/case_5013/mask_anatomy_inst/case5013_69.png
69,/data/halyusuf/data/CataractData/semantic_segmentation/Annotations/Images-and-Supervisely-Annotations/case_5016/img/case5016_01.png,/data/halyusuf/data/CataractData/semantic_segmentation/Annotations/Images-and-Supervisely-Annotations/case_5016/mask_anatomy_inst/case5016_01.png
70,/data/halyusuf/data/CataractData/semantic_segmentation/Annotations/Images-and-Supervisely-Annotations/case_5016/img/case5016_02.png,/data/halyusuf/data/CataractData/semantic_segmentation/Annotations/Images-and-Supervisely-Annotations/case_5016/mask_anatomy_inst/case5016_02.png
71,/data/halyusuf/data/CataractData/semantic_segmentation/Annotations/Images-and-Supervisely-Annotations/case_5016/img/case5016_03.png,/data/halyusuf/data/CataractData/semantic_segmentation/Annotations/Images-and-Supervisely-Annotations/case_5016/mask_anatomy_inst/case5016_03.png
72,/data/halyusuf/data/CataractData/semantic_segmentation/Annotations/Images-and-Supervisely-Annotations/case_5016/img/case5016_04.png,/data/halyusuf/data/CataractData/semantic_segmentation/Annotations/Images-and-Supervisely-Annotations/case_5016/mask_anatomy_inst/case5016_04.png
73,/data/halyusuf/data/CataractData/semantic_segmentation/Annotations/Images-and-Supervisely-Annotations/case_5016/img/case5016_05.png,/data/halyusuf/data/CataractData/semantic_segmentation/Annotations/Images-and-Supervisely-Annotations/case_5016/mask_anatomy_inst/case5016_05.png
74,/data/halyusuf/data/CataractData/semantic_segmentation/Annotations/Images-and-Supervisely-Annotations/case_5016/img/case5016_06.png,/data/halyusuf/data/CataractData/semantic_segmentation/Annotations/Images-and-Supervisely-Annotations/case_5016/mask_anatomy_inst/case5016_06.png
75,/data/halyusuf/data/CataractData/semantic_segmentation/Annotations/Images-and-Supervisely-Annotations/case_5016/img/case5016_07.png,/data/halyusuf/data/CataractData/semantic_segmentation/Annotations/Images-and-Supervisely-Annotations/case_5016/mask_anatomy_inst/case5016_07.png
76,/data/halyusuf/data/CataractData/semantic_segmentation/Annotations/Images-and-Supervisely-Annotations/case_5016/img/case5016_08.png,/data/halyusuf/data/CataractData/semantic_segmentation/Annotations/Images-and-Supervisely-Annotations/case_5016/mask_anatomy_inst/case5016_08.png
77,/data/halyusuf/data/CataractData/semantic_segmentation/Annotations/Images-and-Supervisely-Annotations/case_5016/img/case5016_09.png,/data/halyusuf/data/CataractData/semantic_segmentation/Annotations/Images-and-Supervisely-Annotations/case_5016/mask_anatomy_inst/case5016_09.png
78,/data/halyusuf/data/CataractData/semantic_segmentation/Annotations/Images-and-Supervisely-Annotations/case_5016/img/case5016_10.png,/data/halyusuf/data/CataractData/semantic_segmentation/Annotations/Images-and-Supervisely-Annotations/case_5016/mask_anatomy_inst/case5016_10.png
79,/data/halyusuf/data/CataractData/semantic_segmentation/Annotations/Images-and-Supervisely-Annotations/case_5016/img/case5016_11.png,/data/halyusuf/data/CataractData/semantic_segmentation/Annotations/Images-and-Supervisely-Annotations/case_5016/mask_anatomy_inst/case5016_11.png
80,/data/halyusuf/data/CataractData/semantic_segmentation/Annotations/Images-and-Supervisely-Annotations/case_5016/img/case5016_12.png,/data/halyusuf/data/CataractData/semantic_segmentation/Annotations/Images-and-Supervisely-Annotations/case_5016/mask_anatomy_inst/case5016_12.png
81,/data/halyusuf/data/CataractData/semantic_segmentation/Annotations/Images-and-Supervisely-Annotations/case_5016/img/case5016_13.png,/data/halyusuf/data/CataractData/semantic_segmentation/Annotations/Images-and-Supervisely-Annotations/case_5016/mask_anatomy_inst/case5016_13.png
82,/data/halyusuf/data/CataractData/semantic_segmentation/Annotations/Images-and-Supervisely-Annotations/case_5016/img/case5016_14.png,/data/halyusuf/data/CataractData/semantic_segmentation/Annotations/Images-and-Supervisely-Annotations/case_5016/mask_anatomy_inst/case5016_14.png
83,/data/halyusuf/data/CataractData/semantic_segmentation/Annotations/Images-and-Supervisely-Annotations/case_5016/img/case5016_15.png,/data/halyusuf/data/CataractData/semantic_segmentation/Annotations/Images-and-Supervisely-Annotations/case_5016/mask_anatomy_inst/case5016_15.png
84,/data/halyusuf/data/CataractData/semantic_segmentation/Annotations/Images-and-Supervisely-Annotations/case_5016/img/case5016_16.png,/data/halyusuf/data/CataractData/semantic_segmentation/Annotations/Images-and-Supervisely-Annotations/case_5016/mask_anatomy_inst/case5016_16.png
85,/data/halyusuf/data/CataractData/semantic_segmentation/Annotations/Images-and-Supervisely-Annotations/case_5016/img/case5016_17.png,/data/halyusuf/data/CataractData/semantic_segmentation/Annotations/Images-and-Supervisely-Annotations/case_5016/mask_anatomy_inst/case5016_17.png
86,/data/halyusuf/data/CataractData/semantic_segmentation/Annotations/Images-and-Supervisely-Annotations/case_5016/img/case5016_18.png,/data/halyusuf/data/CataractData/semantic_segmentation/Annotations/Images-and-Supervisely-Annotations/case_5016/mask_anatomy_inst/case5016_18.png
87,/data/halyusuf/data/CataractData/semantic_segmentation/Annotations/Images-and-Supervisely-Annotations/case_5016/img/case5016_19.png,/data/halyusuf/data/CataractData/semantic_segmentation/Annotations/Images-and-Supervisely-Annotations/case_5016/mask_anatomy_inst/case5016_19.png
88,/data/halyusuf/data/CataractData/semantic_segmentation/Annotations/Images-and-Supervisely-Annotations/case_5016/img/case5016_20.png,/data/halyusuf/data/CataractData/semantic_segmentation/Annotations/Images-and-Supervisely-Annotations/case_5016/mask_anatomy_inst/case5016_20.png
89,/data/halyusuf/data/CataractData/semantic_segmentation/Annotations/Images-and-Supervisely-Annotations/case_5016/img/case5016_21.png,/data/halyusuf/data/CataractData/semantic_segmentation/Annotations/Images-and-Supervisely-Annotations/case_5016/mask_anatomy_inst/case5016_21.png
90,/data/halyusuf/data/CataractData/semantic_segmentation/Annotations/Images-and-Supervisely-Annotations/case_5016/img/case5016_22.png,/data/halyusuf/data/CataractData/semantic_segmentation/Annotations/Images-and-Supervisely-Annotations/case_5016/mask_anatomy_inst/case5016_22.png
91,/data/halyusuf/data/CataractData/semantic_segmentation/Annotations/Images-and-Supervisely-Annotations/case_5016/img/case5016_23.png,/data/halyusuf/data/CataractData/semantic_segmentation/Annotations/Images-and-Supervisely-Annotations/case_5016/mask_anatomy_inst/case5016_23.png
92,/data/halyusuf/data/CataractData/semantic_segmentation/Annotations/Images-and-Supervisely-Annotations/case_5016/img/case5016_24.png,/data/halyusuf/data/CataractData/semantic_segmentation/Annotations/Images-and-Supervisely-Annotations/case_5016/mask_anatomy_inst/case5016_24.png
93,/data/halyusuf/data/CataractData/semantic_segmentation/Annotations/Images-and-Supervisely-Annotations/case_5016/img/case5016_25.png,/data/halyusuf/data/CataractData/semantic_segmentation/Annotations/Images-and-Supervisely-Annotations/case_5016/mask_anatomy_inst/case5016_25.png
94,/data/halyusuf/data/CataractData/semantic_segmentation/Annotations/Images-and-Supervisely-Annotations/case_5016/img/case5016_26.png,/data/halyusuf/data/CataractData/semantic_segmentation/Annotations/Images-and-Supervisely-Annotations/case_5016/mask_anatomy_inst/case5016_26.png
95,/data/halyusuf/data/CataractData/semantic_segmentation/Annotations/Images-and-Supervisely-Annotations/case_5016/img/case5016_27.png,/data/halyusuf/data/CataractData/semantic_segmentation/Annotations/Images-and-Supervisely-Annotations/case_5016/mask_anatomy_inst/case5016_27.png
96,/data/halyusuf/data/CataractData/semantic_segmentation/Annotations/Images-and-Supervisely-Annotations/case_5016/img/case5016_28.png,/data/halyusuf/data/CataractData/semantic_segmentation/Annotations/Images-and-Supervisely-Annotations/case_5016/mask_anatomy_inst/case5016_28.png
97,/data/halyusuf/data/CataractData/semantic_segmentation/Annotations/Images-and-Supervisely-Annotations/case_5016/img/case5016_29.png,/data/halyusuf/data/CataractData/semantic_segmentation/Annotations/Images-and-Supervisely-Annotations/case_5016/mask_anatomy_inst/case5016_29.png
98,/data/halyusuf/data/CataractData/semantic_segmentation/Annotations/Images-and-Supervisely-Annotations/case_5016/img/case5016_30.png,/data/halyusuf/data/CataractData/semantic_segmentation/Annotations/Images-and-Supervisely-Annotations/case_5016/mask_anatomy_inst/case5016_30.png
99,/data/halyusuf/data/CataractData/semantic_segmentation/Annotations/Images-and-Supervisely-Annotations/case_5016/img/case5016_31.png,/data/halyusuf/data/CataractData/semantic_segmentation/Annotations/Images-and-Supervisely-Annotations/case_5016/mask_anatomy_inst/case5016_31.png
100,/data/halyusuf/data/CataractData/semantic_segmentation/Annotations/Images-and-Supervisely-Annotations/case_5016/img/case5016_32.png,/data/halyusuf/data/CataractData/semantic_segmentation/Annotations/Images-and-Supervisely-Annotations/case_5016/mask_anatomy_inst/case5016_32.png
101,/data/halyusuf/data/CataractData/semantic_segmentation/Annotations/Images-and-Supervisely-Annotations/case_5016/img/case5016_33.png,/data/halyusuf/data/CataractData/semantic_segmentation/Annotations/Images-and-Supervisely-Annotations/case_5016/mask_anatomy_inst/case5016_33.png
102,/data/halyusuf/data/CataractData/semantic_segmentation/Annotations/Images-and-Supervisely-Annotations/case_5016/img/case5016_34.png,/data/halyusuf/data/CataractData/semantic_segmentation/Annotations/Images-and-Supervisely-Annotations/case_5016/mask_anatomy_inst/case5016_34.png
103,/data/halyusuf/data/CataractData/semantic_segmentation/Annotations/Images-and-Supervisely-Annotations/case_5016/img/case5016_35.png,/data/halyusuf/data/CataractData/semantic_segmentation/Annotations/Images-and-Supervisely-Annotations/case_5016/mask_anatomy_inst/case5016_35.png
104,/data/halyusuf/data/CataractData/semantic_segmentation/Annotations/Images-and-Supervisely-Annotations/case_5016/img/case5016_36.png,/data/halyusuf/data/CataractData/semantic_segmentation/Annotations/Images-and-Supervisely-Annotations/case_5016/mask_anatomy_inst/case5016_36.png
105,/data/halyusuf/data/CataractData/semantic_segmentation/Annotations/Images-and-Supervisely-Annotations/case_5016/img/case5016_37.png,/data/halyusuf/data/CataractData/semantic_segmentation/Annotations/Images-and-Supervisely-Annotations/case_5016/mask_anatomy_inst/case5016_37.png
106,/data/halyusuf/data/CataractData/semantic_segmentation/Annotations/Images-and-Supervisely-Annotations/case_5016/img/case5016_38.png,/data/halyusuf/data/CataractData/semantic_segmentation/Annotations/Images-and-Supervisely-Annotations/case_5016/mask_anatomy_inst/case5016_38.png
107,/data/halyusuf/data/CataractData/semantic_segmentation/Annotations/Images-and-Supervisely-Annotations/case_5016/img/case5016_39.png,/data/halyusuf/data/CataractData/semantic_segmentation/Annotations/Images-and-Supervisely-Annotations/case_5016/mask_anatomy_inst/case5016_39.png
108,/data/halyusuf/data/CataractData/semantic_segmentation/Annotations/Images-and-Supervisely-Annotations/case_5016/img/case5016_40.png,/data/halyusuf/data/CataractData/semantic_segmentation/Annotations/Images-and-Supervisely-Annotations/case_5016/mask_anatomy_inst/case5016_40.png
109,/data/halyusuf/data/CataractData/semantic_segmentation/Annotations/Images-and-Supervisely-Annotations/case_5016/img/case5016_41.png,/data/halyusuf/data/CataractData/semantic_segmentation/Annotations/Images-and-Supervisely-Annotations/case_5016/mask_anatomy_inst/case5016_41.png
110,/data/halyusuf/data/CataractData/semantic_segmentation/Annotations/Images-and-Supervisely-Annotations/case_5016/img/case5016_42.png,/data/halyusuf/data/CataractData/semantic_segmentation/Annotations/Images-and-Supervisely-Annotations/case_5016/mask_anatomy_inst/case5016_42.png
111,/data/halyusuf/data/CataractData/semantic_segmentation/Annotations/Images-and-Supervisely-Annotations/case_5016/img/case5016_43.png,/data/halyusuf/data/CataractData/semantic_segmentation/Annotations/Images-and-Supervisely-Annotations/case_5016/mask_anatomy_inst/case5016_43.png
112,/data/halyusuf/data/CataractData/semantic_segmentation/Annotations/Images-and-Supervisely-Annotations/case_5016/img/case5016_44.png,/data/halyusuf/data/CataractData/semantic_segmentation/Annotations/Images-and-Supervisely-Annotations/case_5016/mask_anatomy_inst/case5016_44.png
113,/data/halyusuf/data/CataractData/semantic_segmentation/Annotations/Images-and-Supervisely-Annotations/case_5016/img/case5016_45.png,/data/halyusuf/data/CataractData/semantic_segmentation/Annotations/Images-and-Supervisely-Annotations/case_5016/mask_anatomy_inst/case5016_45.png
114,/data/halyusuf/data/CataractData/semantic_segmentation/Annotations/Images-and-Supervisely-Annotations/case_5016/img/case5016_46.png,/data/halyusuf/data/CataractData/semantic_segmentation/Annotations/Images-and-Supervisely-Annotations/case_5016/mask_anatomy_inst/case5016_46.png
115,/data/halyusuf/data/CataractData/semantic_segmentation/Annotations/Images-and-Supervisely-Annotations/case_5016/img/case5016_47.png,/data/halyusuf/data/CataractData/semantic_segmentation/Annotations/Images-and-Supervisely-Annotations/case_5016/mask_anatomy_inst/case5016_47.png
116,/data/halyusuf/data/CataractData/semantic_segmentation/Annotations/Images-and-Supervisely-Annotations/case_5016/img/case5016_48.png,/data/halyusuf/data/CataractData/semantic_segmentation/Annotations/Images-and-Supervisely-Annotations/case_5016/mask_anatomy_inst/case5016_48.png
117,/data/halyusuf/data/CataractData/semantic_segmentation/Annotations/Images-and-Supervisely-Annotations/case_5016/img/case5016_49.png,/data/halyusuf/data/CataractData/semantic_segmentation/Annotations/Images-and-Supervisely-Annotations/case_5016/mask_anatomy_inst/case5016_49.png
118,/data/halyusuf/data/CataractData/semantic_segmentation/Annotations/Images-and-Supervisely-Annotations/case_5016/img/case5016_50.png,/data/halyusuf/data/CataractData/semantic_segmentation/Annotations/Images-and-Supervisely-Annotations/case_5016/mask_anatomy_inst/case5016_50.png
119,/data/halyusuf/data/CataractData/semantic_segmentation/Annotations/Images-and-Supervisely-Annotations/case_5016/img/case5016_51.png,/data/halyusuf/data/CataractData/semantic_segmentation/Annotations/Images-and-Supervisely-Annotations/case_5016/mask_anatomy_inst/case5016_51.png
120,/data/halyusuf/data/CataractData/semantic_segmentation/Annotations/Images-and-Supervisely-Annotations/case_5016/img/case5016_52.png,/data/halyusuf/data/CataractData/semantic_segmentation/Annotations/Images-and-Supervisely-Annotations/case_5016/mask_anatomy_inst/case5016_52.png
121,/data/halyusuf/data/CataractData/semantic_segmentation/Annotations/Images-and-Supervisely-Annotations/case_5016/img/case5016_53.png,/data/halyusuf/data/CataractData/semantic_segmentation/Annotations/Images-and-Supervisely-Annotations/case_5016/mask_anatomy_inst/case5016_53.png
122,/data/halyusuf/data/CataractData/semantic_segmentation/Annotations/Images-and-Supervisely-Annotations/case_5016/img/case5016_54.png,/data/halyusuf/data/CataractData/semantic_segmentation/Annotations/Images-and-Supervisely-Annotations/case_5016/mask_anatomy_inst/case5016_54.png
123,/data/halyusuf/data/CataractData/semantic_segmentation/Annotations/Images-and-Supervisely-Annotations/case_5016/img/case5016_55.png,/data/halyusuf/data/CataractData/semantic_segmentation/Annotations/Images-and-Supervisely-Annotations/case_5016/mask_anatomy_inst/case5016_55.png
124,/data/halyusuf/data/CataractData/semantic_segmentation/Annotations/Images-and-Supervisely-Annotations/case_5016/img/case5016_56.png,/data/halyusuf/data/CataractData/semantic_segmentation/Annotations/Images-and-Supervisely-Annotations/case_5016/mask_anatomy_inst/case5016_56.png
125,/data/halyusuf/data/CataractData/semantic_segmentation/Annotations/Images-and-Supervisely-Annotations/case_5016/img/case5016_57.png,/data/halyusuf/data/CataractData/semantic_segmentation/Annotations/Images-and-Supervisely-Annotations/case_5016/mask_anatomy_inst/case5016_57.png
126,/data/halyusuf/data/CataractData/semantic_segmentation/Annotations/Images-and-Supervisely-Annotations/case_5016/img/case5016_58.png,/data/halyusuf/data/CataractData/semantic_segmentation/Annotations/Images-and-Supervisely-Annotations/case_5016/mask_anatomy_inst/case5016_58.png
127,/data/halyusuf/data/CataractData/semantic_segmentation/Annotations/Images-and-Supervisely-Annotations/case_5016/img/case5016_59.png,/data/halyusuf/data/CataractData/semantic_segmentation/Annotations/Images-and-Supervisely-Annotations/case_5016/mask_anatomy_inst/case5016_59.png
128,/data/halyusuf/data/CataractData/semantic_segmentation/Annotations/Images-and-Supervisely-Annotations/case_5016/img/case5016_60.png,/data/halyusuf/data/CataractData/semantic_segmentation/Annotations/Images-and-Supervisely-Annotations/case_5016/mask_anatomy_inst/case5016_60.png
129,/data/halyusuf/data/CataractData/semantic_segmentation/Annotations/Images-and-Supervisely-Annotations/case_5016/img/case5016_61.png,/data/halyusuf/data/CataractData/semantic_segmentation/Annotations/Images-and-Supervisely-Annotations/case_5016/mask_anatomy_inst/case5016_61.png
130,/data/halyusuf/data/CataractData/semantic_segmentation/Annotations/Images-and-Supervisely-Annotations/case_5016/img/case5016_62.png,/data/halyusuf/data/CataractData/semantic_segmentation/Annotations/Images-and-Supervisely-Annotations/case_5016/mask_anatomy_inst/case5016_62.png
131,/data/halyusuf/data/CataractData/semantic_segmentation/Annotations/Images-and-Supervisely-Annotations/case_5016/img/case5016_63.png,/data/halyusuf/data/CataractData/semantic_segmentation/Annotations/Images-and-Supervisely-Annotations/case_5016/mask_anatomy_inst/case5016_63.png
132,/data/halyusuf/data/CataractData/semantic_segmentation/Annotations/Images-and-Supervisely-Annotations/case_5016/img/case5016_64.png,/data/halyusuf/data/CataractData/semantic_segmentation/Annotations/Images-and-Supervisely-Annotations/case_5016/mask_anatomy_inst/case5016_64.png
133,/data/halyusuf/data/CataractData/semantic_segmentation/Annotations/Images-and-Supervisely-Annotations/case_5016/img/case5016_65.png,/data/halyusuf/data/CataractData/semantic_segmentation/Annotations/Images-and-Supervisely-Annotations/case_5016/mask_anatomy_inst/case5016_65.png
134,/data/halyusuf/data/CataractData/semantic_segmentation/Annotations/Images-and-Supervisely-Annotations/case_5016/img/case5016_66.png,/data/halyusuf/data/CataractData/semantic_segmentation/Annotations/Images-and-Supervisely-Annotations/case_5016/mask_anatomy_inst/case5016_66.png
135,/data/halyusuf/data/CataractData/semantic_segmentation/Annotations/Images-and-Supervisely-Annotations/case_5016/img/case5016_67.png,/data/halyusuf/data/CataractData/semantic_segmentation/Annotations/Images-and-Supervisely-Annotations/case_5016/mask_anatomy_inst/case5016_67.png
136,/data/halyusuf/data/CataractData/semantic_segmentation/Annotations/Images-and-Supervisely-Annotations/case_5016/img/case5016_68.png,/data/halyusuf/data/CataractData/semantic_segmentation/Annotations/Images-and-Supervisely-Annotations/case_5016/mask_anatomy_inst/case5016_68.png
137,/data/halyusuf/data/CataractData/semantic_segmentation/Annotations/Images-and-Supervisely-Annotations/case_5016/img/case5016_69.png,/data/halyusuf/data/CataractData/semantic_segmentation/Annotations/Images-and-Supervisely-Annotations/case_5016/mask_anatomy_inst/case5016_69.png
138,/data/halyusuf/data/CataractData/semantic_segmentation/Annotations/Images-and-Supervisely-Annotations/case_5016/img/case5016_70.png,/data/halyusuf/data/CataractData/semantic_segmentation/Annotations/Images-and-Supervisely-Annotations/case_5016/mask_anatomy_inst/case5016_70.png
139,/data/halyusuf/data/CataractData/semantic_segmentation/Annotations/Images-and-Supervisely-Annotations/case_5016/img/case5016_71.png,/data/halyusuf/data/CataractData/semantic_segmentation/Annotations/Images-and-Supervisely-Annotations/case_5016/mask_anatomy_inst/case5016_71.png
140,/data/halyusuf/data/CataractData/semantic_segmentation/Annotations/Images-and-Supervisely-Annotations/case_5016/img/case5016_72.png,/data/halyusuf/data/CataractData/semantic_segmentation/Annotations/Images-and-Supervisely-Annotations/case_5016/mask_anatomy_inst/case5016_72.png
141,/data/halyusuf/data/CataractData/semantic_segmentation/Annotations/Images-and-Supervisely-Annotations/case_5016/img/case5016_73.png,/data/halyusuf/data/CataractData/semantic_segmentation/Annotations/Images-and-Supervisely-Annotations/case_5016/mask_anatomy_inst/case5016_73.png
142,/data/halyusuf/data/CataractData/semantic_segmentation/Annotations/Images-and-Supervisely-Annotations/case_5016/img/case5016_74.png,/data/halyusuf/data/CataractData/semantic_segmentation/Annotations/Images-and-Supervisely-Annotations/case_5016/mask_anatomy_inst/case5016_74.png
143,/data/halyusuf/data/CataractData/semantic_segmentation/Annotations/Images-and-Supervisely-Annotations/case_5016/img/case5016_75.png,/data/halyusuf/data/CataractData/semantic_segmentation/Annotations/Images-and-Supervisely-Annotations/case_5016/mask_anatomy_inst/case5016_75.png
144,/data/halyusuf/data/CataractData/semantic_segmentation/Annotations/Images-and-Supervisely-Annotations/case_5057/img/case5057_01.png,/data/halyusuf/data/CataractData/semantic_segmentation/Annotations/Images-and-Supervisely-Annotations/case_5057/mask_anatomy_inst/case5057_01.png
145,/data/halyusuf/data/CataractData/semantic_segmentation/Annotations/Images-and-Supervisely-Annotations/case_5057/img/case5057_02.png,/data/halyusuf/data/CataractData/semantic_segmentation/Annotations/Images-and-Supervisely-Annotations/case_5057/mask_anatomy_inst/case5057_02.png
146,/data/halyusuf/data/CataractData/semantic_segmentation/Annotations/Images-and-Supervisely-Annotations/case_5057/img/case5057_03.png,/data/halyusuf/data/CataractData/semantic_segmentation/Annotations/Images-and-Supervisely-Annotations/case_5057/mask_anatomy_inst/case5057_03.png
147,/data/halyusuf/data/CataractData/semantic_segmentation/Annotations/Images-and-Supervisely-Annotations/case_5057/img/case5057_04.png,/data/halyusuf/data/CataractData/semantic_segmentation/Annotations/Images-and-Supervisely-Annotations/case_5057/mask_anatomy_inst/case5057_04.png
148,/data/halyusuf/data/CataractData/semantic_segmentation/Annotations/Images-and-Supervisely-Annotations/case_5057/img/case5057_05.png,/data/halyusuf/data/CataractData/semantic_segmentation/Annotations/Images-and-Supervisely-Annotations/case_5057/mask_anatomy_inst/case5057_05.png
149,/data/halyusuf/data/CataractData/semantic_segmentation/Annotations/Images-and-Supervisely-Annotations/case_5057/img/case5057_06.png,/data/halyusuf/data/CataractData/semantic_segmentation/Annotations/Images-and-Supervisely-Annotations/case_5057/mask_anatomy_inst/case5057_06.png
150,/data/halyusuf/data/CataractData/semantic_segmentation/Annotations/Images-and-Supervisely-Annotations/case_5057/img/case5057_07.png,/data/halyusuf/data/CataractData/semantic_segmentation/Annotations/Images-and-Supervisely-Annotations/case_5057/mask_anatomy_inst/case5057_07.png
151,/data/halyusuf/data/CataractData/semantic_segmentation/Annotations/Images-and-Supervisely-Annotations/case_5057/img/case5057_08.png,/data/halyusuf/data/CataractData/semantic_segmentation/Annotations/Images-and-Supervisely-Annotations/case_5057/mask_anatomy_inst/case5057_08.png
152,/data/halyusuf/data/CataractData/semantic_segmentation/Annotations/Images-and-Supervisely-Annotations/case_5057/img/case5057_09.png,/data/halyusuf/data/CataractData/semantic_segmentation/Annotations/Images-and-Supervisely-Annotations/case_5057/mask_anatomy_inst/case5057_09.png
153,/data/halyusuf/data/CataractData/semantic_segmentation/Annotations/Images-and-Supervisely-Annotations/case_5057/img/case5057_10.png,/data/halyusuf/data/CataractData/semantic_segmentation/Annotations/Images-and-Supervisely-Annotations/case_5057/mask_anatomy_inst/case5057_10.png
154,/data/halyusuf/data/CataractData/semantic_segmentation/Annotations/Images-and-Supervisely-Annotations/case_5057/img/case5057_11.png,/data/halyusuf/data/CataractData/semantic_segmentation/Annotations/Images-and-Supervisely-Annotations/case_5057/mask_anatomy_inst/case5057_11.png
155,/data/halyusuf/data/CataractData/semantic_segmentation/Annotations/Images-and-Supervisely-Annotations/case_5057/img/case5057_12.png,/data/halyusuf/data/CataractData/semantic_segmentation/Annotations/Images-and-Supervisely-Annotations/case_5057/mask_anatomy_inst/case5057_12.png
156,/data/halyusuf/data/CataractData/semantic_segmentation/Annotations/Images-and-Supervisely-Annotations/case_5057/img/case5057_13.png,/data/halyusuf/data/CataractData/semantic_segmentation/Annotations/Images-and-Supervisely-Annotations/case_5057/mask_anatomy_inst/case5057_13.png
157,/data/halyusuf/data/CataractData/semantic_segmentation/Annotations/Images-and-Supervisely-Annotations/case_5057/img/case5057_14.png,/data/halyusuf/data/CataractData/semantic_segmentation/Annotations/Images-and-Supervisely-Annotations/case_5057/mask_anatomy_inst/case5057_14.png
158,/data/halyusuf/data/CataractData/semantic_segmentation/Annotations/Images-and-Supervisely-Annotations/case_5057/img/case5057_15.png,/data/halyusuf/data/CataractData/semantic_segmentation/Annotations/Images-and-Supervisely-Annotations/case_5057/mask_anatomy_inst/case5057_15.png
159,/data/halyusuf/data/CataractData/semantic_segmentation/Annotations/Images-and-Supervisely-Annotations/case_5057/img/case5057_16.png,/data/halyusuf/data/CataractData/semantic_segmentation/Annotations/Images-and-Supervisely-Annotations/case_5057/mask_anatomy_inst/case5057_16.png
160,/data/halyusuf/data/CataractData/semantic_segmentation/Annotations/Images-and-Supervisely-Annotations/case_5057/img/case5057_17.png,/data/halyusuf/data/CataractData/semantic_segmentation/Annotations/Images-and-Supervisely-Annotations/case_5057/mask_anatomy_inst/case5057_17.png
161,/data/halyusuf/data/CataractData/semantic_segmentation/Annotations/Images-and-Supervisely-Annotations/case_5057/img/case5057_18.png,/data/halyusuf/data/CataractData/semantic_segmentation/Annotations/Images-and-Supervisely-Annotations/case_5057/mask_anatomy_inst/case5057_18.png
162,/data/halyusuf/data/CataractData/semantic_segmentation/Annotations/Images-and-Supervisely-Annotations/case_5057/img/case5057_19.png,/data/halyusuf/data/CataractData/semantic_segmentation/Annotations/Images-and-Supervisely-Annotations/case_5057/mask_anatomy_inst/case5057_19.png
163,/data/halyusuf/data/CataractData/semantic_segmentation/Annotations/Images-and-Supervisely-Annotations/case_5057/img/case5057_20.png,/data/halyusuf/data/CataractData/semantic_segmentation/Annotations/Images-and-Supervisely-Annotations/case_5057/mask_anatomy_inst/case5057_20.png
164,/data/halyusuf/data/CataractData/semantic_segmentation/Annotations/Images-and-Supervisely-Annotations/case_5057/img/case5057_21.png,/data/halyusuf/data/CataractData/semantic_segmentation/Annotations/Images-and-Supervisely-Annotations/case_5057/mask_anatomy_inst/case5057_21.png
165,/data/halyusuf/data/CataractData/semantic_segmentation/Annotations/Images-and-Supervisely-Annotations/case_5057/img/case5057_22.png,/data/halyusuf/data/CataractData/semantic_segmentation/Annotations/Images-and-Supervisely-Annotations/case_5057/mask_anatomy_inst/case5057_22.png
166,/data/halyusuf/data/CataractData/semantic_segmentation/Annotations/Images-and-Supervisely-Annotations/case_5057/img/case5057_23.png,/data/halyusuf/data/CataractData/semantic_segmentation/Annotations/Images-and-Supervisely-Annotations/case_5057/mask_anatomy_inst/case5057_23.png
167,/data/halyusuf/data/CataractData/semantic_segmentation/Annotations/Images-and-Supervisely-Annotations/case_5057/img/case5057_24.png,/data/halyusuf/data/CataractData/semantic_segmentation/Annotations/Images-and-Supervisely-Annotations/case_5057/mask_anatomy_inst/case5057_24.png
168,/data/halyusuf/data/CataractData/semantic_segmentation/Annotations/Images-and-Supervisely-Annotations/case_5057/img/case5057_25.png,/data/halyusuf/data/CataractData/semantic_segmentation/Annotations/Images-and-Supervisely-Annotations/case_5057/mask_anatomy_inst/case5057_25.png
169,/data/halyusuf/data/CataractData/semantic_segmentation/Annotations/Images-and-Supervisely-Annotations/case_5057/img/case5057_26.png,/data/halyusuf/data/CataractData/semantic_segmentation/Annotations/Images-and-Supervisely-Annotations/case_5057/mask_anatomy_inst/case5057_26.png
170,/data/halyusuf/data/CataractData/semantic_segmentation/Annotations/Images-and-Supervisely-Annotations/case_5057/img/case5057_27.png,/data/halyusuf/data/CataractData/semantic_segmentation/Annotations/Images-and-Supervisely-Annotations/case_5057/mask_anatomy_inst/case5057_27.png
171,/data/halyusuf/data/CataractData/semantic_segmentation/Annotations/Images-and-Supervisely-Annotations/case_5057/img/case5057_28.png,/data/halyusuf/data/CataractData/semantic_segmentation/Annotations/Images-and-Supervisely-Annotations/case_5057/mask_anatomy_inst/case5057_28.png
172,/data/halyusuf/data/CataractData/semantic_segmentation/Annotations/Images-and-Supervisely-Annotations/case_5057/img/case5057_29.png,/data/halyusuf/data/CataractData/semantic_segmentation/Annotations/Images-and-Supervisely-Annotations/case_5057/mask_anatomy_inst/case5057_29.png
173,/data/halyusuf/data/CataractData/semantic_segmentation/Annotations/Images-and-Supervisely-Annotations/case_5057/img/case5057_30.png,/data/halyusuf/data/CataractData/semantic_segmentation/Annotations/Images-and-Supervisely-Annotations/case_5057/mask_anatomy_inst/case5057_30.png
174,/data/halyusuf/data/CataractData/semantic_segmentation/Annotations/Images-and-Supervisely-Annotations/case_5057/img/case5057_31.png,/data/halyusuf/data/CataractData/semantic_segmentation/Annotations/Images-and-Supervisely-Annotations/case_5057/mask_anatomy_inst/case5057_31.png
175,/data/halyusuf/data/CataractData/semantic_segmentation/Annotations/Images-and-Supervisely-Annotations/case_5057/img/case5057_32.png,/data/halyusuf/data/CataractData/semantic_segmentation/Annotations/Images-and-Supervisely-Annotations/case_5057/mask_anatomy_inst/case5057_32.png
176,/data/halyusuf/data/CataractData/semantic_segmentation/Annotations/Images-and-Supervisely-Annotations/case_5057/img/case5057_33.png,/data/halyusuf/data/CataractData/semantic_segmentation/Annotations/Images-and-Supervisely-Annotations/case_5057/mask_anatomy_inst/case5057_33.png
177,/data/halyusuf/data/CataractData/semantic_segmentation/Annotations/Images-and-Supervisely-Annotations/case_5057/img/case5057_34.png,/data/halyusuf/data/CataractData/semantic_segmentation/Annotations/Images-and-Supervisely-Annotations/case_5057/mask_anatomy_inst/case5057_34.png
178,/data/halyusuf/data/CataractData/semantic_segmentation/Annotations/Images-and-Supervisely-Annotations/case_5057/img/case5057_35.png,/data/halyusuf/data/CataractData/semantic_segmentation/Annotations/Images-and-Supervisely-Annotations/case_5057/mask_anatomy_inst/case5057_35.png
179,/data/halyusuf/data/CataractData/semantic_segmentation/Annotations/Images-and-Supervisely-Annotations/case_5057/img/case5057_36.png,/data/halyusuf/data/CataractData/semantic_segmentation/Annotations/Images-and-Supervisely-Annotations/case_5057/mask_anatomy_inst/case5057_36.png
180,/data/halyusuf/data/CataractData/semantic_segmentation/Annotations/Images-and-Supervisely-Annotations/case_5057/img/case5057_37.png,/data/halyusuf/data/CataractData/semantic_segmentation/Annotations/Images-and-Supervisely-Annotations/case_5057/mask_anatomy_inst/case5057_37.png
181,/data/halyusuf/data/CataractData/semantic_segmentation/Annotations/Images-and-Supervisely-Annotations/case_5057/img/case5057_38.png,/data/halyusuf/data/CataractData/semantic_segmentation/Annotations/Images-and-Supervisely-Annotations/case_5057/mask_anatomy_inst/case5057_38.png
182,/data/halyusuf/data/CataractData/semantic_segmentation/Annotations/Images-and-Supervisely-Annotations/case_5057/img/case5057_39.png,/data/halyusuf/data/CataractData/semantic_segmentation/Annotations/Images-and-Supervisely-Annotations/case_5057/mask_anatomy_inst/case5057_39.png
183,/data/halyusuf/data/CataractData/semantic_segmentation/Annotations/Images-and-Supervisely-Annotations/case_5057/img/case5057_40.png,/data/halyusuf/data/CataractData/semantic_segmentation/Annotations/Images-and-Supervisely-Annotations/case_5057/mask_anatomy_inst/case5057_40.png
184,/data/halyusuf/data/CataractData/semantic_segmentation/Annotations/Images-and-Supervisely-Annotations/case_5057/img/case5057_41.png,/data/halyusuf/data/CataractData/semantic_segmentation/Annotations/Images-and-Supervisely-Annotations/case_5057/mask_anatomy_inst/case5057_41.png
185,/data/halyusuf/data/CataractData/semantic_segmentation/Annotations/Images-and-Supervisely-Annotations/case_5057/img/case5057_42.png,/data/halyusuf/data/CataractData/semantic_segmentation/Annotations/Images-and-Supervisely-Annotations/case_5057/mask_anatomy_inst/case5057_42.png
186,/data/halyusuf/data/CataractData/semantic_segmentation/Annotations/Images-and-Supervisely-Annotations/case_5057/img/case5057_43.png,/data/halyusuf/data/CataractData/semantic_segmentation/Annotations/Images-and-Supervisely-Annotations/case_5057/mask_anatomy_inst/case5057_43.png
187,/data/halyusuf/data/CataractData/semantic_segmentation/Annotations/Images-and-Supervisely-Annotations/case_5057/img/case5057_44.png,/data/halyusuf/data/CataractData/semantic_segmentation/Annotations/Images-and-Supervisely-Annotations/case_5057/mask_anatomy_inst/case5057_44.png
188,/data/halyusuf/data/CataractData/semantic_segmentation/Annotations/Images-and-Supervisely-Annotations/case_5057/img/case5057_45.png,/data/halyusuf/data/CataractData/semantic_segmentation/Annotations/Images-and-Supervisely-Annotations/case_5057/mask_anatomy_inst/case5057_45.png
189,/data/halyusuf/data/CataractData/semantic_segmentation/Annotations/Images-and-Supervisely-Annotations/case_5057/img/case5057_46.png,/data/halyusuf/data/CataractData/semantic_segmentation/Annotations/Images-and-Supervisely-Annotations/case_5057/mask_anatomy_inst/case5057_46.png
190,/data/halyusuf/data/CataractData/semantic_segmentation/Annotations/Images-and-Supervisely-Annotations/case_5057/img/case5057_47.png,/data/halyusuf/data/CataractData/semantic_segmentation/Annotations/Images-and-Supervisely-Annotations/case_5057/mask_anatomy_inst/case5057_47.png
191,/data/halyusuf/data/CataractData/semantic_segmentation/Annotations/Images-and-Supervisely-Annotations/case_5057/img/case5057_48.png,/data/halyusuf/data/CataractData/semantic_segmentation/Annotations/Images-and-Supervisely-Annotations/case_5057/mask_anatomy_inst/case5057_48.png
192,/data/halyusuf/data/CataractData/semantic_segmentation/Annotations/Images-and-Supervisely-Annotations/case_5057/img/case5057_49.png,/data/halyusuf/data/CataractData/semantic_segmentation/Annotations/Images-and-Supervisely-Annotations/case_5057/mask_anatomy_inst/case5057_49.png
193,/data/halyusuf/data/CataractData/semantic_segmentation/Annotations/Images-and-Supervisely-Annotations/case_5057/img/case5057_50.png,/data/halyusuf/data/CataractData/semantic_segmentation/Annotations/Images-and-Supervisely-Annotations/case_5057/mask_anatomy_inst/case5057_50.png
194,/data/halyusuf/data/CataractData/semantic_segmentation/Annotations/Images-and-Supervisely-Annotations/case_5057/img/case5057_51.png,/data/halyusuf/data/CataractData/semantic_segmentation/Annotations/Images-and-Supervisely-Annotations/case_5057/mask_anatomy_inst/case5057_51.png
195,/data/halyusuf/data/CataractData/semantic_segmentation/Annotations/Images-and-Supervisely-Annotations/case_5057/img/case5057_52.png,/data/halyusuf/data/CataractData/semantic_segmentation/Annotations/Images-and-Supervisely-Annotations/case_5057/mask_anatomy_inst/case5057_52.png
196,/data/halyusuf/data/CataractData/semantic_segmentation/Annotations/Images-and-Supervisely-Annotations/case_5057/img/case5057_53.png,/data/halyusuf/data/CataractData/semantic_segmentation/Annotations/Images-and-Supervisely-Annotations/case_5057/mask_anatomy_inst/case5057_53.png
197,/data/halyusuf/data/CataractData/semantic_segmentation/Annotations/Images-and-Supervisely-Annotations/case_5057/img/case5057_54.png,/data/halyusuf/data/CataractData/semantic_segmentation/Annotations/Images-and-Supervisely-Annotations/case_5057/mask_anatomy_inst/case5057_54.png
198,/data/halyusuf/data/CataractData/semantic_segmentation/Annotations/Images-and-Supervisely-Annotations/case_5057/img/case5057_55.png,/data/halyusuf/data/CataractData/semantic_segmentation/Annotations/Images-and-Supervisely-Annotations/case_5057/mask_anatomy_inst/case5057_55.png
199,/data/halyusuf/data/CataractData/semantic_segmentation/Annotations/Images-and-Supervisely-Annotations/case_5057/img/case5057_56.png,/data/halyusuf/data/CataractData/semantic_segmentation/Annotations/Images-and-Supervisely-Annotations/case_5057/mask_anatomy_inst/case5057_56.png
200,/data/halyusuf/data/CataractData/semantic_segmentation/Annotations/Images-and-Supervisely-Annotations/case_5057/img/case5057_57.png,/data/halyusuf/data/CataractData/semantic_segmentation/Annotations/Images-and-Supervisely-Annotations/case_5057/mask_anatomy_inst/case5057_57.png
201,/data/halyusuf/data/CataractData/semantic_segmentation/Annotations/Images-and-Supervisely-Annotations/case_5057/img/case5057_58.png,/data/halyusuf/data/CataractData/semantic_segmentation/Annotations/Images-and-Supervisely-Annotations/case_5057/mask_anatomy_inst/case5057_58.png
202,/data/halyusuf/data/CataractData/semantic_segmentation/Annotations/Images-and-Supervisely-Annotations/case_5057/img/case5057_59.png,/data/halyusuf/data/CataractData/semantic_segmentation/Annotations/Images-and-Supervisely-Annotations/case_5057/mask_anatomy_inst/case5057_59.png
203,/data/halyusuf/data/CataractData/semantic_segmentation/Annotations/Images-and-Supervisely-Annotations/case_5057/img/case5057_60.png,/data/halyusuf/data/CataractData/semantic_segmentation/Annotations/Images-and-Supervisely-Annotations/case_5057/mask_anatomy_inst/case5057_60.png
204,/data/halyusuf/data/CataractData/semantic_segmentation/Annotations/Images-and-Supervisely-Annotations/case_5057/img/case5057_61.png,/data/halyusuf/data/CataractData/semantic_segmentation/Annotations/Images-and-Supervisely-Annotations/case_5057/mask_anatomy_inst/case5057_61.png
205,/data/halyusuf/data/CataractData/semantic_segmentation/Annotations/Images-and-Supervisely-Annotations/case_5057/img/case5057_62.png,/data/halyusuf/data/CataractData/semantic_segmentation/Annotations/Images-and-Supervisely-Annotations/case_5057/mask_anatomy_inst/case5057_62.png
206,/data/halyusuf/data/CataractData/semantic_segmentation/Annotations/Images-and-Supervisely-Annotations/case_5057/img/case5057_63.png,/data/halyusuf/data/CataractData/semantic_segmentation/Annotations/Images-and-Supervisely-Annotations/case_5057/mask_anatomy_inst/case5057_63.png
207,/data/halyusuf/data/CataractData/semantic_segmentation/Annotations/Images-and-Supervisely-Annotations/case_5057/img/case5057_64.png,/data/halyusuf/data/CataractData/semantic_segmentation/Annotations/Images-and-Supervisely-Annotations/case_5057/mask_anatomy_inst/case5057_64.png
208,/data/halyusuf/data/CataractData/semantic_segmentation/Annotations/Images-and-Supervisely-Annotations/case_5057/img/case5057_65.png,/data/halyusuf/data/CataractData/semantic_segmentation/Annotations/Images-and-Supervisely-Annotations/case_5057/mask_anatomy_inst/case5057_65.png
209,/data/halyusuf/data/CataractData/semantic_segmentation/Annotations/Images-and-Supervisely-Annotations/case_5057/img/case5057_66.png,/data/halyusuf/data/CataractData/semantic_segmentation/Annotations/Images-and-Supervisely-Annotations/case_5057/mask_anatomy_inst/case5057_66.png
210,/data/halyusuf/data/CataractData/semantic_segmentation/Annotations/Images-and-Supervisely-Annotations/case_5057/img/case5057_67.png,/data/halyusuf/data/CataractData/semantic_segmentation/Annotations/Images-and-Supervisely-Annotations/case_5057/mask_anatomy_inst/case5057_67.png
211,/data/halyusuf/data/CataractData/semantic_segmentation/Annotations/Images-and-Supervisely-Annotations/case_5057/img/case5057_68.png,/data/halyusuf/data/CataractData/semantic_segmentation/Annotations/Images-and-Supervisely-Annotations/case_5057/mask_anatomy_inst/case5057_68.png
212,/data/halyusuf/data/CataractData/semantic_segmentation/Annotations/Images-and-Supervisely-Annotations/case_5057/img/case5057_69.png,/data/halyusuf/data/CataractData/semantic_segmentation/Annotations/Images-and-Supervisely-Annotations/case_5057/mask_anatomy_inst/case5057_69.png
213,/data/halyusuf/data/CataractData/semantic_segmentation/Annotations/Images-and-Supervisely-Annotations/case_5057/img/case5057_70.png,/data/halyusuf/data/CataractData/semantic_segmentation/Annotations/Images-and-Supervisely-Annotations/case_5057/mask_anatomy_inst/case5057_70.png
214,/data/halyusuf/data/CataractData/semantic_segmentation/Annotations/Images-and-Supervisely-Annotations/case_5057/img/case5057_71.png,/data/halyusuf/data/CataractData/semantic_segmentation/Annotations/Images-and-Supervisely-Annotations/case_5057/mask_anatomy_inst/case5057_71.png
215,/data/halyusuf/data/CataractData/semantic_segmentation/Annotations/Images-and-Supervisely-Annotations/case_5057/img/case5057_72.png,/data/halyusuf/data/CataractData/semantic_segmentation/Annotations/Images-and-Supervisely-Annotations/case_5057/mask_anatomy_inst/case5057_72.png
216,/data/halyusuf/data/CataractData/semantic_segmentation/Annotations/Images-and-Supervisely-Annotations/case_5058/img/case5058_01.png,/data/halyusuf/data/CataractData/semantic_segmentation/Annotations/Images-and-Supervisely-Annotations/case_5058/mask_anatomy_inst/case5058_01.png
217,/data/halyusuf/data/CataractData/semantic_segmentation/Annotations/Images-and-Supervisely-Annotations/case_5058/img/case5058_02.png,/data/halyusuf/data/CataractData/semantic_segmentation/Annotations/Images-and-Supervisely-Annotations/case_5058/mask_anatomy_inst/case5058_02.png
218,/data/halyusuf/data/CataractData/semantic_segmentation/Annotations/Images-and-Supervisely-Annotations/case_5058/img/case5058_03.png,/data/halyusuf/data/CataractData/semantic_segmentation/Annotations/Images-and-Supervisely-Annotations/case_5058/mask_anatomy_inst/case5058_03.png
219,/data/halyusuf/data/CataractData/semantic_segmentation/Annotations/Images-and-Supervisely-Annotations/case_5058/img/case5058_04.png,/data/halyusuf/data/CataractData/semantic_segmentation/Annotations/Images-and-Supervisely-Annotations/case_5058/mask_anatomy_inst/case5058_04.png
220,/data/halyusuf/data/CataractData/semantic_segmentation/Annotations/Images-and-Supervisely-Annotations/case_5058/img/case5058_05.png,/data/halyusuf/data/CataractData/semantic_segmentation/Annotations/Images-and-Supervisely-Annotations/case_5058/mask_anatomy_inst/case5058_05.png
221,/data/halyusuf/data/CataractData/semantic_segmentation/Annotations/Images-and-Supervisely-Annotations/case_5058/img/case5058_06.png,/data/halyusuf/data/CataractData/semantic_segmentation/Annotations/Images-and-Supervisely-Annotations/case_5058/mask_anatomy_inst/case5058_06.png
222,/data/halyusuf/data/CataractData/semantic_segmentation/Annotations/Images-and-Supervisely-Annotations/case_5058/img/case5058_07.png,/data/halyusuf/data/CataractData/semantic_segmentation/Annotations/Images-and-Supervisely-Annotations/case_5058/mask_anatomy_inst/case5058_07.png
223,/data/halyusuf/data/CataractData/semantic_segmentation/Annotations/Images-and-Supervisely-Annotations/case_5058/img/case5058_08.png,/data/halyusuf/data/CataractData/semantic_segmentation/Annotations/Images-and-Supervisely-Annotations/case_5058/mask_anatomy_inst/case5058_08.png
224,/data/halyusuf/data/CataractData/semantic_segmentation/Annotations/Images-and-Supervisely-Annotations/case_5058/img/case5058_09.png,/data/halyusuf/data/CataractData/semantic_segmentation/Annotations/Images-and-Supervisely-Annotations/case_5058/mask_anatomy_inst/case5058_09.png
225,/data/halyusuf/data/CataractData/semantic_segmentation/Annotations/Images-and-Supervisely-Annotations/case_5058/img/case5058_10.png,/data/halyusuf/data/CataractData/semantic_segmentation/Annotations/Images-and-Supervisely-Annotations/case_5058/mask_anatomy_inst/case5058_10.png
226,/data/halyusuf/data/CataractData/semantic_segmentation/Annotations/Images-and-Supervisely-Annotations/case_5058/img/case5058_11.png,/data/halyusuf/data/CataractData/semantic_segmentation/Annotations/Images-and-Supervisely-Annotations/case_5058/mask_anatomy_inst/case5058_11.png
227,/data/halyusuf/data/CataractData/semantic_segmentation/Annotations/Images-and-Supervisely-Annotations/case_5058/img/case5058_12.png,/data/halyusuf/data/CataractData/semantic_segmentation/Annotations/Images-and-Supervisely-Annotations/case_5058/mask_anatomy_inst/case5058_12.png
228,/data/halyusuf/data/CataractData/semantic_segmentation/Annotations/Images-and-Supervisely-Annotations/case_5058/img/case5058_13.png,/data/halyusuf/data/CataractData/semantic_segmentation/Annotations/Images-and-Supervisely-Annotations/case_5058/mask_anatomy_inst/case5058_13.png
229,/data/halyusuf/data/CataractData/semantic_segmentation/Annotations/Images-and-Supervisely-Annotations/case_5058/img/case5058_14.png,/data/halyusuf/data/CataractData/semantic_segmentation/Annotations/Images-and-Supervisely-Annotations/case_5058/mask_anatomy_inst/case5058_14.png
230,/data/halyusuf/data/CataractData/semantic_segmentation/Annotations/Images-and-Supervisely-Annotations/case_5058/img/case5058_15.png,/data/halyusuf/data/CataractData/semantic_segmentation/Annotations/Images-and-Supervisely-Annotations/case_5058/mask_anatomy_inst/case5058_15.png
231,/data/halyusuf/data/CataractData/semantic_segmentation/Annotations/Images-and-Supervisely-Annotations/case_5058/img/case5058_16.png,/data/halyusuf/data/CataractData/semantic_segmentation/Annotations/Images-and-Supervisely-Annotations/case_5058/mask_anatomy_inst/case5058_16.png
232,/data/halyusuf/data/CataractData/semantic_segmentation/Annotations/Images-and-Supervisely-Annotations/case_5058/img/case5058_17.png,/data/halyusuf/data/CataractData/semantic_segmentation/Annotations/Images-and-Supervisely-Annotations/case_5058/mask_anatomy_inst/case5058_17.png
233,/data/halyusuf/data/CataractData/semantic_segmentation/Annotations/Images-and-Supervisely-Annotations/case_5058/img/case5058_18.png,/data/halyusuf/data/CataractData/semantic_segmentation/Annotations/Images-and-Supervisely-Annotations/case_5058/mask_anatomy_inst/case5058_18.png
234,/data/halyusuf/data/CataractData/semantic_segmentation/Annotations/Images-and-Supervisely-Annotations/case_5058/img/case5058_19.png,/data/halyusuf/data/CataractData/semantic_segmentation/Annotations/Images-and-Supervisely-Annotations/case_5058/mask_anatomy_inst/case5058_19.png
235,/data/halyusuf/data/CataractData/semantic_segmentation/Annotations/Images-and-Supervisely-Annotations/case_5058/img/case5058_20.png,/data/halyusuf/data/CataractData/semantic_segmentation/Annotations/Images-and-Supervisely-Annotations/case_5058/mask_anatomy_inst/case5058_20.png
236,/data/halyusuf/data/CataractData/semantic_segmentation/Annotations/Images-and-Supervisely-Annotations/case_5058/img/case5058_21.png,/data/halyusuf/data/CataractData/semantic_segmentation/Annotations/Images-and-Supervisely-Annotations/case_5058/mask_anatomy_inst/case5058_21.png
237,/data/halyusuf/data/CataractData/semantic_segmentation/Annotations/Images-and-Supervisely-Annotations/case_5058/img/case5058_22.png,/data/halyusuf/data/CataractData/semantic_segmentation/Annotations/Images-and-Supervisely-Annotations/case_5058/mask_anatomy_inst/case5058_22.png
238,/data/halyusuf/data/CataractData/semantic_segmentation/Annotations/Images-and-Supervisely-Annotations/case_5058/img/case5058_23.png,/data/halyusuf/data/CataractData/semantic_segmentation/Annotations/Images-and-Supervisely-Annotations/case_5058/mask_anatomy_inst/case5058_23.png
239,/data/halyusuf/data/CataractData/semantic_segmentation/Annotations/Images-and-Supervisely-Annotations/case_5058/img/case5058_24.png,/data/halyusuf/data/CataractData/semantic_segmentation/Annotations/Images-and-Supervisely-Annotations/case_5058/mask_anatomy_inst/case5058_24.png
240,/data/halyusuf/data/CataractData/semantic_segmentation/Annotations/Images-and-Supervisely-Annotations/case_5058/img/case5058_25.png,/data/halyusuf/data/CataractData/semantic_segmentation/Annotations/Images-and-Supervisely-Annotations/case_5058/mask_anatomy_inst/case5058_25.png
241,/data/halyusuf/data/CataractData/semantic_segmentation/Annotations/Images-and-Supervisely-Annotations/case_5058/img/case5058_26.png,/data/halyusuf/data/CataractData/semantic_segmentation/Annotations/Images-and-Supervisely-Annotations/case_5058/mask_anatomy_inst/case5058_26.png
242,/data/halyusuf/data/CataractData/semantic_segmentation/Annotations/Images-and-Supervisely-Annotations/case_5058/img/case5058_27.png,/data/halyusuf/data/CataractData/semantic_segmentation/Annotations/Images-and-Supervisely-Annotations/case_5058/mask_anatomy_inst/case5058_27.png
243,/data/halyusuf/data/CataractData/semantic_segmentation/Annotations/Images-and-Supervisely-Annotations/case_5058/img/case5058_28.png,/data/halyusuf/data/CataractData/semantic_segmentation/Annotations/Images-and-Supervisely-Annotations/case_5058/mask_anatomy_inst/case5058_28.png
244,/data/halyusuf/data/CataractData/semantic_segmentation/Annotations/Images-and-Supervisely-Annotations/case_5058/img/case5058_29.png,/data/halyusuf/data/CataractData/semantic_segmentation/Annotations/Images-and-Supervisely-Annotations/case_5058/mask_anatomy_inst/case5058_29.png
245,/data/halyusuf/data/CataractData/semantic_segmentation/Annotations/Images-and-Supervisely-Annotations/case_5058/img/case5058_30.png,/data/halyusuf/data/CataractData/semantic_segmentation/Annotations/Images-and-Supervisely-Annotations/case_5058/mask_anatomy_inst/case5058_30.png
246,/data/halyusuf/data/CataractData/semantic_segmentation/Annotations/Images-and-Supervisely-Annotations/case_5058/img/case5058_31.png,/data/halyusuf/data/CataractData/semantic_segmentation/Annotations/Images-and-Supervisely-Annotations/case_5058/mask_anatomy_inst/case5058_31.png
247,/data/halyusuf/data/CataractData/semantic_segmentation/Annotations/Images-and-Supervisely-Annotations/case_5058/img/case5058_32.png,/data/halyusuf/data/CataractData/semantic_segmentation/Annotations/Images-and-Supervisely-Annotations/case_5058/mask_anatomy_inst/case5058_32.png
248,/data/halyusuf/data/CataractData/semantic_segmentation/Annotations/Images-and-Supervisely-Annotations/case_5058/img/case5058_33.png,/data/halyusuf/data/CataractData/semantic_segmentation/Annotations/Images-and-Supervisely-Annotations/case_5058/mask_anatomy_inst/case5058_33.png
249,/data/halyusuf/data/CataractData/semantic_segmentation/Annotations/Images-and-Supervisely-Annotations/case_5058/img/case5058_34.png,/data/halyusuf/data/CataractData/semantic_segmentation/Annotations/Images-and-Supervisely-Annotations/case_5058/mask_anatomy_inst/case5058_34.png
250,/data/halyusuf/data/CataractData/semantic_segmentation/Annotations/Images-and-Supervisely-Annotations/case_5058/img/case5058_35.png,/data/halyusuf/data/CataractData/semantic_segmentation/Annotations/Images-and-Supervisely-Annotations/case_5058/mask_anatomy_inst/case5058_35.png
251,/data/halyusuf/data/CataractData/semantic_segmentation/Annotations/Images-and-Supervisely-Annotations/case_5058/img/case5058_36.png,/data/halyusuf/data/CataractData/semantic_segmentation/Annotations/Images-and-Supervisely-Annotations/case_5058/mask_anatomy_inst/case5058_36.png
252,/data/halyusuf/data/CataractData/semantic_segmentation/Annotations/Images-and-Supervisely-Annotations/case_5058/img/case5058_37.png,/data/halyusuf/data/CataractData/semantic_segmentation/Annotations/Images-and-Supervisely-Annotations/case_5058/mask_anatomy_inst/case5058_37.png
253,/data/halyusuf/data/CataractData/semantic_segmentation/Annotations/Images-and-Supervisely-Annotations/case_5058/img/case5058_38.png,/data/halyusuf/data/CataractData/semantic_segmentation/Annotations/Images-and-Supervisely-Annotations/case_5058/mask_anatomy_inst/case5058_38.png
254,/data/halyusuf/data/CataractData/semantic_segmentation/Annotations/Images-and-Supervisely-Annotations/case_5058/img/case5058_39.png,/data/halyusuf/data/CataractData/semantic_segmentation/Annotations/Images-and-Supervisely-Annotations/case_5058/mask_anatomy_inst/case5058_39.png
255,/data/halyusuf/data/CataractData/semantic_segmentation/Annotations/Images-and-Supervisely-Annotations/case_5058/img/case5058_40.png,/data/halyusuf/data/CataractData/semantic_segmentation/Annotations/Images-and-Supervisely-Annotations/case_5058/mask_anatomy_inst/case5058_40.png
256,/data/halyusuf/data/CataractData/semantic_segmentation/Annotations/Images-and-Supervisely-Annotations/case_5058/img/case5058_41.png,/data/halyusuf/data/CataractData/semantic_segmentation/Annotations/Images-and-Supervisely-Annotations/case_5058/mask_anatomy_inst/case5058_41.png
257,/data/halyusuf/data/CataractData/semantic_segmentation/Annotations/Images-and-Supervisely-Annotations/case_5058/img/case5058_42.png,/data/halyusuf/data/CataractData/semantic_segmentation/Annotations/Images-and-Supervisely-Annotations/case_5058/mask_anatomy_inst/case5058_42.png
258,/data/halyusuf/data/CataractData/semantic_segmentation/Annotations/Images-and-Supervisely-Annotations/case_5058/img/case5058_43.png,/data/halyusuf/data/CataractData/semantic_segmentation/Annotations/Images-and-Supervisely-Annotations/case_5058/mask_anatomy_inst/case5058_43.png
259,/data/halyusuf/data/CataractData/semantic_segmentation/Annotations/Images-and-Supervisely-Annotations/case_5058/img/case5058_44.png,/data/halyusuf/data/CataractData/semantic_segmentation/Annotations/Images-and-Supervisely-Annotations/case_5058/mask_anatomy_inst/case5058_44.png
260,/data/halyusuf/data/CataractData/semantic_segmentation/Annotations/Images-and-Supervisely-Annotations/case_5058/img/case5058_45.png,/data/halyusuf/data/CataractData/semantic_segmentation/Annotations/Images-and-Supervisely-Annotations/case_5058/mask_anatomy_inst/case5058_45.png
261,/data/halyusuf/data/CataractData/semantic_segmentation/Annotations/Images-and-Supervisely-Annotations/case_5058/img/case5058_46.png,/data/halyusuf/data/CataractData/semantic_segmentation/Annotations/Images-and-Supervisely-Annotations/case_5058/mask_anatomy_inst/case5058_46.png
262,/data/halyusuf/data/CataractData/semantic_segmentation/Annotations/Images-and-Supervisely-Annotations/case_5058/img/case5058_47.png,/data/halyusuf/data/CataractData/semantic_segmentation/Annotations/Images-and-Supervisely-Annotations/case_5058/mask_anatomy_inst/case5058_47.png
263,/data/halyusuf/data/CataractData/semantic_segmentation/Annotations/Images-and-Supervisely-Annotations/case_5058/img/case5058_48.png,/data/halyusuf/data/CataractData/semantic_segmentation/Annotations/Images-and-Supervisely-Annotations/case_5058/mask_anatomy_inst/case5058_48.png
264,/data/halyusuf/data/CataractData/semantic_segmentation/Annotations/Images-and-Supervisely-Annotations/case_5058/img/case5058_49.png,/data/halyusuf/data/CataractData/semantic_segmentation/Annotations/Images-and-Supervisely-Annotations/case_5058/mask_anatomy_inst/case5058_49.png
265,/data/halyusuf/data/CataractData/semantic_segmentation/Annotations/Images-and-Supervisely-Annotations/case_5058/img/case5058_50.png,/data/halyusuf/data/CataractData/semantic_segmentation/Annotations/Images-and-Supervisely-Annotations/case_5058/mask_anatomy_inst/case5058_50.png
266,/data/halyusuf/data/CataractData/semantic_segmentation/Annotations/Images-and-Supervisely-Annotations/case_5058/img/case5058_51.png,/data/halyusuf/data/CataractData/semantic_segmentation/Annotations/Images-and-Supervisely-Annotations/case_5058/mask_anatomy_inst/case5058_51.png
267,/data/halyusuf/data/CataractData/semantic_segmentation/Annotations/Images-and-Supervisely-Annotations/case_5058/img/case5058_52.png,/data/halyusuf/data/CataractData/semantic_segmentation/Annotations/Images-and-Supervisely-Annotations/case_5058/mask_anatomy_inst/case5058_52.png
268,/data/halyusuf/data/CataractData/semantic_segmentation/Annotations/Images-and-Supervisely-Annotations/case_5058/img/case5058_53.png,/data/halyusuf/data/CataractData/semantic_segmentation/Annotations/Images-and-Supervisely-Annotations/case_5058/mask_anatomy_inst/case5058_53.png
269,/data/halyusuf/data/CataractData/semantic_segmentation/Annotations/Images-and-Supervisely-Annotations/case_5058/img/case5058_54.png,/data/halyusuf/data/CataractData/semantic_segmentation/Annotations/Images-and-Supervisely-Annotations/case_5058/mask_anatomy_inst/case5058_54.png
270,/data/halyusuf/data/CataractData/semantic_segmentation/Annotations/Images-and-Supervisely-Annotations/case_5058/img/case5058_55.png,/data/halyusuf/data/CataractData/semantic_segmentation/Annotations/Images-and-Supervisely-Annotations/case_5058/mask_anatomy_inst/case5058_55.png
271,/data/halyusuf/data/CataractData/semantic_segmentation/Annotations/Images-and-Supervisely-Annotations/case_5058/img/case5058_56.png,/data/halyusuf/data/CataractData/semantic_segmentation/Annotations/Images-and-Supervisely-Annotations/case_5058/mask_anatomy_inst/case5058_56.png
272,/data/halyusuf/data/CataractData/semantic_segmentation/Annotations/Images-and-Supervisely-Annotations/case_5058/img/case5058_57.png,/data/halyusuf/data/CataractData/semantic_segmentation/Annotations/Images-and-Supervisely-Annotations/case_5058/mask_anatomy_inst/case5058_57.png
273,/data/halyusuf/data/CataractData/semantic_segmentation/Annotations/Images-and-Supervisely-Annotations/case_5058/img/case5058_58.png,/data/halyusuf/data/CataractData/semantic_segmentation/Annotations/Images-and-Supervisely-Annotations/case_5058/mask_anatomy_inst/case5058_58.png
274,/data/halyusuf/data/CataractData/semantic_segmentation/Annotations/Images-and-Supervisely-Annotations/case_5058/img/case5058_59.png,/data/halyusuf/data/CataractData/semantic_segmentation/Annotations/Images-and-Supervisely-Annotations/case_5058/mask_anatomy_inst/case5058_59.png
275,/data/halyusuf/data/CataractData/semantic_segmentation/Annotations/Images-and-Supervisely-Annotations/case_5058/img/case5058_60.png,/data/halyusuf/data/CataractData/semantic_segmentation/Annotations/Images-and-Supervisely-Annotations/case_5058/mask_anatomy_inst/case5058_60.png
276,/data/halyusuf/data/CataractData/semantic_segmentation/Annotations/Images-and-Supervisely-Annotations/case_5058/img/case5058_61.png,/data/halyusuf/data/CataractData/semantic_segmentation/Annotations/Images-and-Supervisely-Annotations/case_5058/mask_anatomy_inst/case5058_61.png
277,/data/halyusuf/data/CataractData/semantic_segmentation/Annotations/Images-and-Supervisely-Annotations/case_5058/img/case5058_62.png,/data/halyusuf/data/CataractData/semantic_segmentation/Annotations/Images-and-Supervisely-Annotations/case_5058/mask_anatomy_inst/case5058_62.png
278,/data/halyusuf/data/CataractData/semantic_segmentation/Annotations/Images-and-Supervisely-Annotations/case_5058/img/case5058_63.png,/data/halyusuf/data/CataractData/semantic_segmentation/Annotations/Images-and-Supervisely-Annotations/case_5058/mask_anatomy_inst/case5058_63.png
279,/data/halyusuf/data/CataractData/semantic_segmentation/Annotations/Images-and-Supervisely-Annotations/case_5058/img/case5058_64.png,/data/halyusuf/data/CataractData/semantic_segmentation/Annotations/Images-and-Supervisely-Annotations/case_5058/mask_anatomy_inst/case5058_64.png
280,/data/halyusuf/data/CataractData/semantic_segmentation/Annotations/Images-and-Supervisely-Annotations/case_5058/img/case5058_65.png,/data/halyusuf/data/CataractData/semantic_segmentation/Annotations/Images-and-Supervisely-Annotations/case_5058/mask_anatomy_inst/case5058_65.png
281,/data/halyusuf/data/CataractData/semantic_segmentation/Annotations/Images-and-Supervisely-Annotations/case_5058/img/case5058_66.png,/data/halyusuf/data/CataractData/semantic_segmentation/Annotations/Images-and-Supervisely-Annotations/case_5058/mask_anatomy_inst/case5058_66.png
282,/data/halyusuf/data/CataractData/semantic_segmentation/Annotations/Images-and-Supervisely-Annotations/case_5058/img/case5058_67.png,/data/halyusuf/data/CataractData/semantic_segmentation/Annotations/Images-and-Supervisely-Annotations/case_5058/mask_anatomy_inst/case5058_67.png
283,/data/halyusuf/data/CataractData/semantic_segmentation/Annotations/Images-and-Supervisely-Annotations/case_5058/img/case5058_68.png,/data/halyusuf/data/CataractData/semantic_segmentation/Annotations/Images-and-Supervisely-Annotations/case_5058/mask_anatomy_inst/case5058_68.png
284,/data/halyusuf/data/CataractData/semantic_segmentation/Annotations/Images-and-Supervisely-Annotations/case_5058/img/case5058_69.png,/data/halyusuf/data/CataractData/semantic_segmentation/Annotations/Images-and-Supervisely-Annotations/case_5058/mask_anatomy_inst/case5058_69.png
285,/data/halyusuf/data/CataractData/semantic_segmentation/Annotations/Images-and-Supervisely-Annotations/case_5058/img/case5058_70.png,/data/halyusuf/data/CataractData/semantic_segmentation/Annotations/Images-and-Supervisely-Annotations/case_5058/mask_anatomy_inst/case5058_70.png
286,/data/halyusuf/data/CataractData/semantic_segmentation/Annotations/Images-and-Supervisely-Annotations/case_5058/img/case5058_71.png,/data/halyusuf/data/CataractData/semantic_segmentation/Annotations/Images-and-Supervisely-Annotations/case_5058/mask_anatomy_inst/case5058_71.png
287,/data/halyusuf/data/CataractData/semantic_segmentation/Annotations/Images-and-Supervisely-Annotations/case_5058/img/case5058_72.png,/data/halyusuf/data/CataractData/semantic_segmentation/Annotations/Images-and-Supervisely-Annotations/case_5058/mask_anatomy_inst/case5058_72.png
288,/data/halyusuf/data/CataractData/semantic_segmentation/Annotations/Images-and-Supervisely-Annotations/case_5058/img/case5058_73.png,/data/halyusuf/data/CataractData/semantic_segmentation/Annotations/Images-and-Supervisely-Annotations/case_5058/mask_anatomy_inst/case5058_73.png
289,/data/halyusuf/data/CataractData/semantic_segmentation/Annotations/Images-and-Supervisely-Annotations/case_5058/img/case5058_74.png,/data/halyusuf/data/CataractData/semantic_segmentation/Annotations/Images-and-Supervisely-Annotations/case_5058/mask_anatomy_inst/case5058_74.png
290,/data/halyusuf/data/CataractData/semantic_segmentation/Annotations/Images-and-Supervisely-Annotations/case_5058/img/case5058_75.png,/data/halyusuf/data/CataractData/semantic_segmentation/Annotations/Images-and-Supervisely-Annotations/case_5058/mask_anatomy_inst/case5058_75.png
291,/data/halyusuf/data/CataractData/semantic_segmentation/Annotations/Images-and-Supervisely-Annotations/case_5058/img/case5058_76.png,/data/halyusuf/data/CataractData/semantic_segmentation/Annotations/Images-and-Supervisely-Annotations/case_5058/mask_anatomy_inst/case5058_76.png
292,/data/halyusuf/data/CataractData/semantic_segmentation/Annotations/Images-and-Supervisely-Annotations/case_5058/img/case5058_77.png,/data/halyusuf/data/CataractData/semantic_segmentation/Annotations/Images-and-Supervisely-Annotations/case_5058/mask_anatomy_inst/case5058_77.png
293,/data/halyusuf/data/CataractData/semantic_segmentation/Annotations/Images-and-Supervisely-Annotations/case_5058/img/case5058_78.png,/data/halyusuf/data/CataractData/semantic_segmentation/Annotations/Images-and-Supervisely-Annotations/case_5058/mask_anatomy_inst/case5058_78.png
294,/data/halyusuf/data/CataractData/semantic_segmentation/Annotations/Images-and-Supervisely-Annotations/case_5058/img/case5058_79.png,/data/halyusuf/data/CataractData/semantic_segmentation/Annotations/Images-and-Supervisely-Annotations/case_5058/mask_anatomy_inst/case5058_79.png
295,/data/halyusuf/data/CataractData/semantic_segmentation/Annotations/Images-and-Supervisely-Annotations/case_5058/img/case5058_80.png,/data/halyusuf/data/CataractData/semantic_segmentation/Annotations/Images-and-Supervisely-Annotations/case_5058/mask_anatomy_inst/case5058_80.png
296,/data/halyusuf/data/CataractData/semantic_segmentation/Annotations/Images-and-Supervisely-Annotations/case_5058/img/case5058_81.png,/data/halyusuf/data/CataractData/semantic_segmentation/Annotations/Images-and-Supervisely-Annotations/case_5058/mask_anatomy_inst/case5058_81.png
297,/data/halyusuf/data/CataractData/semantic_segmentation/Annotations/Images-and-Supervisely-Annotations/case_5104/img/case5104_01.png,/data/halyusuf/data/CataractData/semantic_segmentation/Annotations/Images-and-Supervisely-Annotations/case_5104/mask_anatomy_inst/case5104_01.png
298,/data/halyusuf/data/CataractData/semantic_segmentation/Annotations/Images-and-Supervisely-Annotations/case_5104/img/case5104_02.png,/data/halyusuf/data/CataractData/semantic_segmentation/Annotations/Images-and-Supervisely-Annotations/case_5104/mask_anatomy_inst/case5104_02.png
299,/data/halyusuf/data/CataractData/semantic_segmentation/Annotations/Images-and-Supervisely-Annotations/case_5104/img/case5104_03.png,/data/halyusuf/data/CataractData/semantic_segmentation/Annotations/Images-and-Supervisely-Annotations/case_5104/mask_anatomy_inst/case5104_03.png
300,/data/halyusuf/data/CataractData/semantic_segmentation/Annotations/Images-and-Supervisely-Annotations/case_5104/img/case5104_04.png,/data/halyusuf/data/CataractData/semantic_segmentation/Annotations/Images-and-Supervisely-Annotations/case_5104/mask_anatomy_inst/case5104_04.png
301,/data/halyusuf/data/CataractData/semantic_segmentation/Annotations/Images-and-Supervisely-Annotations/case_5104/img/case5104_05.png,/data/halyusuf/data/CataractData/semantic_segmentation/Annotations/Images-and-Supervisely-Annotations/case_5104/mask_anatomy_inst/case5104_05.png
302,/data/halyusuf/data/CataractData/semantic_segmentation/Annotations/Images-and-Supervisely-Annotations/case_5104/img/case5104_06.png,/data/halyusuf/data/CataractData/semantic_segmentation/Annotations/Images-and-Supervisely-Annotations/case_5104/mask_anatomy_inst/case5104_06.png
303,/data/halyusuf/data/CataractData/semantic_segmentation/Annotations/Images-and-Supervisely-Annotations/case_5104/img/case5104_07.png,/data/halyusuf/data/CataractData/semantic_segmentation/Annotations/Images-and-Supervisely-Annotations/case_5104/mask_anatomy_inst/case5104_07.png
304,/data/halyusuf/data/CataractData/semantic_segmentation/Annotations/Images-and-Supervisely-Annotations/case_5104/img/case5104_08.png,/data/halyusuf/data/CataractData/semantic_segmentation/Annotations/Images-and-Supervisely-Annotations/case_5104/mask_anatomy_inst/case5104_08.png
305,/data/halyusuf/data/CataractData/semantic_segmentation/Annotations/Images-and-Supervisely-Annotations/case_5104/img/case5104_09.png,/data/halyusuf/data/CataractData/semantic_segmentation/Annotations/Images-and-Supervisely-Annotations/case_5104/mask_anatomy_inst/case5104_09.png
306,/data/halyusuf/data/CataractData/semantic_segmentation/Annotations/Images-and-Supervisely-Annotations/case_5104/img/case5104_10.png,/data/halyusuf/data/CataractData/semantic_segmentation/Annotations/Images-and-Supervisely-Annotations/case_5104/mask_anatomy_inst/case5104_10.png
307,/data/halyusuf/data/CataractData/semantic_segmentation/Annotations/Images-and-Supervisely-Annotations/case_5104/img/case5104_100.png,/data/halyusuf/data/CataractData/semantic_segmentation/Annotations/Images-and-Supervisely-Annotations/case_5104/mask_anatomy_inst/case5104_100.png
308,/data/halyusuf/data/CataractData/semantic_segmentation/Annotations/Images-and-Supervisely-Annotations/case_5104/img/case5104_101.png,/data/halyusuf/data/CataractData/semantic_segmentation/Annotations/Images-and-Supervisely-Annotations/case_5104/mask_anatomy_inst/case5104_101.png
309,/data/halyusuf/data/CataractData/semantic_segmentation/Annotations/Images-and-Supervisely-Annotations/case_5104/img/case5104_102.png,/data/halyusuf/data/CataractData/semantic_segmentation/Annotations/Images-and-Supervisely-Annotations/case_5104/mask_anatomy_inst/case5104_102.png
310,/data/halyusuf/data/CataractData/semantic_segmentation/Annotations/Images-and-Supervisely-Annotations/case_5104/img/case5104_103.png,/data/halyusuf/data/CataractData/semantic_segmentation/Annotations/Images-and-Supervisely-Annotations/case_5104/mask_anatomy_inst/case5104_103.png
311,/data/halyusuf/data/CataractData/semantic_segmentation/Annotations/Images-and-Supervisely-Annotations/case_5104/img/case5104_104.png,/data/halyusuf/data/CataractData/semantic_segmentation/Annotations/Images-and-Supervisely-Annotations/case_5104/mask_anatomy_inst/case5104_104.png
312,/data/halyusuf/data/CataractData/semantic_segmentation/Annotations/Images-and-Supervisely-Annotations/case_5104/img/case5104_105.png,/data/halyusuf/data/CataractData/semantic_segmentation/Annotations/Images-and-Supervisely-Annotations/case_5104/mask_anatomy_inst/case5104_105.png
313,/data/halyusuf/data/CataractData/semantic_segmentation/Annotations/Images-and-Supervisely-Annotations/case_5104/img/case5104_106.png,/data/halyusuf/data/CataractData/semantic_segmentation/Annotations/Images-and-Supervisely-Annotations/case_5104/mask_anatomy_inst/case5104_106.png
314,/data/halyusuf/data/CataractData/semantic_segmentation/Annotations/Images-and-Supervisely-Annotations/case_5104/img/case5104_107.png,/data/halyusuf/data/CataractData/semantic_segmentation/Annotations/Images-and-Supervisely-Annotations/case_5104/mask_anatomy_inst/case5104_107.png
315,/data/halyusuf/data/CataractData/semantic_segmentation/Annotations/Images-and-Supervisely-Annotations/case_5104/img/case5104_108.png,/data/halyusuf/data/CataractData/semantic_segmentation/Annotations/Images-and-Supervisely-Annotations/case_5104/mask_anatomy_inst/case5104_108.png
316,/data/halyusuf/data/CataractData/semantic_segmentation/Annotations/Images-and-Supervisely-Annotations/case_5104/img/case5104_109.png,/data/halyusuf/data/CataractData/semantic_segmentation/Annotations/Images-and-Supervisely-Annotations/case_5104/mask_anatomy_inst/case5104_109.png
317,/data/halyusuf/data/CataractData/semantic_segmentation/Annotations/Images-and-Supervisely-Annotations/case_5104/img/case5104_11.png,/data/halyusuf/data/CataractData/semantic_segmentation/Annotations/Images-and-Supervisely-Annotations/case_5104/mask_anatomy_inst/case5104_11.png
318,/data/halyusuf/data/CataractData/semantic_segmentation/Annotations/Images-and-Supervisely-Annotations/case_5104/img/case5104_110.png,/data/halyusuf/data/CataractData/semantic_segmentation/Annotations/Images-and-Supervisely-Annotations/case_5104/mask_anatomy_inst/case5104_110.png
319,/data/halyusuf/data/CataractData/semantic_segmentation/Annotations/Images-and-Supervisely-Annotations/case_5104/img/case5104_111.png,/data/halyusuf/data/CataractData/semantic_segmentation/Annotations/Images-and-Supervisely-Annotations/case_5104/mask_anatomy_inst/case5104_111.png
320,/data/halyusuf/data/CataractData/semantic_segmentation/Annotations/Images-and-Supervisely-Annotations/case_5104/img/case5104_112.png,/data/halyusuf/data/CataractData/semantic_segmentation/Annotations/Images-and-Supervisely-Annotations/case_5104/mask_anatomy_inst/case5104_112.png
321,/data/halyusuf/data/CataractData/semantic_segmentation/Annotations/Images-and-Supervisely-Annotations/case_5104/img/case5104_113.png,/data/halyusuf/data/CataractData/semantic_segmentation/Annotations/Images-and-Supervisely-Annotations/case_5104/mask_anatomy_inst/case5104_113.png
322,/data/halyusuf/data/CataractData/semantic_segmentation/Annotations/Images-and-Supervisely-Annotations/case_5104/img/case5104_114.png,/data/halyusuf/data/CataractData/semantic_segmentation/Annotations/Images-and-Supervisely-Annotations/case_5104/mask_anatomy_inst/case5104_114.png
323,/data/halyusuf/data/CataractData/semantic_segmentation/Annotations/Images-and-Supervisely-Annotations/case_5104/img/case5104_115.png,/data/halyusuf/data/CataractData/semantic_segmentation/Annotations/Images-and-Supervisely-Annotations/case_5104/mask_anatomy_inst/case5104_115.png
324,/data/halyusuf/data/CataractData/semantic_segmentation/Annotations/Images-and-Supervisely-Annotations/case_5104/img/case5104_116.png,/data/halyusuf/data/CataractData/semantic_segmentation/Annotations/Images-and-Supervisely-Annotations/case_5104/mask_anatomy_inst/case5104_116.png
325,/data/halyusuf/data/CataractData/semantic_segmentation/Annotations/Images-and-Supervisely-Annotations/case_5104/img/case5104_117.png,/data/halyusuf/data/CataractData/semantic_segmentation/Annotations/Images-and-Supervisely-Annotations/case_5104/mask_anatomy_inst/case5104_117.png
326,/data/halyusuf/data/CataractData/semantic_segmentation/Annotations/Images-and-Supervisely-Annotations/case_5104/img/case5104_118.png,/data/halyusuf/data/CataractData/semantic_segmentation/Annotations/Images-and-Supervisely-Annotations/case_5104/mask_anatomy_inst/case5104_118.png
327,/data/halyusuf/data/CataractData/semantic_segmentation/Annotations/Images-and-Supervisely-Annotations/case_5104/img/case5104_119.png,/data/halyusuf/data/CataractData/semantic_segmentation/Annotations/Images-and-Supervisely-Annotations/case_5104/mask_anatomy_inst/case5104_119.png
328,/data/halyusuf/data/CataractData/semantic_segmentation/Annotations/Images-and-Supervisely-Annotations/case_5104/img/case5104_12.png,/data/halyusuf/data/CataractData/semantic_segmentation/Annotations/Images-and-Supervisely-Annotations/case_5104/mask_anatomy_inst/case5104_12.png
329,/data/halyusuf/data/CataractData/semantic_segmentation/Annotations/Images-and-Supervisely-Annotations/case_5104/img/case5104_120.png,/data/halyusuf/data/CataractData/semantic_segmentation/Annotations/Images-and-Supervisely-Annotations/case_5104/mask_anatomy_inst/case5104_120.png
330,/data/halyusuf/data/CataractData/semantic_segmentation/Annotations/Images-and-Supervisely-Annotations/case_5104/img/case5104_121.png,/data/halyusuf/data/CataractData/semantic_segmentation/Annotations/Images-and-Supervisely-Annotations/case_5104/mask_anatomy_inst/case5104_121.png
331,/data/halyusuf/data/CataractData/semantic_segmentation/Annotations/Images-and-Supervisely-Annotations/case_5104/img/case5104_122.png,/data/halyusuf/data/CataractData/semantic_segmentation/Annotations/Images-and-Supervisely-Annotations/case_5104/mask_anatomy_inst/case5104_122.png
332,/data/halyusuf/data/CataractData/semantic_segmentation/Annotations/Images-and-Supervisely-Annotations/case_5104/img/case5104_123.png,/data/halyusuf/data/CataractData/semantic_segmentation/Annotations/Images-and-Supervisely-Annotations/case_5104/mask_anatomy_inst/case5104_123.png
333,/data/halyusuf/data/CataractData/semantic_segmentation/Annotations/Images-and-Supervisely-Annotations/case_5104/img/case5104_124.png,/data/halyusuf/data/CataractData/semantic_segmentation/Annotations/Images-and-Supervisely-Annotations/case_5104/mask_anatomy_inst/case5104_124.png
334,/data/halyusuf/data/CataractData/semantic_segmentation/Annotations/Images-and-Supervisely-Annotations/case_5104/img/case5104_125.png,/data/halyusuf/data/CataractData/semantic_segmentation/Annotations/Images-and-Supervisely-Annotations/case_5104/mask_anatomy_inst/case5104_125.png
335,/data/halyusuf/data/CataractData/semantic_segmentation/Annotations/Images-and-Supervisely-Annotations/case_5104/img/case5104_126.png,/data/halyusuf/data/CataractData/semantic_segmentation/Annotations/Images-and-Supervisely-Annotations/case_5104/mask_anatomy_inst/case5104_126.png
336,/data/halyusuf/data/CataractData/semantic_segmentation/Annotations/Images-and-Supervisely-Annotations/case_5104/img/case5104_127.png,/data/halyusuf/data/CataractData/semantic_segmentation/Annotations/Images-and-Supervisely-Annotations/case_5104/mask_anatomy_inst/case5104_127.png
337,/data/halyusuf/data/CataractData/semantic_segmentation/Annotations/Images-and-Supervisely-Annotations/case_5104/img/case5104_128.png,/data/halyusuf/data/CataractData/semantic_segmentation/Annotations/Images-and-Supervisely-Annotations/case_5104/mask_anatomy_inst/case5104_128.png
338,/data/halyusuf/data/CataractData/semantic_segmentation/Annotations/Images-and-Supervisely-Annotations/case_5104/img/case5104_129.png,/data/halyusuf/data/CataractData/semantic_segmentation/Annotations/Images-and-Supervisely-Annotations/case_5104/mask_anatomy_inst/case5104_129.png
339,/data/halyusuf/data/CataractData/semantic_segmentation/Annotations/Images-and-Supervisely-Annotations/case_5104/img/case5104_13.png,/data/halyusuf/data/CataractData/semantic_segmentation/Annotations/Images-and-Supervisely-Annotations/case_5104/mask_anatomy_inst/case5104_13.png
340,/data/halyusuf/data/CataractData/semantic_segmentation/Annotations/Images-and-Supervisely-Annotations/case_5104/img/case5104_130.png,/data/halyusuf/data/CataractData/semantic_segmentation/Annotations/Images-and-Supervisely-Annotations/case_5104/mask_anatomy_inst/case5104_130.png
341,/data/halyusuf/data/CataractData/semantic_segmentation/Annotations/Images-and-Supervisely-Annotations/case_5104/img/case5104_131.png,/data/halyusuf/data/CataractData/semantic_segmentation/Annotations/Images-and-Supervisely-Annotations/case_5104/mask_anatomy_inst/case5104_131.png
342,/data/halyusuf/data/CataractData/semantic_segmentation/Annotations/Images-and-Supervisely-Annotations/case_5104/img/case5104_132.png,/data/halyusuf/data/CataractData/semantic_segmentation/Annotations/Images-and-Supervisely-Annotations/case_5104/mask_anatomy_inst/case5104_132.png
343,/data/halyusuf/data/CataractData/semantic_segmentation/Annotations/Images-and-Supervisely-Annotations/case_5104/img/case5104_133.png,/data/halyusuf/data/CataractData/semantic_segmentation/Annotations/Images-and-Supervisely-Annotations/case_5104/mask_anatomy_inst/case5104_133.png
344,/data/halyusuf/data/CataractData/semantic_segmentation/Annotations/Images-and-Supervisely-Annotations/case_5104/img/case5104_134.png,/data/halyusuf/data/CataractData/semantic_segmentation/Annotations/Images-and-Supervisely-Annotations/case_5104/mask_anatomy_inst/case5104_134.png
345,/data/halyusuf/data/CataractData/semantic_segmentation/Annotations/Images-and-Supervisely-Annotations/case_5104/img/case5104_135.png,/data/halyusuf/data/CataractData/semantic_segmentation/Annotations/Images-and-Supervisely-Annotations/case_5104/mask_anatomy_inst/case5104_135.png
346,/data/halyusuf/data/CataractData/semantic_segmentation/Annotations/Images-and-Supervisely-Annotations/case_5104/img/case5104_136.png,/data/halyusuf/data/CataractData/semantic_segmentation/Annotations/Images-and-Supervisely-Annotations/case_5104/mask_anatomy_inst/case5104_136.png
347,/data/halyusuf/data/CataractData/semantic_segmentation/Annotations/Images-and-Supervisely-Annotations/case_5104/img/case5104_137.png,/data/halyusuf/data/CataractData/semantic_segmentation/Annotations/Images-and-Supervisely-Annotations/case_5104/mask_anatomy_inst/case5104_137.png
348,/data/halyusuf/data/CataractData/semantic_segmentation/Annotations/Images-and-Supervisely-Annotations/case_5104/img/case5104_138.png,/data/halyusuf/data/CataractData/semantic_segmentation/Annotations/Images-and-Supervisely-Annotations/case_5104/mask_anatomy_inst/case5104_138.png
349,/data/halyusuf/data/CataractData/semantic_segmentation/Annotations/Images-and-Supervisely-Annotations/case_5104/img/case5104_139.png,/data/halyusuf/data/CataractData/semantic_segmentation/Annotations/Images-and-Supervisely-Annotations/case_5104/mask_anatomy_inst/case5104_139.png
350,/data/halyusuf/data/CataractData/semantic_segmentation/Annotations/Images-and-Supervisely-Annotations/case_5104/img/case5104_14.png,/data/halyusuf/data/CataractData/semantic_segmentation/Annotations/Images-and-Supervisely-Annotations/case_5104/mask_anatomy_inst/case5104_14.png
351,/data/halyusuf/data/CataractData/semantic_segmentation/Annotations/Images-and-Supervisely-Annotations/case_5104/img/case5104_140.png,/data/halyusuf/data/CataractData/semantic_segmentation/Annotations/Images-and-Supervisely-Annotations/case_5104/mask_anatomy_inst/case5104_140.png
352,/data/halyusuf/data/CataractData/semantic_segmentation/Annotations/Images-and-Supervisely-Annotations/case_5104/img/case5104_141.png,/data/halyusuf/data/CataractData/semantic_segmentation/Annotations/Images-and-Supervisely-Annotations/case_5104/mask_anatomy_inst/case5104_141.png
353,/data/halyusuf/data/CataractData/semantic_segmentation/Annotations/Images-and-Supervisely-Annotations/case_5104/img/case5104_142.png,/data/halyusuf/data/CataractData/semantic_segmentation/Annotations/Images-and-Supervisely-Annotations/case_5104/mask_anatomy_inst/case5104_142.png
354,/data/halyusuf/data/CataractData/semantic_segmentation/Annotations/Images-and-Supervisely-Annotations/case_5104/img/case5104_143.png,/data/halyusuf/data/CataractData/semantic_segmentation/Annotations/Images-and-Supervisely-Annotations/case_5104/mask_anatomy_inst/case5104_143.png
355,/data/halyusuf/data/CataractData/semantic_segmentation/Annotations/Images-and-Supervisely-Annotations/case_5104/img/case5104_144.png,/data/halyusuf/data/CataractData/semantic_segmentation/Annotations/Images-and-Supervisely-Annotations/case_5104/mask_anatomy_inst/case5104_144.png
356,/data/halyusuf/data/CataractData/semantic_segmentation/Annotations/Images-and-Supervisely-Annotations/case_5104/img/case5104_145.png,/data/halyusuf/data/CataractData/semantic_segmentation/Annotations/Images-and-Supervisely-Annotations/case_5104/mask_anatomy_inst/case5104_145.png
357,/data/halyusuf/data/CataractData/semantic_segmentation/Annotations/Images-and-Supervisely-Annotations/case_5104/img/case5104_146.png,/data/halyusuf/data/CataractData/semantic_segmentation/Annotations/Images-and-Supervisely-Annotations/case_5104/mask_anatomy_inst/case5104_146.png
358,/data/halyusuf/data/CataractData/semantic_segmentation/Annotations/Images-and-Supervisely-Annotations/case_5104/img/case5104_147.png,/data/halyusuf/data/CataractData/semantic_segmentation/Annotations/Images-and-Supervisely-Annotations/case_5104/mask_anatomy_inst/case5104_147.png
359,/data/halyusuf/data/CataractData/semantic_segmentation/Annotations/Images-and-Supervisely-Annotations/case_5104/img/case5104_148.png,/data/halyusuf/data/CataractData/semantic_segmentation/Annotations/Images-and-Supervisely-Annotations/case_5104/mask_anatomy_inst/case5104_148.png
360,/data/halyusuf/data/CataractData/semantic_segmentation/Annotations/Images-and-Supervisely-Annotations/case_5104/img/case5104_149.png,/data/halyusuf/data/CataractData/semantic_segmentation/Annotations/Images-and-Supervisely-Annotations/case_5104/mask_anatomy_inst/case5104_149.png
361,/data/halyusuf/data/CataractData/semantic_segmentation/Annotations/Images-and-Supervisely-Annotations/case_5104/img/case5104_15.png,/data/halyusuf/data/CataractData/semantic_segmentation/Annotations/Images-and-Supervisely-Annotations/case_5104/mask_anatomy_inst/case5104_15.png
362,/data/halyusuf/data/CataractData/semantic_segmentation/Annotations/Images-and-Supervisely-Annotations/case_5104/img/case5104_150.png,/data/halyusuf/data/CataractData/semantic_segmentation/Annotations/Images-and-Supervisely-Annotations/case_5104/mask_anatomy_inst/case5104_150.png
363,/data/halyusuf/data/CataractData/semantic_segmentation/Annotations/Images-and-Supervisely-Annotations/case_5104/img/case5104_151.png,/data/halyusuf/data/CataractData/semantic_segmentation/Annotations/Images-and-Supervisely-Annotations/case_5104/mask_anatomy_inst/case5104_151.png
364,/data/halyusuf/data/CataractData/semantic_segmentation/Annotations/Images-and-Supervisely-Annotations/case_5104/img/case5104_152.png,/data/halyusuf/data/CataractData/semantic_segmentation/Annotations/Images-and-Supervisely-Annotations/case_5104/mask_anatomy_inst/case5104_152.png
365,/data/halyusuf/data/CataractData/semantic_segmentation/Annotations/Images-and-Supervisely-Annotations/case_5104/img/case5104_153.png,/data/halyusuf/data/CataractData/semantic_segmentation/Annotations/Images-and-Supervisely-Annotations/case_5104/mask_anatomy_inst/case5104_153.png
366,/data/halyusuf/data/CataractData/semantic_segmentation/Annotations/Images-and-Supervisely-Annotations/case_5104/img/case5104_154.png,/data/halyusuf/data/CataractData/semantic_segmentation/Annotations/Images-and-Supervisely-Annotations/case_5104/mask_anatomy_inst/case5104_154.png
367,/data/halyusuf/data/CataractData/semantic_segmentation/Annotations/Images-and-Supervisely-Annotations/case_5104/img/case5104_155.png,/data/halyusuf/data/CataractData/semantic_segmentation/Annotations/Images-and-Supervisely-Annotations/case_5104/mask_anatomy_inst/case5104_155.png
368,/data/halyusuf/data/CataractData/semantic_segmentation/Annotations/Images-and-Supervisely-Annotations/case_5104/img/case5104_156.png,/data/halyusuf/data/CataractData/semantic_segmentation/Annotations/Images-and-Supervisely-Annotations/case_5104/mask_anatomy_inst/case5104_156.png
369,/data/halyusuf/data/CataractData/semantic_segmentation/Annotations/Images-and-Supervisely-Annotations/case_5104/img/case5104_157.png,/data/halyusuf/data/CataractData/semantic_segmentation/Annotations/Images-and-Supervisely-Annotations/case_5104/mask_anatomy_inst/case5104_157.png
370,/data/halyusuf/data/CataractData/semantic_segmentation/Annotations/Images-and-Supervisely-Annotations/case_5104/img/case5104_158.png,/data/halyusuf/data/CataractData/semantic_segmentation/Annotations/Images-and-Supervisely-Annotations/case_5104/mask_anatomy_inst/case5104_158.png
371,/data/halyusuf/data/CataractData/semantic_segmentation/Annotations/Images-and-Supervisely-Annotations/case_5104/img/case5104_159.png,/data/halyusuf/data/CataractData/semantic_segmentation/Annotations/Images-and-Supervisely-Annotations/case_5104/mask_anatomy_inst/case5104_159.png
372,/data/halyusuf/data/CataractData/semantic_segmentation/Annotations/Images-and-Supervisely-Annotations/case_5104/img/case5104_16.png,/data/halyusuf/data/CataractData/semantic_segmentation/Annotations/Images-and-Supervisely-Annotations/case_5104/mask_anatomy_inst/case5104_16.png
373,/data/halyusuf/data/CataractData/semantic_segmentation/Annotations/Images-and-Supervisely-Annotations/case_5104/img/case5104_160.png,/data/halyusuf/data/CataractData/semantic_segmentation/Annotations/Images-and-Supervisely-Annotations/case_5104/mask_anatomy_inst/case5104_160.png
374,/data/halyusuf/data/CataractData/semantic_segmentation/Annotations/Images-and-Supervisely-Annotations/case_5104/img/case5104_161.png,/data/halyusuf/data/CataractData/semantic_segmentation/Annotations/Images-and-Supervisely-Annotations/case_5104/mask_anatomy_inst/case5104_161.png
375,/data/halyusuf/data/CataractData/semantic_segmentation/Annotations/Images-and-Supervisely-Annotations/case_5104/img/case5104_162.png,/data/halyusuf/data/CataractData/semantic_segmentation/Annotations/Images-and-Supervisely-Annotations/case_5104/mask_anatomy_inst/case5104_162.png
376,/data/halyusuf/data/CataractData/semantic_segmentation/Annotations/Images-and-Supervisely-Annotations/case_5104/img/case5104_163.png,/data/halyusuf/data/CataractData/semantic_segmentation/Annotations/Images-and-Supervisely-Annotations/case_5104/mask_anatomy_inst/case5104_163.png
377,/data/halyusuf/data/CataractData/semantic_segmentation/Annotations/Images-and-Supervisely-Annotations/case_5104/img/case5104_164.png,/data/halyusuf/data/CataractData/semantic_segmentation/Annotations/Images-and-Supervisely-Annotations/case_5104/mask_anatomy_inst/case5104_164.png
378,/data/halyusuf/data/CataractData/semantic_segmentation/Annotations/Images-and-Supervisely-Annotations/case_5104/img/case5104_165.png,/data/halyusuf/data/CataractData/semantic_segmentation/Annotations/Images-and-Supervisely-Annotations/case_5104/mask_anatomy_inst/case5104_165.png
379,/data/halyusuf/data/CataractData/semantic_segmentation/Annotations/Images-and-Supervisely-Annotations/case_5104/img/case5104_166.png,/data/halyusuf/data/CataractData/semantic_segmentation/Annotations/Images-and-Supervisely-Annotations/case_5104/mask_anatomy_inst/case5104_166.png
380,/data/halyusuf/data/CataractData/semantic_segmentation/Annotations/Images-and-Supervisely-Annotations/case_5104/img/case5104_167.png,/data/halyusuf/data/CataractData/semantic_segmentation/Annotations/Images-and-Supervisely-Annotations/case_5104/mask_anatomy_inst/case5104_167.png
381,/data/halyusuf/data/CataractData/semantic_segmentation/Annotations/Images-and-Supervisely-Annotations/case_5104/img/case5104_168.png,/data/halyusuf/data/CataractData/semantic_segmentation/Annotations/Images-and-Supervisely-Annotations/case_5104/mask_anatomy_inst/case5104_168.png
382,/data/halyusuf/data/CataractData/semantic_segmentation/Annotations/Images-and-Supervisely-Annotations/case_5104/img/case5104_169.png,/data/halyusuf/data/CataractData/semantic_segmentation/Annotations/Images-and-Supervisely-Annotations/case_5104/mask_anatomy_inst/case5104_169.png
383,/data/halyusuf/data/CataractData/semantic_segmentation/Annotations/Images-and-Supervisely-Annotations/case_5104/img/case5104_17.png,/data/halyusuf/data/CataractData/semantic_segmentation/Annotations/Images-and-Supervisely-Annotations/case_5104/mask_anatomy_inst/case5104_17.png
384,/data/halyusuf/data/CataractData/semantic_segmentation/Annotations/Images-and-Supervisely-Annotations/case_5104/img/case5104_170.png,/data/halyusuf/data/CataractData/semantic_segmentation/Annotations/Images-and-Supervisely-Annotations/case_5104/mask_anatomy_inst/case5104_170.png
385,/data/halyusuf/data/CataractData/semantic_segmentation/Annotations/Images-and-Supervisely-Annotations/case_5104/img/case5104_171.png,/data/halyusuf/data/CataractData/semantic_segmentation/Annotations/Images-and-Supervisely-Annotations/case_5104/mask_anatomy_inst/case5104_171.png
386,/data/halyusuf/data/CataractData/semantic_segmentation/Annotations/Images-and-Supervisely-Annotations/case_5104/img/case5104_172.png,/data/halyusuf/data/CataractData/semantic_segmentation/Annotations/Images-and-Supervisely-Annotations/case_5104/mask_anatomy_inst/case5104_172.png
387,/data/halyusuf/data/CataractData/semantic_segmentation/Annotations/Images-and-Supervisely-Annotations/case_5104/img/case5104_173.png,/data/halyusuf/data/CataractData/semantic_segmentation/Annotations/Images-and-Supervisely-Annotations/case_5104/mask_anatomy_inst/case5104_173.png
388,/data/halyusuf/data/CataractData/semantic_segmentation/Annotations/Images-and-Supervisely-Annotations/case_5104/img/case5104_174.png,/data/halyusuf/data/CataractData/semantic_segmentation/Annotations/Images-and-Supervisely-Annotations/case_5104/mask_anatomy_inst/case5104_174.png
389,/data/halyusuf/data/CataractData/semantic_segmentation/Annotations/Images-and-Supervisely-Annotations/case_5104/img/case5104_175.png,/data/halyusuf/data/CataractData/semantic_segmentation/Annotations/Images-and-Supervisely-Annotations/case_5104/mask_anatomy_inst/case5104_175.png
390,/data/halyusuf/data/CataractData/semantic_segmentation/Annotations/Images-and-Supervisely-Annotations/case_5104/img/case5104_176.png,/data/halyusuf/data/CataractData/semantic_segmentation/Annotations/Images-and-Supervisely-Annotations/case_5104/mask_anatomy_inst/case5104_176.png
391,/data/halyusuf/data/CataractData/semantic_segmentation/Annotations/Images-and-Supervisely-Annotations/case_5104/img/case5104_177.png,/data/halyusuf/data/CataractData/semantic_segmentation/Annotations/Images-and-Supervisely-Annotations/case_5104/mask_anatomy_inst/case5104_177.png
392,/data/halyusuf/data/CataractData/semantic_segmentation/Annotations/Images-and-Supervisely-Annotations/case_5104/img/case5104_178.png,/data/halyusuf/data/CataractData/semantic_segmentation/Annotations/Images-and-Supervisely-Annotations/case_5104/mask_anatomy_inst/case5104_178.png
393,/data/halyusuf/data/CataractData/semantic_segmentation/Annotations/Images-and-Supervisely-Annotations/case_5104/img/case5104_179.png,/data/halyusuf/data/CataractData/semantic_segmentation/Annotations/Images-and-Supervisely-Annotations/case_5104/mask_anatomy_inst/case5104_179.png
394,/data/halyusuf/data/CataractData/semantic_segmentation/Annotations/Images-and-Supervisely-Annotations/case_5104/img/case5104_18.png,/data/halyusuf/data/CataractData/semantic_segmentation/Annotations/Images-and-Supervisely-Annotations/case_5104/mask_anatomy_inst/case5104_18.png
395,/data/halyusuf/data/CataractData/semantic_segmentation/Annotations/Images-and-Supervisely-Annotations/case_5104/img/case5104_180.png,/data/halyusuf/data/CataractData/semantic_segmentation/Annotations/Images-and-Supervisely-Annotations/case_5104/mask_anatomy_inst/case5104_180.png
396,/data/halyusuf/data/CataractData/semantic_segmentation/Annotations/Images-and-Supervisely-Annotations/case_5104/img/case5104_181.png,/data/halyusuf/data/CataractData/semantic_segmentation/Annotations/Images-and-Supervisely-Annotations/case_5104/mask_anatomy_inst/case5104_181.png
397,/data/halyusuf/data/CataractData/semantic_segmentation/Annotations/Images-and-Supervisely-Annotations/case_5104/img/case5104_182.png,/data/halyusuf/data/CataractData/semantic_segmentation/Annotations/Images-and-Supervisely-Annotations/case_5104/mask_anatomy_inst/case5104_182.png
398,/data/halyusuf/data/CataractData/semantic_segmentation/Annotations/Images-and-Supervisely-Annotations/case_5104/img/case5104_183.png,/data/halyusuf/data/CataractData/semantic_segmentation/Annotations/Images-and-Supervisely-Annotations/case_5104/mask_anatomy_inst/case5104_183.png
399,/data/halyusuf/data/CataractData/semantic_segmentation/Annotations/Images-and-Supervisely-Annotations/case_5104/img/case5104_184.png,/data/halyusuf/data/CataractData/semantic_segmentation/Annotations/Images-and-Supervisely-Annotations/case_5104/mask_anatomy_inst/case5104_184.png
400,/data/halyusuf/data/CataractData/semantic_segmentation/Annotations/Images-and-Supervisely-Annotations/case_5104/img/case5104_19.png,/data/halyusuf/data/CataractData/semantic_segmentation/Annotations/Images-and-Supervisely-Annotations/case_5104/mask_anatomy_inst/case5104_19.png
401,/data/halyusuf/data/CataractData/semantic_segmentation/Annotations/Images-and-Supervisely-Annotations/case_5104/img/case5104_20.png,/data/halyusuf/data/CataractData/semantic_segmentation/Annotations/Images-and-Supervisely-Annotations/case_5104/mask_anatomy_inst/case5104_20.png
402,/data/halyusuf/data/CataractData/semantic_segmentation/Annotations/Images-and-Supervisely-Annotations/case_5104/img/case5104_22.png,/data/halyusuf/data/CataractData/semantic_segmentation/Annotations/Images-and-Supervisely-Annotations/case_5104/mask_anatomy_inst/case5104_22.png
403,/data/halyusuf/data/CataractData/semantic_segmentation/Annotations/Images-and-Supervisely-Annotations/case_5104/img/case5104_23.png,/data/halyusuf/data/CataractData/semantic_segmentation/Annotations/Images-and-Supervisely-Annotations/case_5104/mask_anatomy_inst/case5104_23.png
404,/data/halyusuf/data/CataractData/semantic_segmentation/Annotations/Images-and-Supervisely-Annotations/case_5104/img/case5104_24.png,/data/halyusuf/data/CataractData/semantic_segmentation/Annotations/Images-and-Supervisely-Annotations/case_5104/mask_anatomy_inst/case5104_24.png
405,/data/halyusuf/data/CataractData/semantic_segmentation/Annotations/Images-and-Supervisely-Annotations/case_5104/img/case5104_25.png,/data/halyusuf/data/CataractData/semantic_segmentation/Annotations/Images-and-Supervisely-Annotations/case_5104/mask_anatomy_inst/case5104_25.png
406,/data/halyusuf/data/CataractData/semantic_segmentation/Annotations/Images-and-Supervisely-Annotations/case_5104/img/case5104_26.png,/data/halyusuf/data/CataractData/semantic_segmentation/Annotations/Images-and-Supervisely-Annotations/case_5104/mask_anatomy_inst/case5104_26.png
407,/data/halyusuf/data/CataractData/semantic_segmentation/Annotations/Images-and-Supervisely-Annotations/case_5104/img/case5104_27.png,/data/halyusuf/data/CataractData/semantic_segmentation/Annotations/Images-and-Supervisely-Annotations/case_5104/mask_anatomy_inst/case5104_27.png
408,/data/halyusuf/data/CataractData/semantic_segmentation/Annotations/Images-and-Supervisely-Annotations/case_5104/img/case5104_28.png,/data/halyusuf/data/CataractData/semantic_segmentation/Annotations/Images-and-Supervisely-Annotations/case_5104/mask_anatomy_inst/case5104_28.png
409,/data/halyusuf/data/CataractData/semantic_segmentation/Annotations/Images-and-Supervisely-Annotations/case_5104/img/case5104_29.png,/data/halyusuf/data/CataractData/semantic_segmentation/Annotations/Images-and-Supervisely-Annotations/case_5104/mask_anatomy_inst/case5104_29.png
410,/data/halyusuf/data/CataractData/semantic_segmentation/Annotations/Images-and-Supervisely-Annotations/case_5104/img/case5104_30.png,/data/halyusuf/data/CataractData/semantic_segmentation/Annotations/Images-and-Supervisely-Annotations/case_5104/mask_anatomy_inst/case5104_30.png
411,/data/halyusuf/data/CataractData/semantic_segmentation/Annotations/Images-and-Supervisely-Annotations/case_5104/img/case5104_31.png,/data/halyusuf/data/CataractData/semantic_segmentation/Annotations/Images-and-Supervisely-Annotations/case_5104/mask_anatomy_inst/case5104_31.png
412,/data/halyusuf/data/CataractData/semantic_segmentation/Annotations/Images-and-Supervisely-Annotations/case_5104/img/case5104_32.png,/data/halyusuf/data/CataractData/semantic_segmentation/Annotations/Images-and-Supervisely-Annotations/case_5104/mask_anatomy_inst/case5104_32.png
413,/data/halyusuf/data/CataractData/semantic_segmentation/Annotations/Images-and-Supervisely-Annotations/case_5104/img/case5104_33.png,/data/halyusuf/data/CataractData/semantic_segmentation/Annotations/Images-and-Supervisely-Annotations/case_5104/mask_anatomy_inst/case5104_33.png
414,/data/halyusuf/data/CataractData/semantic_segmentation/Annotations/Images-and-Supervisely-Annotations/case_5104/img/case5104_34.png,/data/halyusuf/data/CataractData/semantic_segmentation/Annotations/Images-and-Supervisely-Annotations/case_5104/mask_anatomy_inst/case5104_34.png
415,/data/halyusuf/data/CataractData/semantic_segmentation/Annotations/Images-and-Supervisely-Annotations/case_5104/img/case5104_35.png,/data/halyusuf/data/CataractData/semantic_segmentation/Annotations/Images-and-Supervisely-Annotations/case_5104/mask_anatomy_inst/case5104_35.png
416,/data/halyusuf/data/CataractData/semantic_segmentation/Annotations/Images-and-Supervisely-Annotations/case_5104/img/case5104_36.png,/data/halyusuf/data/CataractData/semantic_segmentation/Annotations/Images-and-Supervisely-Annotations/case_5104/mask_anatomy_inst/case5104_36.png
417,/data/halyusuf/data/CataractData/semantic_segmentation/Annotations/Images-and-Supervisely-Annotations/case_5104/img/case5104_37.png,/data/halyusuf/data/CataractData/semantic_segmentation/Annotations/Images-and-Supervisely-Annotations/case_5104/mask_anatomy_inst/case5104_37.png
418,/data/halyusuf/data/CataractData/semantic_segmentation/Annotations/Images-and-Supervisely-Annotations/case_5104/img/case5104_38.png,/data/halyusuf/data/CataractData/semantic_segmentation/Annotations/Images-and-Supervisely-Annotations/case_5104/mask_anatomy_inst/case5104_38.png
419,/data/halyusuf/data/CataractData/semantic_segmentation/Annotations/Images-and-Supervisely-Annotations/case_5104/img/case5104_39.png,/data/halyusuf/data/CataractData/semantic_segmentation/Annotations/Images-and-Supervisely-Annotations/case_5104/mask_anatomy_inst/case5104_39.png
420,/data/halyusuf/data/CataractData/semantic_segmentation/Annotations/Images-and-Supervisely-Annotations/case_5104/img/case5104_40.png,/data/halyusuf/data/CataractData/semantic_segmentation/Annotations/Images-and-Supervisely-Annotations/case_5104/mask_anatomy_inst/case5104_40.png
421,/data/halyusuf/data/CataractData/semantic_segmentation/Annotations/Images-and-Supervisely-Annotations/case_5104/img/case5104_41.png,/data/halyusuf/data/CataractData/semantic_segmentation/Annotations/Images-and-Supervisely-Annotations/case_5104/mask_anatomy_inst/case5104_41.png
422,/data/halyusuf/data/CataractData/semantic_segmentation/Annotations/Images-and-Supervisely-Annotations/case_5104/img/case5104_42.png,/data/halyusuf/data/CataractData/semantic_segmentation/Annotations/Images-and-Supervisely-Annotations/case_5104/mask_anatomy_inst/case5104_42.png
423,/data/halyusuf/data/CataractData/semantic_segmentation/Annotations/Images-and-Supervisely-Annotations/case_5104/img/case5104_43.png,/data/halyusuf/data/CataractData/semantic_segmentation/Annotations/Images-and-Supervisely-Annotations/case_5104/mask_anatomy_inst/case5104_43.png
424,/data/halyusuf/data/CataractData/semantic_segmentation/Annotations/Images-and-Supervisely-Annotations/case_5104/img/case5104_44.png,/data/halyusuf/data/CataractData/semantic_segmentation/Annotations/Images-and-Supervisely-Annotations/case_5104/mask_anatomy_inst/case5104_44.png
425,/data/halyusuf/data/CataractData/semantic_segmentation/Annotations/Images-and-Supervisely-Annotations/case_5104/img/case5104_45.png,/data/halyusuf/data/CataractData/semantic_segmentation/Annotations/Images-and-Supervisely-Annotations/case_5104/mask_anatomy_inst/case5104_45.png
426,/data/halyusuf/data/CataractData/semantic_segmentation/Annotations/Images-and-Supervisely-Annotations/case_5104/img/case5104_46.png,/data/halyusuf/data/CataractData/semantic_segmentation/Annotations/Images-and-Supervisely-Annotations/case_5104/mask_anatomy_inst/case5104_46.png
427,/data/halyusuf/data/CataractData/semantic_segmentation/Annotations/Images-and-Supervisely-Annotations/case_5104/img/case5104_47.png,/data/halyusuf/data/CataractData/semantic_segmentation/Annotations/Images-and-Supervisely-Annotations/case_5104/mask_anatomy_inst/case5104_47.png
428,/data/halyusuf/data/CataractData/semantic_segmentation/Annotations/Images-and-Supervisely-Annotations/case_5104/img/case5104_48.png,/data/halyusuf/data/CataractData/semantic_segmentation/Annotations/Images-and-Supervisely-Annotations/case_5104/mask_anatomy_inst/case5104_48.png
429,/data/halyusuf/data/CataractData/semantic_segmentation/Annotations/Images-and-Supervisely-Annotations/case_5104/img/case5104_49.png,/data/halyusuf/data/CataractData/semantic_segmentation/Annotations/Images-and-Supervisely-Annotations/case_5104/mask_anatomy_inst/case5104_49.png
430,/data/halyusuf/data/CataractData/semantic_segmentation/Annotations/Images-and-Supervisely-Annotations/case_5104/img/case5104_50.png,/data/halyusuf/data/CataractData/semantic_segmentation/Annotations/Images-and-Supervisely-Annotations/case_5104/mask_anatomy_inst/case5104_50.png
431,/data/halyusuf/data/CataractData/semantic_segmentation/Annotations/Images-and-Supervisely-Annotations/case_5104/img/case5104_51.png,/data/halyusuf/data/CataractData/semantic_segmentation/Annotations/Images-and-Supervisely-Annotations/case_5104/mask_anatomy_inst/case5104_51.png
432,/data/halyusuf/data/CataractData/semantic_segmentation/Annotations/Images-and-Supervisely-Annotations/case_5104/img/case5104_52.png,/data/halyusuf/data/CataractData/semantic_segmentation/Annotations/Images-and-Supervisely-Annotations/case_5104/mask_anatomy_inst/case5104_52.png
433,/data/halyusuf/data/CataractData/semantic_segmentation/Annotations/Images-and-Supervisely-Annotations/case_5104/img/case5104_53.png,/data/halyusuf/data/CataractData/semantic_segmentation/Annotations/Images-and-Supervisely-Annotations/case_5104/mask_anatomy_inst/case5104_53.png
434,/data/halyusuf/data/CataractData/semantic_segmentation/Annotations/Images-and-Supervisely-Annotations/case_5104/img/case5104_54.png,/data/halyusuf/data/CataractData/semantic_segmentation/Annotations/Images-and-Supervisely-Annotations/case_5104/mask_anatomy_inst/case5104_54.png
435,/data/halyusuf/data/CataractData/semantic_segmentation/Annotations/Images-and-Supervisely-Annotations/case_5104/img/case5104_55.png,/data/halyusuf/data/CataractData/semantic_segmentation/Annotations/Images-and-Supervisely-Annotations/case_5104/mask_anatomy_inst/case5104_55.png
436,/data/halyusuf/data/CataractData/semantic_segmentation/Annotations/Images-and-Supervisely-Annotations/case_5104/img/case5104_56.png,/data/halyusuf/data/CataractData/semantic_segmentation/Annotations/Images-and-Supervisely-Annotations/case_5104/mask_anatomy_inst/case5104_56.png
437,/data/halyusuf/data/CataractData/semantic_segmentation/Annotations/Images-and-Supervisely-Annotations/case_5104/img/case5104_57.png,/data/halyusuf/data/CataractData/semantic_segmentation/Annotations/Images-and-Supervisely-Annotations/case_5104/mask_anatomy_inst/case5104_57.png
438,/data/halyusuf/data/CataractData/semantic_segmentation/Annotations/Images-and-Supervisely-Annotations/case_5104/img/case5104_58.png,/data/halyusuf/data/CataractData/semantic_segmentation/Annotations/Images-and-Supervisely-Annotations/case_5104/mask_anatomy_inst/case5104_58.png
439,/data/halyusuf/data/CataractData/semantic_segmentation/Annotations/Images-and-Supervisely-Annotations/case_5104/img/case5104_59.png,/data/halyusuf/data/CataractData/semantic_segmentation/Annotations/Images-and-Supervisely-Annotations/case_5104/mask_anatomy_inst/case5104_59.png
440,/data/halyusuf/data/CataractData/semantic_segmentation/Annotations/Images-and-Supervisely-Annotations/case_5104/img/case5104_60.png,/data/halyusuf/data/CataractData/semantic_segmentation/Annotations/Images-and-Supervisely-Annotations/case_5104/mask_anatomy_inst/case5104_60.png
441,/data/halyusuf/data/CataractData/semantic_segmentation/Annotations/Images-and-Supervisely-Annotations/case_5104/img/case5104_61.png,/data/halyusuf/data/CataractData/semantic_segmentation/Annotations/Images-and-Supervisely-Annotations/case_5104/mask_anatomy_inst/case5104_61.png
442,/data/halyusuf/data/CataractData/semantic_segmentation/Annotations/Images-and-Supervisely-Annotations/case_5104/img/case5104_62.png,/data/halyusuf/data/CataractData/semantic_segmentation/Annotations/Images-and-Supervisely-Annotations/case_5104/mask_anatomy_inst/case5104_62.png
443,/data/halyusuf/data/CataractData/semantic_segmentation/Annotations/Images-and-Supervisely-Annotations/case_5104/img/case5104_63.png,/data/halyusuf/data/CataractData/semantic_segmentation/Annotations/Images-and-Supervisely-Annotations/case_5104/mask_anatomy_inst/case5104_63.png
444,/data/halyusuf/data/CataractData/semantic_segmentation/Annotations/Images-and-Supervisely-Annotations/case_5104/img/case5104_64.png,/data/halyusuf/data/CataractData/semantic_segmentation/Annotations/Images-and-Supervisely-Annotations/case_5104/mask_anatomy_inst/case5104_64.png
445,/data/halyusuf/data/CataractData/semantic_segmentation/Annotations/Images-and-Supervisely-Annotations/case_5104/img/case5104_65.png,/data/halyusuf/data/CataractData/semantic_segmentation/Annotations/Images-and-Supervisely-Annotations/case_5104/mask_anatomy_inst/case5104_65.png
446,/data/halyusuf/data/CataractData/semantic_segmentation/Annotations/Images-and-Supervisely-Annotations/case_5104/img/case5104_66.png,/data/halyusuf/data/CataractData/semantic_segmentation/Annotations/Images-and-Supervisely-Annotations/case_5104/mask_anatomy_inst/case5104_66.png
447,/data/halyusuf/data/CataractData/semantic_segmentation/Annotations/Images-and-Supervisely-Annotations/case_5104/img/case5104_67.png,/data/halyusuf/data/CataractData/semantic_segmentation/Annotations/Images-and-Supervisely-Annotations/case_5104/mask_anatomy_inst/case5104_67.png
448,/data/halyusuf/data/CataractData/semantic_segmentation/Annotations/Images-and-Supervisely-Annotations/case_5104/img/case5104_68.png,/data/halyusuf/data/CataractData/semantic_segmentation/Annotations/Images-and-Supervisely-Annotations/case_5104/mask_anatomy_inst/case5104_68.png
449,/data/halyusuf/data/CataractData/semantic_segmentation/Annotations/Images-and-Supervisely-Annotations/case_5104/img/case5104_69.png,/data/halyusuf/data/CataractData/semantic_segmentation/Annotations/Images-and-Supervisely-Annotations/case_5104/mask_anatomy_inst/case5104_69.png
450,/data/halyusuf/data/CataractData/semantic_segmentation/Annotations/Images-and-Supervisely-Annotations/case_5104/img/case5104_70.png,/data/halyusuf/data/CataractData/semantic_segmentation/Annotations/Images-and-Supervisely-Annotations/case_5104/mask_anatomy_inst/case5104_70.png
451,/data/halyusuf/data/CataractData/semantic_segmentation/Annotations/Images-and-Supervisely-Annotations/case_5104/img/case5104_71.png,/data/halyusuf/data/CataractData/semantic_segmentation/Annotations/Images-and-Supervisely-Annotations/case_5104/mask_anatomy_inst/case5104_71.png
452,/data/halyusuf/data/CataractData/semantic_segmentation/Annotations/Images-and-Supervisely-Annotations/case_5104/img/case5104_72.png,/data/halyusuf/data/CataractData/semantic_segmentation/Annotations/Images-and-Supervisely-Annotations/case_5104/mask_anatomy_inst/case5104_72.png
453,/data/halyusuf/data/CataractData/semantic_segmentation/Annotations/Images-and-Supervisely-Annotations/case_5104/img/case5104_73.png,/data/halyusuf/data/CataractData/semantic_segmentation/Annotations/Images-and-Supervisely-Annotations/case_5104/mask_anatomy_inst/case5104_73.png
454,/data/halyusuf/data/CataractData/semantic_segmentation/Annotations/Images-and-Supervisely-Annotations/case_5104/img/case5104_74.png,/data/halyusuf/data/CataractData/semantic_segmentation/Annotations/Images-and-Supervisely-Annotations/case_5104/mask_anatomy_inst/case5104_74.png
455,/data/halyusuf/data/CataractData/semantic_segmentation/Annotations/Images-and-Supervisely-Annotations/case_5104/img/case5104_75.png,/data/halyusuf/data/CataractData/semantic_segmentation/Annotations/Images-and-Supervisely-Annotations/case_5104/mask_anatomy_inst/case5104_75.png
456,/data/halyusuf/data/CataractData/semantic_segmentation/Annotations/Images-and-Supervisely-Annotations/case_5104/img/case5104_76.png,/data/halyusuf/data/CataractData/semantic_segmentation/Annotations/Images-and-Supervisely-Annotations/case_5104/mask_anatomy_inst/case5104_76.png
457,/data/halyusuf/data/CataractData/semantic_segmentation/Annotations/Images-and-Supervisely-Annotations/case_5104/img/case5104_77.png,/data/halyusuf/data/CataractData/semantic_segmentation/Annotations/Images-and-Supervisely-Annotations/case_5104/mask_anatomy_inst/case5104_77.png
458,/data/halyusuf/data/CataractData/semantic_segmentation/Annotations/Images-and-Supervisely-Annotations/case_5104/img/case5104_78.png,/data/halyusuf/data/CataractData/semantic_segmentation/Annotations/Images-and-Supervisely-Annotations/case_5104/mask_anatomy_inst/case5104_78.png
459,/data/halyusuf/data/CataractData/semantic_segmentation/Annotations/Images-and-Supervisely-Annotations/case_5104/img/case5104_79.png,/data/halyusuf/data/CataractData/semantic_segmentation/Annotations/Images-and-Supervisely-Annotations/case_5104/mask_anatomy_inst/case5104_79.png
460,/data/halyusuf/data/CataractData/semantic_segmentation/Annotations/Images-and-Supervisely-Annotations/case_5104/img/case5104_80.png,/data/halyusuf/data/CataractData/semantic_segmentation/Annotations/Images-and-Supervisely-Annotations/case_5104/mask_anatomy_inst/case5104_80.png
461,/data/halyusuf/data/CataractData/semantic_segmentation/Annotations/Images-and-Supervisely-Annotations/case_5104/img/case5104_81.png,/data/halyusuf/data/CataractData/semantic_segmentation/Annotations/Images-and-Supervisely-Annotations/case_5104/mask_anatomy_inst/case5104_81.png
462,/data/halyusuf/data/CataractData/semantic_segmentation/Annotations/Images-and-Supervisely-Annotations/case_5104/img/case5104_82.png,/data/halyusuf/data/CataractData/semantic_segmentation/Annotations/Images-and-Supervisely-Annotations/case_5104/mask_anatomy_inst/case5104_82.png
463,/data/halyusuf/data/CataractData/semantic_segmentation/Annotations/Images-and-Supervisely-Annotations/case_5104/img/case5104_83.png,/data/halyusuf/data/CataractData/semantic_segmentation/Annotations/Images-and-Supervisely-Annotations/case_5104/mask_anatomy_inst/case5104_83.png
464,/data/halyusuf/data/CataractData/semantic_segmentation/Annotations/Images-and-Supervisely-Annotations/case_5104/img/case5104_84.png,/data/halyusuf/data/CataractData/semantic_segmentation/Annotations/Images-and-Supervisely-Annotations/case_5104/mask_anatomy_inst/case5104_84.png
465,/data/halyusuf/data/CataractData/semantic_segmentation/Annotations/Images-and-Supervisely-Annotations/case_5104/img/case5104_85.png,/data/halyusuf/data/CataractData/semantic_segmentation/Annotations/Images-and-Supervisely-Annotations/case_5104/mask_anatomy_inst/case5104_85.png
466,/data/halyusuf/data/CataractData/semantic_segmentation/Annotations/Images-and-Supervisely-Annotations/case_5104/img/case5104_86.png,/data/halyusuf/data/CataractData/semantic_segmentation/Annotations/Images-and-Supervisely-Annotations/case_5104/mask_anatomy_inst/case5104_86.png
467,/data/halyusuf/data/CataractData/semantic_segmentation/Annotations/Images-and-Supervisely-Annotations/case_5104/img/case5104_87.png,/data/halyusuf/data/CataractData/semantic_segmentation/Annotations/Images-and-Supervisely-Annotations/case_5104/mask_anatomy_inst/case5104_87.png
468,/data/halyusuf/data/CataractData/semantic_segmentation/Annotations/Images-and-Supervisely-Annotations/case_5104/img/case5104_88.png,/data/halyusuf/data/CataractData/semantic_segmentation/Annotations/Images-and-Supervisely-Annotations/case_5104/mask_anatomy_inst/case5104_88.png
469,/data/halyusuf/data/CataractData/semantic_segmentation/Annotations/Images-and-Supervisely-Annotations/case_5104/img/case5104_89.png,/data/halyusuf/data/CataractData/semantic_segmentation/Annotations/Images-and-Supervisely-Annotations/case_5104/mask_anatomy_inst/case5104_89.png
470,/data/halyusuf/data/CataractData/semantic_segmentation/Annotations/Images-and-Supervisely-Annotations/case_5104/img/case5104_90.png,/data/halyusuf/data/CataractData/semantic_segmentation/Annotations/Images-and-Supervisely-Annotations/case_5104/mask_anatomy_inst/case5104_90.png
471,/data/halyusuf/data/CataractData/semantic_segmentation/Annotations/Images-and-Supervisely-Annotations/case_5104/img/case5104_91.png,/data/halyusuf/data/CataractData/semantic_segmentation/Annotations/Images-and-Supervisely-Annotations/case_5104/mask_anatomy_inst/case5104_91.png
472,/data/halyusuf/data/CataractData/semantic_segmentation/Annotations/Images-and-Supervisely-Annotations/case_5104/img/case5104_92.png,/data/halyusuf/data/CataractData/semantic_segmentation/Annotations/Images-and-Supervisely-Annotations/case_5104/mask_anatomy_inst/case5104_92.png
473,/data/halyusuf/data/CataractData/semantic_segmentation/Annotations/Images-and-Supervisely-Annotations/case_5104/img/case5104_93.png,/data/halyusuf/data/CataractData/semantic_segmentation/Annotations/Images-and-Supervisely-Annotations/case_5104/mask_anatomy_inst/case5104_93.png
474,/data/halyusuf/data/CataractData/semantic_segmentation/Annotations/Images-and-Supervisely-Annotations/case_5104/img/case5104_94.png,/data/halyusuf/data/CataractData/semantic_segmentation/Annotations/Images-and-Supervisely-Annotations/case_5104/mask_anatomy_inst/case5104_94.png
475,/data/halyusuf/data/CataractData/semantic_segmentation/Annotations/Images-and-Supervisely-Annotations/case_5104/img/case5104_95.png,/data/halyusuf/data/CataractData/semantic_segmentation/Annotations/Images-and-Supervisely-Annotations/case_5104/mask_anatomy_inst/case5104_95.png
476,/data/halyusuf/data/CataractData/semantic_segmentation/Annotations/Images-and-Supervisely-Annotations/case_5104/img/case5104_96.png,/data/halyusuf/data/CataractData/semantic_segmentation/Annotations/Images-and-Supervisely-Annotations/case_5104/mask_anatomy_inst/case5104_96.png
477,/data/halyusuf/data/CataractData/semantic_segmentation/Annotations/Images-and-Supervisely-Annotations/case_5104/img/case5104_97.png,/data/halyusuf/data/CataractData/semantic_segmentation/Annotations/Images-and-Supervisely-Annotations/case_5104/mask_anatomy_inst/case5104_97.png
478,/data/halyusuf/data/CataractData/semantic_segmentation/Annotations/Images-and-Supervisely-Annotations/case_5299/img/case5299_01.png,/data/halyusuf/data/CataractData/semantic_segmentation/Annotations/Images-and-Supervisely-Annotations/case_5299/mask_anatomy_inst/case5299_01.png
479,/data/halyusuf/data/CataractData/semantic_segmentation/Annotations/Images-and-Supervisely-Annotations/case_5299/img/case5299_02.png,/data/halyusuf/data/CataractData/semantic_segmentation/Annotations/Images-and-Supervisely-Annotations/case_5299/mask_anatomy_inst/case5299_02.png
480,/data/halyusuf/data/CataractData/semantic_segmentation/Annotations/Images-and-Supervisely-Annotations/case_5299/img/case5299_03.png,/data/halyusuf/data/CataractData/semantic_segmentation/Annotations/Images-and-Supervisely-Annotations/case_5299/mask_anatomy_inst/case5299_03.png
481,/data/halyusuf/data/CataractData/semantic_segmentation/Annotations/Images-and-Supervisely-Annotations/case_5299/img/case5299_04.png,/data/halyusuf/data/CataractData/semantic_segmentation/Annotations/Images-and-Supervisely-Annotations/case_5299/mask_anatomy_inst/case5299_04.png
482,/data/halyusuf/data/CataractData/semantic_segmentation/Annotations/Images-and-Supervisely-Annotations/case_5299/img/case5299_05.png,/data/halyusuf/data/CataractData/semantic_segmentation/Annotations/Images-and-Supervisely-Annotations/case_5299/mask_anatomy_inst/case5299_05.png
483,/data/halyusuf/data/CataractData/semantic_segmentation/Annotations/Images-and-Supervisely-Annotations/case_5299/img/case5299_06.png,/data/halyusuf/data/CataractData/semantic_segmentation/Annotations/Images-and-Supervisely-Annotations/case_5299/mask_anatomy_inst/case5299_06.png
484,/data/halyusuf/data/CataractData/semantic_segmentation/Annotations/Images-and-Supervisely-Annotations/case_5299/img/case5299_07.png,/data/halyusuf/data/CataractData/semantic_segmentation/Annotations/Images-and-Supervisely-Annotations/case_5299/mask_anatomy_inst/case5299_07.png
485,/data/halyusuf/data/CataractData/semantic_segmentation/Annotations/Images-and-Supervisely-Annotations/case_5299/img/case5299_08.png,/data/halyusuf/data/CataractData/semantic_segmentation/Annotations/Images-and-Supervisely-Annotations/case_5299/mask_anatomy_inst/case5299_08.png
486,/data/halyusuf/data/CataractData/semantic_segmentation/Annotations/Images-and-Supervisely-Annotations/case_5299/img/case5299_09.png,/data/halyusuf/data/CataractData/semantic_segmentation/Annotations/Images-and-Supervisely-Annotations/case_5299/mask_anatomy_inst/case5299_09.png
487,/data/halyusuf/data/CataractData/semantic_segmentation/Annotations/Images-and-Supervisely-Annotations/case_5299/img/case5299_10.png,/data/halyusuf/data/CataractData/semantic_segmentation/Annotations/Images-and-Supervisely-Annotations/case_5299/mask_anatomy_inst/case5299_10.png
488,/data/halyusuf/data/CataractData/semantic_segmentation/Annotations/Images-and-Supervisely-Annotations/case_5299/img/case5299_11.png,/data/halyusuf/data/CataractData/semantic_segmentation/Annotations/Images-and-Supervisely-Annotations/case_5299/mask_anatomy_inst/case5299_11.png
489,/data/halyusuf/data/CataractData/semantic_segmentation/Annotations/Images-and-Supervisely-Annotations/case_5299/img/case5299_12.png,/data/halyusuf/data/CataractData/semantic_segmentation/Annotations/Images-and-Supervisely-Annotations/case_5299/mask_anatomy_inst/case5299_12.png
490,/data/halyusuf/data/CataractData/semantic_segmentation/Annotations/Images-and-Supervisely-Annotations/case_5299/img/case5299_13.png,/data/halyusuf/data/CataractData/semantic_segmentation/Annotations/Images-and-Supervisely-Annotations/case_5299/mask_anatomy_inst/case5299_13.png
491,/data/halyusuf/data/CataractData/semantic_segmentation/Annotations/Images-and-Supervisely-Annotations/case_5299/img/case5299_14.png,/data/halyusuf/data/CataractData/semantic_segmentation/Annotations/Images-and-Supervisely-Annotations/case_5299/mask_anatomy_inst/case5299_14.png
492,/data/halyusuf/data/CataractData/semantic_segmentation/Annotations/Images-and-Supervisely-Annotations/case_5299/img/case5299_15.png,/data/halyusuf/data/CataractData/semantic_segmentation/Annotations/Images-and-Supervisely-Annotations/case_5299/mask_anatomy_inst/case5299_15.png
493,/data/halyusuf/data/CataractData/semantic_segmentation/Annotations/Images-and-Supervisely-Annotations/case_5299/img/case5299_16.png,/data/halyusuf/data/CataractData/semantic_segmentation/Annotations/Images-and-Supervisely-Annotations/case_5299/mask_anatomy_inst/case5299_16.png
494,/data/halyusuf/data/CataractData/semantic_segmentation/Annotations/Images-and-Supervisely-Annotations/case_5299/img/case5299_17.png,/data/halyusuf/data/CataractData/semantic_segmentation/Annotations/Images-and-Supervisely-Annotations/case_5299/mask_anatomy_inst/case5299_17.png
495,/data/halyusuf/data/CataractData/semantic_segmentation/Annotations/Images-and-Supervisely-Annotations/case_5299/img/case5299_18.png,/data/halyusuf/data/CataractData/semantic_segmentation/Annotations/Images-and-Supervisely-Annotations/case_5299/mask_anatomy_inst/case5299_18.png
496,/data/halyusuf/data/CataractData/semantic_segmentation/Annotations/Images-and-Supervisely-Annotations/case_5299/img/case5299_19.png,/data/halyusuf/data/CataractData/semantic_segmentation/Annotations/Images-and-Supervisely-Annotations/case_5299/mask_anatomy_inst/case5299_19.png
497,/data/halyusuf/data/CataractData/semantic_segmentation/Annotations/Images-and-Supervisely-Annotations/case_5299/img/case5299_20.png,/data/halyusuf/data/CataractData/semantic_segmentation/Annotations/Images-and-Supervisely-Annotations/case_5299/mask_anatomy_inst/case5299_20.png
498,/data/halyusuf/data/CataractData/semantic_segmentation/Annotations/Images-and-Supervisely-Annotations/case_5299/img/case5299_21.png,/data/halyusuf/data/CataractData/semantic_segmentation/Annotations/Images-and-Supervisely-Annotations/case_5299/mask_anatomy_inst/case5299_21.png
499,/data/halyusuf/data/CataractData/semantic_segmentation/Annotations/Images-and-Supervisely-Annotations/case_5299/img/case5299_22.png,/data/halyusuf/data/CataractData/semantic_segmentation/Annotations/Images-and-Supervisely-Annotations/case_5299/mask_anatomy_inst/case5299_22.png
500,/data/halyusuf/data/CataractData/semantic_segmentation/Annotations/Images-and-Supervisely-Annotations/case_5299/img/case5299_23.png,/data/halyusuf/data/CataractData/semantic_segmentation/Annotations/Images-and-Supervisely-Annotations/case_5299/mask_anatomy_inst/case5299_23.png
501,/data/halyusuf/data/CataractData/semantic_segmentation/Annotations/Images-and-Supervisely-Annotations/case_5299/img/case5299_24.png,/data/halyusuf/data/CataractData/semantic_segmentation/Annotations/Images-and-Supervisely-Annotations/case_5299/mask_anatomy_inst/case5299_24.png
502,/data/halyusuf/data/CataractData/semantic_segmentation/Annotations/Images-and-Supervisely-Annotations/case_5299/img/case5299_25.png,/data/halyusuf/data/CataractData/semantic_segmentation/Annotations/Images-and-Supervisely-Annotations/case_5299/mask_anatomy_inst/case5299_25.png
503,/data/halyusuf/data/CataractData/semantic_segmentation/Annotations/Images-and-Supervisely-Annotations/case_5299/img/case5299_26.png,/data/halyusuf/data/CataractData/semantic_segmentation/Annotations/Images-and-Supervisely-Annotations/case_5299/mask_anatomy_inst/case5299_26.png
504,/data/halyusuf/data/CataractData/semantic_segmentation/Annotations/Images-and-Supervisely-Annotations/case_5299/img/case5299_27.png,/data/halyusuf/data/CataractData/semantic_segmentation/Annotations/Images-and-Supervisely-Annotations/case_5299/mask_anatomy_inst/case5299_27.png
505,/data/halyusuf/data/CataractData/semantic_segmentation/Annotations/Images-and-Supervisely-Annotations/case_5299/img/case5299_28.png,/data/halyusuf/data/CataractData/semantic_segmentation/Annotations/Images-and-Supervisely-Annotations/case_5299/mask_anatomy_inst/case5299_28.png
506,/data/halyusuf/data/CataractData/semantic_segmentation/Annotations/Images-and-Supervisely-Annotations/case_5299/img/case5299_29.png,/data/halyusuf/data/CataractData/semantic_segmentation/Annotations/Images-and-Supervisely-Annotations/case_5299/mask_anatomy_inst/case5299_29.png
507,/data/halyusuf/data/CataractData/semantic_segmentation/Annotations/Images-and-Supervisely-Annotations/case_5299/img/case5299_30.png,/data/halyusuf/data/CataractData/semantic_segmentation/Annotations/Images-and-Supervisely-Annotations/case_5299/mask_anatomy_inst/case5299_30.png
508,/data/halyusuf/data/CataractData/semantic_segmentation/Annotations/Images-and-Supervisely-Annotations/case_5299/img/case5299_31.png,/data/halyusuf/data/CataractData/semantic_segmentation/Annotations/Images-and-Supervisely-Annotations/case_5299/mask_anatomy_inst/case5299_31.png
509,/data/halyusuf/data/CataractData/semantic_segmentation/Annotations/Images-and-Supervisely-Annotations/case_5299/img/case5299_32.png,/data/halyusuf/data/CataractData/semantic_segmentation/Annotations/Images-and-Supervisely-Annotations/case_5299/mask_anatomy_inst/case5299_32.png
510,/data/halyusuf/data/CataractData/semantic_segmentation/Annotations/Images-and-Supervisely-Annotations/case_5299/img/case5299_33.png,/data/halyusuf/data/CataractData/semantic_segmentation/Annotations/Images-and-Supervisely-Annotations/case_5299/mask_anatomy_inst/case5299_33.png
511,/data/halyusuf/data/CataractData/semantic_segmentation/Annotations/Images-and-Supervisely-Annotations/case_5299/img/case5299_34.png,/data/halyusuf/data/CataractData/semantic_segmentation/Annotations/Images-and-Supervisely-Annotations/case_5299/mask_anatomy_inst/case5299_34.png
512,/data/halyusuf/data/CataractData/semantic_segmentation/Annotations/Images-and-Supervisely-Annotations/case_5299/img/case5299_35.png,/data/halyusuf/data/CataractData/semantic_segmentation/Annotations/Images-and-Supervisely-Annotations/case_5299/mask_anatomy_inst/case5299_35.png
513,/data/halyusuf/data/CataractData/semantic_segmentation/Annotations/Images-and-Supervisely-Annotations/case_5299/img/case5299_36.png,/data/halyusuf/data/CataractData/semantic_segmentation/Annotations/Images-and-Supervisely-Annotations/case_5299/mask_anatomy_inst/case5299_36.png
514,/data/halyusuf/data/CataractData/semantic_segmentation/Annotations/Images-and-Supervisely-Annotations/case_5299/img/case5299_37.png,/data/halyusuf/data/CataractData/semantic_segmentation/Annotations/Images-and-Supervisely-Annotations/case_5299/mask_anatomy_inst/case5299_37.png
515,/data/halyusuf/data/CataractData/semantic_segmentation/Annotations/Images-and-Supervisely-Annotations/case_5299/img/case5299_38.png,/data/halyusuf/data/CataractData/semantic_segmentation/Annotations/Images-and-Supervisely-Annotations/case_5299/mask_anatomy_inst/case5299_38.png
516,/data/halyusuf/data/CataractData/semantic_segmentation/Annotations/Images-and-Supervisely-Annotations/case_5299/img/case5299_39.png,/data/halyusuf/data/CataractData/semantic_segmentation/Annotations/Images-and-Supervisely-Annotations/case_5299/mask_anatomy_inst/case5299_39.png
517,/data/halyusuf/data/CataractData/semantic_segmentation/Annotations/Images-and-Supervisely-Annotations/case_5299/img/case5299_40.png,/data/halyusuf/data/CataractData/semantic_segmentation/Annotations/Images-and-Supervisely-Annotations/case_5299/mask_anatomy_inst/case5299_40.png
518,/data/halyusuf/data/CataractData/semantic_segmentation/Annotations/Images-and-Supervisely-Annotations/case_5299/img/case5299_41.png,/data/halyusuf/data/CataractData/semantic_segmentation/Annotations/Images-and-Supervisely-Annotations/case_5299/mask_anatomy_inst/case5299_41.png
519,/data/halyusuf/data/CataractData/semantic_segmentation/Annotations/Images-and-Supervisely-Annotations/case_5299/img/case5299_42.png,/data/halyusuf/data/CataractData/semantic_segmentation/Annotations/Images-and-Supervisely-Annotations/case_5299/mask_anatomy_inst/case5299_42.png
520,/data/halyusuf/data/CataractData/semantic_segmentation/Annotations/Images-and-Supervisely-Annotations/case_5299/img/case5299_43.png,/data/halyusuf/data/CataractData/semantic_segmentation/Annotations/Images-and-Supervisely-Annotations/case_5299/mask_anatomy_inst/case5299_43.png
521,/data/halyusuf/data/CataractData/semantic_segmentation/Annotations/Images-and-Supervisely-Annotations/case_5299/img/case5299_44.png,/data/halyusuf/data/CataractData/semantic_segmentation/Annotations/Images-and-Supervisely-Annotations/case_5299/mask_anatomy_inst/case5299_44.png
522,/data/halyusuf/data/CataractData/semantic_segmentation/Annotations/Images-and-Supervisely-Annotations/case_5299/img/case5299_45.png,/data/halyusuf/data/CataractData/semantic_segmentation/Annotations/Images-and-Supervisely-Annotations/case_5299/mask_anatomy_inst/case5299_45.png
523,/data/halyusuf/data/CataractData/semantic_segmentation/Annotations/Images-and-Supervisely-Annotations/case_5299/img/case5299_46.png,/data/halyusuf/data/CataractData/semantic_segmentation/Annotations/Images-and-Supervisely-Annotations/case_5299/mask_anatomy_inst/case5299_46.png
524,/data/halyusuf/data/CataractData/semantic_segmentation/Annotations/Images-and-Supervisely-Annotations/case_5299/img/case5299_47.png,/data/halyusuf/data/CataractData/semantic_segmentation/Annotations/Images-and-Supervisely-Annotations/case_5299/mask_anatomy_inst/case5299_47.png
525,/data/halyusuf/data/CataractData/semantic_segmentation/Annotations/Images-and-Supervisely-Annotations/case_5299/img/case5299_48.png,/data/halyusuf/data/CataractData/semantic_segmentation/Annotations/Images-and-Supervisely-Annotations/case_5299/mask_anatomy_inst/case5299_48.png
526,/data/halyusuf/data/CataractData/semantic_segmentation/Annotations/Images-and-Supervisely-Annotations/case_5299/img/case5299_49.png,/data/halyusuf/data/CataractData/semantic_segmentation/Annotations/Images-and-Supervisely-Annotations/case_5299/mask_anatomy_inst/case5299_49.png
527,/data/halyusuf/data/CataractData/semantic_segmentation/Annotations/Images-and-Supervisely-Annotations/case_5299/img/case5299_50.png,/data/halyusuf/data/CataractData/semantic_segmentation/Annotations/Images-and-Supervisely-Annotations/case_5299/mask_anatomy_inst/case5299_50.png
528,/data/halyusuf/data/CataractData/semantic_segmentation/Annotations/Images-and-Supervisely-Annotations/case_5299/img/case5299_51.png,/data/halyusuf/data/CataractData/semantic_segmentation/Annotations/Images-and-Supervisely-Annotations/case_5299/mask_anatomy_inst/case5299_51.png
529,/data/halyusuf/data/CataractData/semantic_segmentation/Annotations/Images-and-Supervisely-Annotations/case_5299/img/case5299_52.png,/data/halyusuf/data/CataractData/semantic_segmentation/Annotations/Images-and-Supervisely-Annotations/case_5299/mask_anatomy_inst/case5299_52.png
530,/data/halyusuf/data/CataractData/semantic_segmentation/Annotations/Images-and-Supervisely-Annotations/case_5299/img/case5299_53.png,/data/halyusuf/data/CataractData/semantic_segmentation/Annotations/Images-and-Supervisely-Annotations/case_5299/mask_anatomy_inst/case5299_53.png
531,/data/halyusuf/data/CataractData/semantic_segmentation/Annotations/Images-and-Supervisely-Annotations/case_5299/img/case5299_54.png,/data/halyusuf/data/CataractData/semantic_segmentation/Annotations/Images-and-Supervisely-Annotations/case_5299/mask_anatomy_inst/case5299_54.png
532,/data/halyusuf/data/CataractData/semantic_segmentation/Annotations/Images-and-Supervisely-Annotations/case_5299/img/case5299_55.png,/data/halyusuf/data/CataractData/semantic_segmentation/Annotations/Images-and-Supervisely-Annotations/case_5299/mask_anatomy_inst/case5299_55.png
533,/data/halyusuf/data/CataractData/semantic_segmentation/Annotations/Images-and-Supervisely-Annotations/case_5299/img/case5299_56.png,/data/halyusuf/data/CataractData/semantic_segmentation/Annotations/Images-and-Supervisely-Annotations/case_5299/mask_anatomy_inst/case5299_56.png
534,/data/halyusuf/data/CataractData/semantic_segmentation/Annotations/Images-and-Supervisely-Annotations/case_5299/img/case5299_57.png,/data/halyusuf/data/CataractData/semantic_segmentation/Annotations/Images-and-Supervisely-Annotations/case_5299/mask_anatomy_inst/case5299_57.png
535,/data/halyusuf/data/CataractData/semantic_segmentation/Annotations/Images-and-Supervisely-Annotations/case_5299/img/case5299_58.png,/data/halyusuf/data/CataractData/semantic_segmentation/Annotations/Images-and-Supervisely-Annotations/case_5299/mask_anatomy_inst/case5299_58.png
536,/data/halyusuf/data/CataractData/semantic_segmentation/Annotations/Images-and-Supervisely-Annotations/case_5299/img/case5299_59.png,/data/halyusuf/data/CataractData/semantic_segmentation/Annotations/Images-and-Supervisely-Annotations/case_5299/mask_anatomy_inst/case5299_59.png
537,/data/halyusuf/data/CataractData/semantic_segmentation/Annotations/Images-and-Supervisely-Annotations/case_5299/img/case5299_60.png,/data/halyusuf/data/CataractData/semantic_segmentation/Annotations/Images-and-Supervisely-Annotations/case_5299/mask_anatomy_inst/case5299_60.png
538,/data/halyusuf/data/CataractData/semantic_segmentation/Annotations/Images-and-Supervisely-Annotations/case_5299/img/case5299_61.png,/data/halyusuf/data/CataractData/semantic_segmentation/Annotations/Images-and-Supervisely-Annotations/case_5299/mask_anatomy_inst/case5299_61.png
539,/data/halyusuf/data/CataractData/semantic_segmentation/Annotations/Images-and-Supervisely-Annotations/case_5299/img/case5299_62.png,/data/halyusuf/data/CataractData/semantic_segmentation/Annotations/Images-and-Supervisely-Annotations/case_5299/mask_anatomy_inst/case5299_62.png
540,/data/halyusuf/data/CataractData/semantic_segmentation/Annotations/Images-and-Supervisely-Annotations/case_5299/img/case5299_63.png,/data/halyusuf/data/CataractData/semantic_segmentation/Annotations/Images-and-Supervisely-Annotations/case_5299/mask_anatomy_inst/case5299_63.png
541,/data/halyusuf/data/CataractData/semantic_segmentation/Annotations/Images-and-Supervisely-Annotations/case_5299/img/case5299_64.png,/data/halyusuf/data/CataractData/semantic_segmentation/Annotations/Images-and-Supervisely-Annotations/case_5299/mask_anatomy_inst/case5299_64.png
542,/data/halyusuf/data/CataractData/semantic_segmentation/Annotations/Images-and-Supervisely-Annotations/case_5299/img/case5299_65.png,/data/halyusuf/data/CataractData/semantic_segmentation/Annotations/Images-and-Supervisely-Annotations/case_5299/mask_anatomy_inst/case5299_65.png
543,/data/halyusuf/data/CataractData/semantic_segmentation/Annotations/Images-and-Supervisely-Annotations/case_5299/img/case5299_66.png,/data/halyusuf/data/CataractData/semantic_segmentation/Annotations/Images-and-Supervisely-Annotations/case_5299/mask_anatomy_inst/case5299_66.png
544,/data/halyusuf/data/CataractData/semantic_segmentation/Annotations/Images-and-Supervisely-Annotations/case_5299/img/case5299_67.png,/data/halyusuf/data/CataractData/semantic_segmentation/Annotations/Images-and-Supervisely-Annotations/case_5299/mask_anatomy_inst/case5299_67.png
545,/data/halyusuf/data/CataractData/semantic_segmentation/Annotations/Images-and-Supervisely-Annotations/case_5299/img/case5299_68.png,/data/halyusuf/data/CataractData/semantic_segmentation/Annotations/Images-and-Supervisely-Annotations/case_5299/mask_anatomy_inst/case5299_68.png
546,/data/halyusuf/data/CataractData/semantic_segmentation/Annotations/Images-and-Supervisely-Annotations/case_5299/img/case5299_69.png,/data/halyusuf/data/CataractData/semantic_segmentation/Annotations/Images-and-Supervisely-Annotations/case_5299/mask_anatomy_inst/case5299_69.png
547,/data/halyusuf/data/CataractData/semantic_segmentation/Annotations/Images-and-Supervisely-Annotations/case_5300/img/case5300_01.png,/data/halyusuf/data/CataractData/semantic_segmentation/Annotations/Images-and-Supervisely-Annotations/case_5300/mask_anatomy_inst/case5300_01.png
548,/data/halyusuf/data/CataractData/semantic_segmentation/Annotations/Images-and-Supervisely-Annotations/case_5300/img/case5300_02.png,/data/halyusuf/data/CataractData/semantic_segmentation/Annotations/Images-and-Supervisely-Annotations/case_5300/mask_anatomy_inst/case5300_02.png
549,/data/halyusuf/data/CataractData/semantic_segmentation/Annotations/Images-and-Supervisely-Annotations/case_5300/img/case5300_03.png,/data/halyusuf/data/CataractData/semantic_segmentation/Annotations/Images-and-Supervisely-Annotations/case_5300/mask_anatomy_inst/case5300_03.png
550,/data/halyusuf/data/CataractData/semantic_segmentation/Annotations/Images-and-Supervisely-Annotations/case_5300/img/case5300_04.png,/data/halyusuf/data/CataractData/semantic_segmentation/Annotations/Images-and-Supervisely-Annotations/case_5300/mask_anatomy_inst/case5300_04.png
551,/data/halyusuf/data/CataractData/semantic_segmentation/Annotations/Images-and-Supervisely-Annotations/case_5300/img/case5300_05.png,/data/halyusuf/data/CataractData/semantic_segmentation/Annotations/Images-and-Supervisely-Annotations/case_5300/mask_anatomy_inst/case5300_05.png
552,/data/halyusuf/data/CataractData/semantic_segmentation/Annotations/Images-and-Supervisely-Annotations/case_5300/img/case5300_06.png,/data/halyusuf/data/CataractData/semantic_segmentation/Annotations/Images-and-Supervisely-Annotations/case_5300/mask_anatomy_inst/case5300_06.png
553,/data/halyusuf/data/CataractData/semantic_segmentation/Annotations/Images-and-Supervisely-Annotations/case_5300/img/case5300_07.png,/data/halyusuf/data/CataractData/semantic_segmentation/Annotations/Images-and-Supervisely-Annotations/case_5300/mask_anatomy_inst/case5300_07.png
554,/data/halyusuf/data/CataractData/semantic_segmentation/Annotations/Images-and-Supervisely-Annotations/case_5300/img/case5300_08.png,/data/halyusuf/data/CataractData/semantic_segmentation/Annotations/Images-and-Supervisely-Annotations/case_5300/mask_anatomy_inst/case5300_08.png
555,/data/halyusuf/data/CataractData/semantic_segmentation/Annotations/Images-and-Supervisely-Annotations/case_5300/img/case5300_09.png,/data/halyusuf/data/CataractData/semantic_segmentation/Annotations/Images-and-Supervisely-Annotations/case_5300/mask_anatomy_inst/case5300_09.png
556,/data/halyusuf/data/CataractData/semantic_segmentation/Annotations/Images-and-Supervisely-Annotations/case_5300/img/case5300_11.png,/data/halyusuf/data/CataractData/semantic_segmentation/Annotations/Images-and-Supervisely-Annotations/case_5300/mask_anatomy_inst/case5300_11.png
557,/data/halyusuf/data/CataractData/semantic_segmentation/Annotations/Images-and-Supervisely-Annotations/case_5300/img/case5300_12.png,/data/halyusuf/data/CataractData/semantic_segmentation/Annotations/Images-and-Supervisely-Annotations/case_5300/mask_anatomy_inst/case5300_12.png
558,/data/halyusuf/data/CataractData/semantic_segmentation/Annotations/Images-and-Supervisely-Annotations/case_5300/img/case5300_13.png,/data/halyusuf/data/CataractData/semantic_segmentation/Annotations/Images-and-Supervisely-Annotations/case_5300/mask_anatomy_inst/case5300_13.png
559,/data/halyusuf/data/CataractData/semantic_segmentation/Annotations/Images-and-Supervisely-Annotations/case_5300/img/case5300_14.png,/data/halyusuf/data/CataractData/semantic_segmentation/Annotations/Images-and-Supervisely-Annotations/case_5300/mask_anatomy_inst/case5300_14.png
560,/data/halyusuf/data/CataractData/semantic_segmentation/Annotations/Images-and-Supervisely-Annotations/case_5300/img/case5300_15.png,/data/halyusuf/data/CataractData/semantic_segmentation/Annotations/Images-and-Supervisely-Annotations/case_5300/mask_anatomy_inst/case5300_15.png
561,/data/halyusuf/data/CataractData/semantic_segmentation/Annotations/Images-and-Supervisely-Annotations/case_5300/img/case5300_16.png,/data/halyusuf/data/CataractData/semantic_segmentation/Annotations/Images-and-Supervisely-Annotations/case_5300/mask_anatomy_inst/case5300_16.png
562,/data/halyusuf/data/CataractData/semantic_segmentation/Annotations/Images-and-Supervisely-Annotations/case_5300/img/case5300_17.png,/data/halyusuf/data/CataractData/semantic_segmentation/Annotations/Images-and-Supervisely-Annotations/case_5300/mask_anatomy_inst/case5300_17.png
563,/data/halyusuf/data/CataractData/semantic_segmentation/Annotations/Images-and-Supervisely-Annotations/case_5300/img/case5300_18.png,/data/halyusuf/data/CataractData/semantic_segmentation/Annotations/Images-and-Supervisely-Annotations/case_5300/mask_anatomy_inst/case5300_18.png
564,/data/halyusuf/data/CataractData/semantic_segmentation/Annotations/Images-and-Supervisely-Annotations/case_5300/img/case5300_19.png,/data/halyusuf/data/CataractData/semantic_segmentation/Annotations/Images-and-Supervisely-Annotations/case_5300/mask_anatomy_inst/case5300_19.png
565,/data/halyusuf/data/CataractData/semantic_segmentation/Annotations/Images-and-Supervisely-Annotations/case_5300/img/case5300_20.png,/data/halyusuf/data/CataractData/semantic_segmentation/Annotations/Images-and-Supervisely-Annotations/case_5300/mask_anatomy_inst/case5300_20.png
566,/data/halyusuf/data/CataractData/semantic_segmentation/Annotations/Images-and-Supervisely-Annotations/case_5300/img/case5300_21.png,/data/halyusuf/data/CataractData/semantic_segmentation/Annotations/Images-and-Supervisely-Annotations/case_5300/mask_anatomy_inst/case5300_21.png
567,/data/halyusuf/data/CataractData/semantic_segmentation/Annotations/Images-and-Supervisely-Annotations/case_5300/img/case5300_22.png,/data/halyusuf/data/CataractData/semantic_segmentation/Annotations/Images-and-Supervisely-Annotations/case_5300/mask_anatomy_inst/case5300_22.png
568,/data/halyusuf/data/CataractData/semantic_segmentation/Annotations/Images-and-Supervisely-Annotations/case_5300/img/case5300_23.png,/data/halyusuf/data/CataractData/semantic_segmentation/Annotations/Images-and-Supervisely-Annotations/case_5300/mask_anatomy_inst/case5300_23.png
569,/data/halyusuf/data/CataractData/semantic_segmentation/Annotations/Images-and-Supervisely-Annotations/case_5300/img/case5300_24.png,/data/halyusuf/data/CataractData/semantic_segmentation/Annotations/Images-and-Supervisely-Annotations/case_5300/mask_anatomy_inst/case5300_24.png
570,/data/halyusuf/data/CataractData/semantic_segmentation/Annotations/Images-and-Supervisely-Annotations/case_5300/img/case5300_25.png,/data/halyusuf/data/CataractData/semantic_segmentation/Annotations/Images-and-Supervisely-Annotations/case_5300/mask_anatomy_inst/case5300_25.png
571,/data/halyusuf/data/CataractData/semantic_segmentation/Annotations/Images-and-Supervisely-Annotations/case_5300/img/case5300_26.png,/data/halyusuf/data/CataractData/semantic_segmentation/Annotations/Images-and-Supervisely-Annotations/case_5300/mask_anatomy_inst/case5300_26.png
572,/data/halyusuf/data/CataractData/semantic_segmentation/Annotations/Images-and-Supervisely-Annotations/case_5300/img/case5300_27.png,/data/halyusuf/data/CataractData/semantic_segmentation/Annotations/Images-and-Supervisely-Annotations/case_5300/mask_anatomy_inst/case5300_27.png
573,/data/halyusuf/data/CataractData/semantic_segmentation/Annotations/Images-and-Supervisely-Annotations/case_5300/img/case5300_28.png,/data/halyusuf/data/CataractData/semantic_segmentation/Annotations/Images-and-Supervisely-Annotations/case_5300/mask_anatomy_inst/case5300_28.png
574,/data/halyusuf/data/CataractData/semantic_segmentation/Annotations/Images-and-Supervisely-Annotations/case_5300/img/case5300_29.png,/data/halyusuf/data/CataractData/semantic_segmentation/Annotations/Images-and-Supervisely-Annotations/case_5300/mask_anatomy_inst/case5300_29.png
575,/data/halyusuf/data/CataractData/semantic_segmentation/Annotations/Images-and-Supervisely-Annotations/case_5300/img/case5300_30.png,/data/halyusuf/data/CataractData/semantic_segmentation/Annotations/Images-and-Supervisely-Annotations/case_5300/mask_anatomy_inst/case5300_30.png
576,/data/halyusuf/data/CataractData/semantic_segmentation/Annotations/Images-and-Supervisely-Annotations/case_5300/img/case5300_31.png,/data/halyusuf/data/CataractData/semantic_segmentation/Annotations/Images-and-Supervisely-Annotations/case_5300/mask_anatomy_inst/case5300_31.png
577,/data/halyusuf/data/CataractData/semantic_segmentation/Annotations/Images-and-Supervisely-Annotations/case_5300/img/case5300_32.png,/data/halyusuf/data/CataractData/semantic_segmentation/Annotations/Images-and-Supervisely-Annotations/case_5300/mask_anatomy_inst/case5300_32.png
578,/data/halyusuf/data/CataractData/semantic_segmentation/Annotations/Images-and-Supervisely-Annotations/case_5300/img/case5300_33.png,/data/halyusuf/data/CataractData/semantic_segmentation/Annotations/Images-and-Supervisely-Annotations/case_5300/mask_anatomy_inst/case5300_33.png
579,/data/halyusuf/data/CataractData/semantic_segmentation/Annotations/Images-and-Supervisely-Annotations/case_5300/img/case5300_34.png,/data/halyusuf/data/CataractData/semantic_segmentation/Annotations/Images-and-Supervisely-Annotations/case_5300/mask_anatomy_inst/case5300_34.png
580,/data/halyusuf/data/CataractData/semantic_segmentation/Annotations/Images-and-Supervisely-Annotations/case_5300/img/case5300_35.png,/data/halyusuf/data/CataractData/semantic_segmentation/Annotations/Images-and-Supervisely-Annotations/case_5300/mask_anatomy_inst/case5300_35.png
581,/data/halyusuf/data/CataractData/semantic_segmentation/Annotations/Images-and-Supervisely-Annotations/case_5300/img/case5300_36.png,/data/halyusuf/data/CataractData/semantic_segmentation/Annotations/Images-and-Supervisely-Annotations/case_5300/mask_anatomy_inst/case5300_36.png
582,/data/halyusuf/data/CataractData/semantic_segmentation/Annotations/Images-and-Supervisely-Annotations/case_5300/img/case5300_37.png,/data/halyusuf/data/CataractData/semantic_segmentation/Annotations/Images-and-Supervisely-Annotations/case_5300/mask_anatomy_inst/case5300_37.png
583,/data/halyusuf/data/CataractData/semantic_segmentation/Annotations/Images-and-Supervisely-Annotations/case_5300/img/case5300_38.png,/data/halyusuf/data/CataractData/semantic_segmentation/Annotations/Images-and-Supervisely-Annotations/case_5300/mask_anatomy_inst/case5300_38.png
584,/data/halyusuf/data/CataractData/semantic_segmentation/Annotations/Images-and-Supervisely-Annotations/case_5300/img/case5300_39.png,/data/halyusuf/data/CataractData/semantic_segmentation/Annotations/Images-and-Supervisely-Annotations/case_5300/mask_anatomy_inst/case5300_39.png
585,/data/halyusuf/data/CataractData/semantic_segmentation/Annotations/Images-and-Supervisely-Annotations/case_5300/img/case5300_40.png,/data/halyusuf/data/CataractData/semantic_segmentation/Annotations/Images-and-Supervisely-Annotations/case_5300/mask_anatomy_inst/case5300_40.png
586,/data/halyusuf/data/CataractData/semantic_segmentation/Annotations/Images-and-Supervisely-Annotations/case_5300/img/case5300_41.png,/data/halyusuf/data/CataractData/semantic_segmentation/Annotations/Images-and-Supervisely-Annotations/case_5300/mask_anatomy_inst/case5300_41.png
587,/data/halyusuf/data/CataractData/semantic_segmentation/Annotations/Images-and-Supervisely-Annotations/case_5300/img/case5300_42.png,/data/halyusuf/data/CataractData/semantic_segmentation/Annotations/Images-and-Supervisely-Annotations/case_5300/mask_anatomy_inst/case5300_42.png
588,/data/halyusuf/data/CataractData/semantic_segmentation/Annotations/Images-and-Supervisely-Annotations/case_5300/img/case5300_43.png,/data/halyusuf/data/CataractData/semantic_segmentation/Annotations/Images-and-Supervisely-Annotations/case_5300/mask_anatomy_inst/case5300_43.png
589,/data/halyusuf/data/CataractData/semantic_segmentation/Annotations/Images-and-Supervisely-Annotations/case_5300/img/case5300_44.png,/data/halyusuf/data/CataractData/semantic_segmentation/Annotations/Images-and-Supervisely-Annotations/case_5300/mask_anatomy_inst/case5300_44.png
590,/data/halyusuf/data/CataractData/semantic_segmentation/Annotations/Images-and-Supervisely-Annotations/case_5300/img/case5300_45.png,/data/halyusuf/data/CataractData/semantic_segmentation/Annotations/Images-and-Supervisely-Annotations/case_5300/mask_anatomy_inst/case5300_45.png
591,/data/halyusuf/data/CataractData/semantic_segmentation/Annotations/Images-and-Supervisely-Annotations/case_5300/img/case5300_46.png,/data/halyusuf/data/CataractData/semantic_segmentation/Annotations/Images-and-Supervisely-Annotations/case_5300/mask_anatomy_inst/case5300_46.png
592,/data/halyusuf/data/CataractData/semantic_segmentation/Annotations/Images-and-Supervisely-Annotations/case_5300/img/case5300_47.png,/data/halyusuf/data/CataractData/semantic_segmentation/Annotations/Images-and-Supervisely-Annotations/case_5300/mask_anatomy_inst/case5300_47.png
593,/data/halyusuf/data/CataractData/semantic_segmentation/Annotations/Images-and-Supervisely-Annotations/case_5300/img/case5300_48.png,/data/halyusuf/data/CataractData/semantic_segmentation/Annotations/Images-and-Supervisely-Annotations/case_5300/mask_anatomy_inst/case5300_48.png
594,/data/halyusuf/data/CataractData/semantic_segmentation/Annotations/Images-and-Supervisely-Annotations/case_5300/img/case5300_49.png,/data/halyusuf/data/CataractData/semantic_segmentation/Annotations/Images-and-Supervisely-Annotations/case_5300/mask_anatomy_inst/case5300_49.png
595,/data/halyusuf/data/CataractData/semantic_segmentation/Annotations/Images-and-Supervisely-Annotations/case_5300/img/case5300_50.png,/data/halyusuf/data/CataractData/semantic_segmentation/Annotations/Images-and-Supervisely-Annotations/case_5300/mask_anatomy_inst/case5300_50.png
596,/data/halyusuf/data/CataractData/semantic_segmentation/Annotations/Images-and-Supervisely-Annotations/case_5300/img/case5300_51.png,/data/halyusuf/data/CataractData/semantic_segmentation/Annotations/Images-and-Supervisely-Annotations/case_5300/mask_anatomy_inst/case5300_51.png
597,/data/halyusuf/data/CataractData/semantic_segmentation/Annotations/Images-and-Supervisely-Annotations/case_5300/img/case5300_52.png,/data/halyusuf/data/CataractData/semantic_segmentation/Annotations/Images-and-Supervisely-Annotations/case_5300/mask_anatomy_inst/case5300_52.png
598,/data/halyusuf/data/CataractData/semantic_segmentation/Annotations/Images-and-Supervisely-Annotations/case_5300/img/case5300_53.png,/data/halyusuf/data/CataractData/semantic_segmentation/Annotations/Images-and-Supervisely-Annotations/case_5300/mask_anatomy_inst/case5300_53.png
599,/data/halyusuf/data/CataractData/semantic_segmentation/Annotations/Images-and-Supervisely-Annotations/case_5300/img/case5300_54.png,/data/halyusuf/data/CataractData/semantic_segmentation/Annotations/Images-and-Supervisely-Annotations/case_5300/mask_anatomy_inst/case5300_54.png
600,/data/halyusuf/data/CataractData/semantic_segmentation/Annotations/Images-and-Supervisely-Annotations/case_5300/img/case5300_55.png,/data/halyusuf/data/CataractData/semantic_segmentation/Annotations/Images-and-Supervisely-Annotations/case_5300/mask_anatomy_inst/case5300_55.png
601,/data/halyusuf/data/CataractData/semantic_segmentation/Annotations/Images-and-Supervisely-Annotations/case_5300/img/case5300_56.png,/data/halyusuf/data/CataractData/semantic_segmentation/Annotations/Images-and-Supervisely-Annotations/case_5300/mask_anatomy_inst/case5300_56.png
602,/data/halyusuf/data/CataractData/semantic_segmentation/Annotations/Images-and-Supervisely-Annotations/case_5300/img/case5300_57.png,/data/halyusuf/data/CataractData/semantic_segmentation/Annotations/Images-and-Supervisely-Annotations/case_5300/mask_anatomy_inst/case5300_57.png
603,/data/halyusuf/data/CataractData/semantic_segmentation/Annotations/Images-and-Supervisely-Annotations/case_5300/img/case5300_58.png,/data/halyusuf/data/CataractData/semantic_segmentation/Annotations/Images-and-Supervisely-Annotations/case_5300/mask_anatomy_inst/case5300_58.png
604,/data/halyusuf/data/CataractData/semantic_segmentation/Annotations/Images-and-Supervisely-Annotations/case_5300/img/case5300_59.png,/data/halyusuf/data/CataractData/semantic_segmentation/Annotations/Images-and-Supervisely-Annotations/case_5300/mask_anatomy_inst/case5300_59.png
605,/data/halyusuf/data/CataractData/semantic_segmentation/Annotations/Images-and-Supervisely-Annotations/case_5300/img/case5300_60.png,/data/halyusuf/data/CataractData/semantic_segmentation/Annotations/Images-and-Supervisely-Annotations/case_5300/mask_anatomy_inst/case5300_60.png
606,/data/halyusuf/data/CataractData/semantic_segmentation/Annotations/Images-and-Supervisely-Annotations/case_5300/img/case5300_61.png,/data/halyusuf/data/CataractData/semantic_segmentation/Annotations/Images-and-Supervisely-Annotations/case_5300/mask_anatomy_inst/case5300_61.png
607,/data/halyusuf/data/CataractData/semantic_segmentation/Annotations/Images-and-Supervisely-Annotations/case_5300/img/case5300_62.png,/data/halyusuf/data/CataractData/semantic_segmentation/Annotations/Images-and-Supervisely-Annotations/case_5300/mask_anatomy_inst/case5300_62.png
608,/data/halyusuf/data/CataractData/semantic_segmentation/Annotations/Images-and-Supervisely-Annotations/case_5301/img/case5301_01.png,/data/halyusuf/data/CataractData/semantic_segmentation/Annotations/Images-and-Supervisely-Annotations/case_5301/mask_anatomy_inst/case5301_01.png
609,/data/halyusuf/data/CataractData/semantic_segmentation/Annotations/Images-and-Supervisely-Annotations/case_5301/img/case5301_02.png,/data/halyusuf/data/CataractData/semantic_segmentation/Annotations/Images-and-Supervisely-Annotations/case_5301/mask_anatomy_inst/case5301_02.png
610,/data/halyusuf/data/CataractData/semantic_segmentation/Annotations/Images-and-Supervisely-Annotations/case_5301/img/case5301_03.png,/data/halyusuf/data/CataractData/semantic_segmentation/Annotations/Images-and-Supervisely-Annotations/case_5301/mask_anatomy_inst/case5301_03.png
611,/data/halyusuf/data/CataractData/semantic_segmentation/Annotations/Images-and-Supervisely-Annotations/case_5301/img/case5301_04.png,/data/halyusuf/data/CataractData/semantic_segmentation/Annotations/Images-and-Supervisely-Annotations/case_5301/mask_anatomy_inst/case5301_04.png
612,/data/halyusuf/data/CataractData/semantic_segmentation/Annotations/Images-and-Supervisely-Annotations/case_5301/img/case5301_05.png,/data/halyusuf/data/CataractData/semantic_segmentation/Annotations/Images-and-Supervisely-Annotations/case_5301/mask_anatomy_inst/case5301_05.png
613,/data/halyusuf/data/CataractData/semantic_segmentation/Annotations/Images-and-Supervisely-Annotations/case_5301/img/case5301_06.png,/data/halyusuf/data/CataractData/semantic_segmentation/Annotations/Images-and-Supervisely-Annotations/case_5301/mask_anatomy_inst/case5301_06.png
614,/data/halyusuf/data/CataractData/semantic_segmentation/Annotations/Images-and-Supervisely-Annotations/case_5301/img/case5301_07.png,/data/halyusuf/data/CataractData/semantic_segmentation/Annotations/Images-and-Supervisely-Annotations/case_5301/mask_anatomy_inst/case5301_07.png
615,/data/halyusuf/data/CataractData/semantic_segmentation/Annotations/Images-and-Supervisely-Annotations/case_5301/img/case5301_08.png,/data/halyusuf/data/CataractData/semantic_segmentation/Annotations/Images-and-Supervisely-Annotations/case_5301/mask_anatomy_inst/case5301_08.png
616,/data/halyusuf/data/CataractData/semantic_segmentation/Annotations/Images-and-Supervisely-Annotations/case_5301/img/case5301_09.png,/data/halyusuf/data/CataractData/semantic_segmentation/Annotations/Images-and-Supervisely-Annotations/case_5301/mask_anatomy_inst/case5301_09.png
617,/data/halyusuf/data/CataractData/semantic_segmentation/Annotations/Images-and-Supervisely-Annotations/case_5301/img/case5301_10.png,/data/halyusuf/data/CataractData/semantic_segmentation/Annotations/Images-and-Supervisely-Annotations/case_5301/mask_anatomy_inst/case5301_10.png
618,/data/halyusuf/data/CataractData/semantic_segmentation/Annotations/Images-and-Supervisely-Annotations/case_5301/img/case5301_11.png,/data/halyusuf/data/CataractData/semantic_segmentation/Annotations/Images-and-Supervisely-Annotations/case_5301/mask_anatomy_inst/case5301_11.png
619,/data/halyusuf/data/CataractData/semantic_segmentation/Annotations/Images-and-Supervisely-Annotations/case_5301/img/case5301_12.png,/data/halyusuf/data/CataractData/semantic_segmentation/Annotations/Images-and-Supervisely-Annotations/case_5301/mask_anatomy_inst/case5301_12.png
620,/data/halyusuf/data/CataractData/semantic_segmentation/Annotations/Images-and-Supervisely-Annotations/case_5301/img/case5301_13.png,/data/halyusuf/data/CataractData/semantic_segmentation/Annotations/Images-and-Supervisely-Annotations/case_5301/mask_anatomy_inst/case5301_13.png
621,/data/halyusuf/data/CataractData/semantic_segmentation/Annotations/Images-and-Supervisely-Annotations/case_5301/img/case5301_14.png,/data/halyusuf/data/CataractData/semantic_segmentation/Annotations/Images-and-Supervisely-Annotations/case_5301/mask_anatomy_inst/case5301_14.png
622,/data/halyusuf/data/CataractData/semantic_segmentation/Annotations/Images-and-Supervisely-Annotations/case_5301/img/case5301_15.png,/data/halyusuf/data/CataractData/semantic_segmentation/Annotations/Images-and-Supervisely-Annotations/case_5301/mask_anatomy_inst/case5301_15.png
623,/data/halyusuf/data/CataractData/semantic_segmentation/Annotations/Images-and-Supervisely-Annotations/case_5301/img/case5301_16.png,/data/halyusuf/data/CataractData/semantic_segmentation/Annotations/Images-and-Supervisely-Annotations/case_5301/mask_anatomy_inst/case5301_16.png
624,/data/halyusuf/data/CataractData/semantic_segmentation/Annotations/Images-and-Supervisely-Annotations/case_5301/img/case5301_17.png,/data/halyusuf/data/CataractData/semantic_segmentation/Annotations/Images-and-Supervisely-Annotations/case_5301/mask_anatomy_inst/case5301_17.png
625,/data/halyusuf/data/CataractData/semantic_segmentation/Annotations/Images-and-Supervisely-Annotations/case_5301/img/case5301_18.png,/data/halyusuf/data/CataractData/semantic_segmentation/Annotations/Images-and-Supervisely-Annotations/case_5301/mask_anatomy_inst/case5301_18.png
626,/data/halyusuf/data/CataractData/semantic_segmentation/Annotations/Images-and-Supervisely-Annotations/case_5301/img/case5301_19.png,/data/halyusuf/data/CataractData/semantic_segmentation/Annotations/Images-and-Supervisely-Annotations/case_5301/mask_anatomy_inst/case5301_19.png
627,/data/halyusuf/data/CataractData/semantic_segmentation/Annotations/Images-and-Supervisely-Annotations/case_5301/img/case5301_20.png,/data/halyusuf/data/CataractData/semantic_segmentation/Annotations/Images-and-Supervisely-Annotations/case_5301/mask_anatomy_inst/case5301_20.png
628,/data/halyusuf/data/CataractData/semantic_segmentation/Annotations/Images-and-Supervisely-Annotations/case_5301/img/case5301_21.png,/data/halyusuf/data/CataractData/semantic_segmentation/Annotations/Images-and-Supervisely-Annotations/case_5301/mask_anatomy_inst/case5301_21.png
629,/data/halyusuf/data/CataractData/semantic_segmentation/Annotations/Images-and-Supervisely-Annotations/case_5301/img/case5301_22.png,/data/halyusuf/data/CataractData/semantic_segmentation/Annotations/Images-and-Supervisely-Annotations/case_5301/mask_anatomy_inst/case5301_22.png
630,/data/halyusuf/data/CataractData/semantic_segmentation/Annotations/Images-and-Supervisely-Annotations/case_5301/img/case5301_23.png,/data/halyusuf/data/CataractData/semantic_segmentation/Annotations/Images-and-Supervisely-Annotations/case_5301/mask_anatomy_inst/case5301_23.png
631,/data/halyusuf/data/CataractData/semantic_segmentation/Annotations/Images-and-Supervisely-Annotations/case_5301/img/case5301_24.png,/data/halyusuf/data/CataractData/semantic_segmentation/Annotations/Images-and-Supervisely-Annotations/case_5301/mask_anatomy_inst/case5301_24.png
632,/data/halyusuf/data/CataractData/semantic_segmentation/Annotations/Images-and-Supervisely-Annotations/case_5301/img/case5301_25.png,/data/halyusuf/data/CataractData/semantic_segmentation/Annotations/Images-and-Supervisely-Annotations/case_5301/mask_anatomy_inst/case5301_25.png
633,/data/halyusuf/data/CataractData/semantic_segmentation/Annotations/Images-and-Supervisely-Annotations/case_5301/img/case5301_26.png,/data/halyusuf/data/CataractData/semantic_segmentation/Annotations/Images-and-Supervisely-Annotations/case_5301/mask_anatomy_inst/case5301_26.png
634,/data/halyusuf/data/CataractData/semantic_segmentation/Annotations/Images-and-Supervisely-Annotations/case_5301/img/case5301_27.png,/data/halyusuf/data/CataractData/semantic_segmentation/Annotations/Images-and-Supervisely-Annotations/case_5301/mask_anatomy_inst/case5301_27.png
635,/data/halyusuf/data/CataractData/semantic_segmentation/Annotations/Images-and-Supervisely-Annotations/case_5301/img/case5301_28.png,/data/halyusuf/data/CataractData/semantic_segmentation/Annotations/Images-and-Supervisely-Annotations/case_5301/mask_anatomy_inst/case5301_28.png
636,/data/halyusuf/data/CataractData/semantic_segmentation/Annotations/Images-and-Supervisely-Annotations/case_5301/img/case5301_29.png,/data/halyusuf/data/CataractData/semantic_segmentation/Annotations/Images-and-Supervisely-Annotations/case_5301/mask_anatomy_inst/case5301_29.png
637,/data/halyusuf/data/CataractData/semantic_segmentation/Annotations/Images-and-Supervisely-Annotations/case_5301/img/case5301_30.png,/data/halyusuf/data/CataractData/semantic_segmentation/Annotations/Images-and-Supervisely-Annotations/case_5301/mask_anatomy_inst/case5301_30.png
638,/data/halyusuf/data/CataractData/semantic_segmentation/Annotations/Images-and-Supervisely-Annotations/case_5301/img/case5301_31.png,/data/halyusuf/data/CataractData/semantic_segmentation/Annotations/Images-and-Supervisely-Annotations/case_5301/mask_anatomy_inst/case5301_31.png
639,/data/halyusuf/data/CataractData/semantic_segmentation/Annotations/Images-and-Supervisely-Annotations/case_5301/img/case5301_32.png,/data/halyusuf/data/CataractData/semantic_segmentation/Annotations/Images-and-Supervisely-Annotations/case_5301/mask_anatomy_inst/case5301_32.png
640,/data/halyusuf/data/CataractData/semantic_segmentation/Annotations/Images-and-Supervisely-Annotations/case_5301/img/case5301_33.png,/data/halyusuf/data/CataractData/semantic_segmentation/Annotations/Images-and-Supervisely-Annotations/case_5301/mask_anatomy_inst/case5301_33.png
641,/data/halyusuf/data/CataractData/semantic_segmentation/Annotations/Images-and-Supervisely-Annotations/case_5301/img/case5301_34.png,/data/halyusuf/data/CataractData/semantic_segmentation/Annotations/Images-and-Supervisely-Annotations/case_5301/mask_anatomy_inst/case5301_34.png
642,/data/halyusuf/data/CataractData/semantic_segmentation/Annotations/Images-and-Supervisely-Annotations/case_5301/img/case5301_35.png,/data/halyusuf/data/CataractData/semantic_segmentation/Annotations/Images-and-Supervisely-Annotations/case_5301/mask_anatomy_inst/case5301_35.png
643,/data/halyusuf/data/CataractData/semantic_segmentation/Annotations/Images-and-Supervisely-Annotations/case_5301/img/case5301_36.png,/data/halyusuf/data/CataractData/semantic_segmentation/Annotations/Images-and-Supervisely-Annotations/case_5301/mask_anatomy_inst/case5301_36.png
644,/data/halyusuf/data/CataractData/semantic_segmentation/Annotations/Images-and-Supervisely-Annotations/case_5301/img/case5301_37.png,/data/halyusuf/data/CataractData/semantic_segmentation/Annotations/Images-and-Supervisely-Annotations/case_5301/mask_anatomy_inst/case5301_37.png
645,/data/halyusuf/data/CataractData/semantic_segmentation/Annotations/Images-and-Supervisely-Annotations/case_5301/img/case5301_38.png,/data/halyusuf/data/CataractData/semantic_segmentation/Annotations/Images-and-Supervisely-Annotations/case_5301/mask_anatomy_inst/case5301_38.png
646,/data/halyusuf/data/CataractData/semantic_segmentation/Annotations/Images-and-Supervisely-Annotations/case_5301/img/case5301_39.png,/data/halyusuf/data/CataractData/semantic_segmentation/Annotations/Images-and-Supervisely-Annotations/case_5301/mask_anatomy_inst/case5301_39.png
647,/data/halyusuf/data/CataractData/semantic_segmentation/Annotations/Images-and-Supervisely-Annotations/case_5301/img/case5301_40.png,/data/halyusuf/data/CataractData/semantic_segmentation/Annotations/Images-and-Supervisely-Annotations/case_5301/mask_anatomy_inst/case5301_40.png
648,/data/halyusuf/data/CataractData/semantic_segmentation/Annotations/Images-and-Supervisely-Annotations/case_5301/img/case5301_41.png,/data/halyusuf/data/CataractData/semantic_segmentation/Annotations/Images-and-Supervisely-Annotations/case_5301/mask_anatomy_inst/case5301_41.png
649,/data/halyusuf/data/CataractData/semantic_segmentation/Annotations/Images-and-Supervisely-Annotations/case_5301/img/case5301_42.png,/data/halyusuf/data/CataractData/semantic_segmentation/Annotations/Images-and-Supervisely-Annotations/case_5301/mask_anatomy_inst/case5301_42.png
650,/data/halyusuf/data/CataractData/semantic_segmentation/Annotations/Images-and-Supervisely-Annotations/case_5301/img/case5301_43.png,/data/halyusuf/data/CataractData/semantic_segmentation/Annotations/Images-and-Supervisely-Annotations/case_5301/mask_anatomy_inst/case5301_43.png
651,/data/halyusuf/data/CataractData/semantic_segmentation/Annotations/Images-and-Supervisely-Annotations/case_5301/img/case5301_44.png,/data/halyusuf/data/CataractData/semantic_segmentation/Annotations/Images-and-Supervisely-Annotations/case_5301/mask_anatomy_inst/case5301_44.png
652,/data/halyusuf/data/CataractData/semantic_segmentation/Annotations/Images-and-Supervisely-Annotations/case_5301/img/case5301_45.png,/data/halyusuf/data/CataractData/semantic_segmentation/Annotations/Images-and-Supervisely-Annotations/case_5301/mask_anatomy_inst/case5301_45.png
653,/data/halyusuf/data/CataractData/semantic_segmentation/Annotations/Images-and-Supervisely-Annotations/case_5301/img/case5301_46.png,/data/halyusuf/data/CataractData/semantic_segmentation/Annotations/Images-and-Supervisely-Annotations/case_5301/mask_anatomy_inst/case5301_46.png
654,/data/halyusuf/data/CataractData/semantic_segmentation/Annotations/Images-and-Supervisely-Annotations/case_5301/img/case5301_47.png,/data/halyusuf/data/CataractData/semantic_segmentation/Annotations/Images-and-Supervisely-Annotations/case_5301/mask_anatomy_inst/case5301_47.png
655,/data/halyusuf/data/CataractData/semantic_segmentation/Annotations/Images-and-Supervisely-Annotations/case_5301/img/case5301_48.png,/data/halyusuf/data/CataractData/semantic_segmentation/Annotations/Images-and-Supervisely-Annotations/case_5301/mask_anatomy_inst/case5301_48.png
656,/data/halyusuf/data/CataractData/semantic_segmentation/Annotations/Images-and-Supervisely-Annotations/case_5301/img/case5301_49.png,/data/halyusuf/data/CataractData/semantic_segmentation/Annotations/Images-and-Supervisely-Annotations/case_5301/mask_anatomy_inst/case5301_49.png
657,/data/halyusuf/data/CataractData/semantic_segmentation/Annotations/Images-and-Supervisely-Annotations/case_5301/img/case5301_50.png,/data/halyusuf/data/CataractData/semantic_segmentation/Annotations/Images-and-Supervisely-Annotations/case_5301/mask_anatomy_inst/case5301_50.png
658,/data/halyusuf/data/CataractData/semantic_segmentation/Annotations/Images-and-Supervisely-Annotations/case_5301/img/case5301_51.png,/data/halyusuf/data/CataractData/semantic_segmentation/Annotations/Images-and-Supervisely-Annotations/case_5301/mask_anatomy_inst/case5301_51.png
659,/data/halyusuf/data/CataractData/semantic_segmentation/Annotations/Images-and-Supervisely-Annotations/case_5301/img/case5301_52.png,/data/halyusuf/data/CataractData/semantic_segmentation/Annotations/Images-and-Supervisely-Annotations/case_5301/mask_anatomy_inst/case5301_52.png
660,/data/halyusuf/data/CataractData/semantic_segmentation/Annotations/Images-and-Supervisely-Annotations/case_5301/img/case5301_53.png,/data/halyusuf/data/CataractData/semantic_segmentation/Annotations/Images-and-Supervisely-Annotations/case_5301/mask_anatomy_inst/case5301_53.png
661,/data/halyusuf/data/CataractData/semantic_segmentation/Annotations/Images-and-Supervisely-Annotations/case_5301/img/case5301_54.png,/data/halyusuf/data/CataractData/semantic_segmentation/Annotations/Images-and-Supervisely-Annotations/case_5301/mask_anatomy_inst/case5301_54.png
662,/data/halyusuf/data/CataractData/semantic_segmentation/Annotations/Images-and-Supervisely-Annotations/case_5304/img/case5304_01.png,/data/halyusuf/data/CataractData/semantic_segmentation/Annotations/Images-and-Supervisely-Annotations/case_5304/mask_anatomy_inst/case5304_01.png
663,/data/halyusuf/data/CataractData/semantic_segmentation/Annotations/Images-and-Supervisely-Annotations/case_5304/img/case5304_02.png,/data/halyusuf/data/CataractData/semantic_segmentation/Annotations/Images-and-Supervisely-Annotations/case_5304/mask_anatomy_inst/case5304_02.png
664,/data/halyusuf/data/CataractData/semantic_segmentation/Annotations/Images-and-Supervisely-Annotations/case_5304/img/case5304_03.png,/data/halyusuf/data/CataractData/semantic_segmentation/Annotations/Images-and-Supervisely-Annotations/case_5304/mask_anatomy_inst/case5304_03.png
665,/data/halyusuf/data/CataractData/semantic_segmentation/Annotations/Images-and-Supervisely-Annotations/case_5304/img/case5304_04.png,/data/halyusuf/data/CataractData/semantic_segmentation/Annotations/Images-and-Supervisely-Annotations/case_5304/mask_anatomy_inst/case5304_04.png
666,/data/halyusuf/data/CataractData/semantic_segmentation/Annotations/Images-and-Supervisely-Annotations/case_5304/img/case5304_05.png,/data/halyusuf/data/CataractData/semantic_segmentation/Annotations/Images-and-Supervisely-Annotations/case_5304/mask_anatomy_inst/case5304_05.png
667,/data/halyusuf/data/CataractData/semantic_segmentation/Annotations/Images-and-Supervisely-Annotations/case_5304/img/case5304_06.png,/data/halyusuf/data/CataractData/semantic_segmentation/Annotations/Images-and-Supervisely-Annotations/case_5304/mask_anatomy_inst/case5304_06.png
668,/data/halyusuf/data/CataractData/semantic_segmentation/Annotations/Images-and-Supervisely-Annotations/case_5304/img/case5304_07.png,/data/halyusuf/data/CataractData/semantic_segmentation/Annotations/Images-and-Supervisely-Annotations/case_5304/mask_anatomy_inst/case5304_07.png
669,/data/halyusuf/data/CataractData/semantic_segmentation/Annotations/Images-and-Supervisely-Annotations/case_5304/img/case5304_08.png,/data/halyusuf/data/CataractData/semantic_segmentation/Annotations/Images-and-Supervisely-Annotations/case_5304/mask_anatomy_inst/case5304_08.png
670,/data/halyusuf/data/CataractData/semantic_segmentation/Annotations/Images-and-Supervisely-Annotations/case_5304/img/case5304_09.png,/data/halyusuf/data/CataractData/semantic_segmentation/Annotations/Images-and-Supervisely-Annotations/case_5304/mask_anatomy_inst/case5304_09.png
671,/data/halyusuf/data/CataractData/semantic_segmentation/Annotations/Images-and-Supervisely-Annotations/case_5304/img/case5304_10.png,/data/halyusuf/data/CataractData/semantic_segmentation/Annotations/Images-and-Supervisely-Annotations/case_5304/mask_anatomy_inst/case5304_10.png
672,/data/halyusuf/data/CataractData/semantic_segmentation/Annotations/Images-and-Supervisely-Annotations/case_5304/img/case5304_11.png,/data/halyusuf/data/CataractData/semantic_segmentation/Annotations/Images-and-Supervisely-Annotations/case_5304/mask_anatomy_inst/case5304_11.png
673,/data/halyusuf/data/CataractData/semantic_segmentation/Annotations/Images-and-Supervisely-Annotations/case_5304/img/case5304_12.png,/data/halyusuf/data/CataractData/semantic_segmentation/Annotations/Images-and-Supervisely-Annotations/case_5304/mask_anatomy_inst/case5304_12.png
674,/data/halyusuf/data/CataractData/semantic_segmentation/Annotations/Images-and-Supervisely-Annotations/case_5304/img/case5304_13.png,/data/halyusuf/data/CataractData/semantic_segmentation/Annotations/Images-and-Supervisely-Annotations/case_5304/mask_anatomy_inst/case5304_13.png
675,/data/halyusuf/data/CataractData/semantic_segmentation/Annotations/Images-and-Supervisely-Annotations/case_5304/img/case5304_14.png,/data/halyusuf/data/CataractData/semantic_segmentation/Annotations/Images-and-Supervisely-Annotations/case_5304/mask_anatomy_inst/case5304_14.png
676,/data/halyusuf/data/CataractData/semantic_segmentation/Annotations/Images-and-Supervisely-Annotations/case_5304/img/case5304_15.png,/data/halyusuf/data/CataractData/semantic_segmentation/Annotations/Images-and-Supervisely-Annotations/case_5304/mask_anatomy_inst/case5304_15.png
677,/data/halyusuf/data/CataractData/semantic_segmentation/Annotations/Images-and-Supervisely-Annotations/case_5304/img/case5304_16.png,/data/halyusuf/data/CataractData/semantic_segmentation/Annotations/Images-and-Supervisely-Annotations/case_5304/mask_anatomy_inst/case5304_16.png
678,/data/halyusuf/data/CataractData/semantic_segmentation/Annotations/Images-and-Supervisely-Annotations/case_5304/img/case5304_17.png,/data/halyusuf/data/CataractData/semantic_segmentation/Annotations/Images-and-Supervisely-Annotations/case_5304/mask_anatomy_inst/case5304_17.png
679,/data/halyusuf/data/CataractData/semantic_segmentation/Annotations/Images-and-Supervisely-Annotations/case_5304/img/case5304_18.png,/data/halyusuf/data/CataractData/semantic_segmentation/Annotations/Images-and-Supervisely-Annotations/case_5304/mask_anatomy_inst/case5304_18.png
680,/data/halyusuf/data/CataractData/semantic_segmentation/Annotations/Images-and-Supervisely-Annotations/case_5304/img/case5304_19.png,/data/halyusuf/data/CataractData/semantic_segmentation/Annotations/Images-and-Supervisely-Annotations/case_5304/mask_anatomy_inst/case5304_19.png
681,/data/halyusuf/data/CataractData/semantic_segmentation/Annotations/Images-and-Supervisely-Annotations/case_5304/img/case5304_20.png,/data/halyusuf/data/CataractData/semantic_segmentation/Annotations/Images-and-Supervisely-Annotations/case_5304/mask_anatomy_inst/case5304_20.png
682,/data/halyusuf/data/CataractData/semantic_segmentation/Annotations/Images-and-Supervisely-Annotations/case_5304/img/case5304_21.png,/data/halyusuf/data/CataractData/semantic_segmentation/Annotations/Images-and-Supervisely-Annotations/case_5304/mask_anatomy_inst/case5304_21.png
683,/data/halyusuf/data/CataractData/semantic_segmentation/Annotations/Images-and-Supervisely-Annotations/case_5304/img/case5304_22.png,/data/halyusuf/data/CataractData/semantic_segmentation/Annotations/Images-and-Supervisely-Annotations/case_5304/mask_anatomy_inst/case5304_22.png
684,/data/halyusuf/data/CataractData/semantic_segmentation/Annotations/Images-and-Supervisely-Annotations/case_5304/img/case5304_23.png,/data/halyusuf/data/CataractData/semantic_segmentation/Annotations/Images-and-Supervisely-Annotations/case_5304/mask_anatomy_inst/case5304_23.png
685,/data/halyusuf/data/CataractData/semantic_segmentation/Annotations/Images-and-Supervisely-Annotations/case_5304/img/case5304_24.png,/data/halyusuf/data/CataractData/semantic_segmentation/Annotations/Images-and-Supervisely-Annotations/case_5304/mask_anatomy_inst/case5304_24.png
686,/data/halyusuf/data/CataractData/semantic_segmentation/Annotations/Images-and-Supervisely-Annotations/case_5304/img/case5304_25.png,/data/halyusuf/data/CataractData/semantic_segmentation/Annotations/Images-and-Supervisely-Annotations/case_5304/mask_anatomy_inst/case5304_25.png
687,/data/halyusuf/data/CataractData/semantic_segmentation/Annotations/Images-and-Supervisely-Annotations/case_5304/img/case5304_26.png,/data/halyusuf/data/CataractData/semantic_segmentation/Annotations/Images-and-Supervisely-Annotations/case_5304/mask_anatomy_inst/case5304_26.png
688,/data/halyusuf/data/CataractData/semantic_segmentation/Annotations/Images-and-Supervisely-Annotations/case_5304/img/case5304_27.png,/data/halyusuf/data/CataractData/semantic_segmentation/Annotations/Images-and-Supervisely-Annotations/case_5304/mask_anatomy_inst/case5304_27.png
689,/data/halyusuf/data/CataractData/semantic_segmentation/Annotations/Images-and-Supervisely-Annotations/case_5304/img/case5304_28.png,/data/halyusuf/data/CataractData/semantic_segmentation/Annotations/Images-and-Supervisely-Annotations/case_5304/mask_anatomy_inst/case5304_28.png
690,/data/halyusuf/data/CataractData/semantic_segmentation/Annotations/Images-and-Supervisely-Annotations/case_5304/img/case5304_29.png,/data/halyusuf/data/CataractData/semantic_segmentation/Annotations/Images-and-Supervisely-Annotations/case_5304/mask_anatomy_inst/case5304_29.png
691,/data/halyusuf/data/CataractData/semantic_segmentation/Annotations/Images-and-Supervisely-Annotations/case_5304/img/case5304_30.png,/data/halyusuf/data/CataractData/semantic_segmentation/Annotations/Images-and-Supervisely-Annotations/case_5304/mask_anatomy_inst/case5304_30.png
692,/data/halyusuf/data/CataractData/semantic_segmentation/Annotations/Images-and-Supervisely-Annotations/case_5304/img/case5304_31.png,/data/halyusuf/data/CataractData/semantic_segmentation/Annotations/Images-and-Supervisely-Annotations/case_5304/mask_anatomy_inst/case5304_31.png
693,/data/halyusuf/data/CataractData/semantic_segmentation/Annotations/Images-and-Supervisely-Annotations/case_5304/img/case5304_32.png,/data/halyusuf/data/CataractData/semantic_segmentation/Annotations/Images-and-Supervisely-Annotations/case_5304/mask_anatomy_inst/case5304_32.png
694,/data/halyusuf/data/CataractData/semantic_segmentation/Annotations/Images-and-Supervisely-Annotations/case_5304/img/case5304_33.png,/data/halyusuf/data/CataractData/semantic_segmentation/Annotations/Images-and-Supervisely-Annotations/case_5304/mask_anatomy_inst/case5304_33.png
695,/data/halyusuf/data/CataractData/semantic_segmentation/Annotations/Images-and-Supervisely-Annotations/case_5304/img/case5304_34.png,/data/halyusuf/data/CataractData/semantic_segmentation/Annotations/Images-and-Supervisely-Annotations/case_5304/mask_anatomy_inst/case5304_34.png
696,/data/halyusuf/data/CataractData/semantic_segmentation/Annotations/Images-and-Supervisely-Annotations/case_5304/img/case5304_35.png,/data/halyusuf/data/CataractData/semantic_segmentation/Annotations/Images-and-Supervisely-Annotations/case_5304/mask_anatomy_inst/case5304_35.png
697,/data/halyusuf/data/CataractData/semantic_segmentation/Annotations/Images-and-Supervisely-Annotations/case_5304/img/case5304_36.png,/data/halyusuf/data/CataractData/semantic_segmentation/Annotations/Images-and-Supervisely-Annotations/case_5304/mask_anatomy_inst/case5304_36.png
698,/data/halyusuf/data/CataractData/semantic_segmentation/Annotations/Images-and-Supervisely-Annotations/case_5304/img/case5304_37.png,/data/halyusuf/data/CataractData/semantic_segmentation/Annotations/Images-and-Supervisely-Annotations/case_5304/mask_anatomy_inst/case5304_37.png
699,/data/halyusuf/data/CataractData/semantic_segmentation/Annotations/Images-and-Supervisely-Annotations/case_5304/img/case5304_38.png,/data/halyusuf/data/CataractData/semantic_segmentation/Annotations/Images-and-Supervisely-Annotations/case_5304/mask_anatomy_inst/case5304_38.png
700,/data/halyusuf/data/CataractData/semantic_segmentation/Annotations/Images-and-Supervisely-Annotations/case_5304/img/case5304_39.png,/data/halyusuf/data/CataractData/semantic_segmentation/Annotations/Images-and-Supervisely-Annotations/case_5304/mask_anatomy_inst/case5304_39.png
701,/data/halyusuf/data/CataractData/semantic_segmentation/Annotations/Images-and-Supervisely-Annotations/case_5304/img/case5304_40.png,/data/halyusuf/data/CataractData/semantic_segmentation/Annotations/Images-and-Supervisely-Annotations/case_5304/mask_anatomy_inst/case5304_40.png
702,/data/halyusuf/data/CataractData/semantic_segmentation/Annotations/Images-and-Supervisely-Annotations/case_5304/img/case5304_41.png,/data/halyusuf/data/CataractData/semantic_segmentation/Annotations/Images-and-Supervisely-Annotations/case_5304/mask_anatomy_inst/case5304_41.png
703,/data/halyusuf/data/CataractData/semantic_segmentation/Annotations/Images-and-Supervisely-Annotations/case_5304/img/case5304_42.png,/data/halyusuf/data/CataractData/semantic_segmentation/Annotations/Images-and-Supervisely-Annotations/case_5304/mask_anatomy_inst/case5304_42.png
704,/data/halyusuf/data/CataractData/semantic_segmentation/Annotations/Images-and-Supervisely-Annotations/case_5304/img/case5304_43.png,/data/halyusuf/data/CataractData/semantic_segmentation/Annotations/Images-and-Supervisely-Annotations/case_5304/mask_anatomy_inst/case5304_43.png
705,/data/halyusuf/data/CataractData/semantic_segmentation/Annotations/Images-and-Supervisely-Annotations/case_5304/img/case5304_44.png,/data/halyusuf/data/CataractData/semantic_segmentation/Annotations/Images-and-Supervisely-Annotations/case_5304/mask_anatomy_inst/case5304_44.png
706,/data/halyusuf/data/CataractData/semantic_segmentation/Annotations/Images-and-Supervisely-Annotations/case_5304/img/case5304_45.png,/data/halyusuf/data/CataractData/semantic_segmentation/Annotations/Images-and-Supervisely-Annotations/case_5304/mask_anatomy_inst/case5304_45.png
707,/data/halyusuf/data/CataractData/semantic_segmentation/Annotations/Images-and-Supervisely-Annotations/case_5304/img/case5304_46.png,/data/halyusuf/data/CataractData/semantic_segmentation/Annotations/Images-and-Supervisely-Annotations/case_5304/mask_anatomy_inst/case5304_46.png
708,/data/halyusuf/data/CataractData/semantic_segmentation/Annotations/Images-and-Supervisely-Annotations/case_5304/img/case5304_47.png,/data/halyusuf/data/CataractData/semantic_segmentation/Annotations/Images-and-Supervisely-Annotations/case_5304/mask_anatomy_inst/case5304_47.png
709,/data/halyusuf/data/CataractData/semantic_segmentation/Annotations/Images-and-Supervisely-Annotations/case_5304/img/case5304_48.png,/data/halyusuf/data/CataractData/semantic_segmentation/Annotations/Images-and-Supervisely-Annotations/case_5304/mask_anatomy_inst/case5304_48.png
710,/data/halyusuf/data/CataractData/semantic_segmentation/Annotations/Images-and-Supervisely-Annotations/case_5304/img/case5304_49.png,/data/halyusuf/data/CataractData/semantic_segmentation/Annotations/Images-and-Supervisely-Annotations/case_5304/mask_anatomy_inst/case5304_49.png
711,/data/halyusuf/data/CataractData/semantic_segmentation/Annotations/Images-and-Supervisely-Annotations/case_5304/img/case5304_50.png,/data/halyusuf/data/CataractData/semantic_segmentation/Annotations/Images-and-Supervisely-Annotations/case_5304/mask_anatomy_inst/case5304_50.png
712,/data/halyusuf/data/CataractData/semantic_segmentation/Annotations/Images-and-Supervisely-Annotations/case_5304/img/case5304_51.png,/data/halyusuf/data/CataractData/semantic_segmentation/Annotations/Images-and-Supervisely-Annotations/case_5304/mask_anatomy_inst/case5304_51.png
713,/data/halyusuf/data/CataractData/semantic_segmentation/Annotations/Images-and-Supervisely-Annotations/case_5304/img/case5304_52.png,/data/halyusuf/data/CataractData/semantic_segmentation/Annotations/Images-and-Supervisely-Annotations/case_5304/mask_anatomy_inst/case5304_52.png
714,/data/halyusuf/data/CataractData/semantic_segmentation/Annotations/Images-and-Supervisely-Annotations/case_5304/img/case5304_53.png,/data/halyusuf/data/CataractData/semantic_segmentation/Annotations/Images-and-Supervisely-Annotations/case_5304/mask_anatomy_inst/case5304_53.png
715,/data/halyusuf/data/CataractData/semantic_segmentation/Annotations/Images-and-Supervisely-Annotations/case_5305/img/case5305_01.png,/data/halyusuf/data/CataractData/semantic_segmentation/Annotations/Images-and-Supervisely-Annotations/case_5305/mask_anatomy_inst/case5305_01.png
716,/data/halyusuf/data/CataractData/semantic_segmentation/Annotations/Images-and-Supervisely-Annotations/case_5305/img/case5305_02.png,/data/halyusuf/data/CataractData/semantic_segmentation/Annotations/Images-and-Supervisely-Annotations/case_5305/mask_anatomy_inst/case5305_02.png
717,/data/halyusuf/data/CataractData/semantic_segmentation/Annotations/Images-and-Supervisely-Annotations/case_5305/img/case5305_03.png,/data/halyusuf/data/CataractData/semantic_segmentation/Annotations/Images-and-Supervisely-Annotations/case_5305/mask_anatomy_inst/case5305_03.png
718,/data/halyusuf/data/CataractData/semantic_segmentation/Annotations/Images-and-Supervisely-Annotations/case_5305/img/case5305_04.png,/data/halyusuf/data/CataractData/semantic_segmentation/Annotations/Images-and-Supervisely-Annotations/case_5305/mask_anatomy_inst/case5305_04.png
719,/data/halyusuf/data/CataractData/semantic_segmentation/Annotations/Images-and-Supervisely-Annotations/case_5305/img/case5305_05.png,/data/halyusuf/data/CataractData/semantic_segmentation/Annotations/Images-and-Supervisely-Annotations/case_5305/mask_anatomy_inst/case5305_05.png
720,/data/halyusuf/data/CataractData/semantic_segmentation/Annotations/Images-and-Supervisely-Annotations/case_5305/img/case5305_06.png,/data/halyusuf/data/CataractData/semantic_segmentation/Annotations/Images-and-Supervisely-Annotations/case_5305/mask_anatomy_inst/case5305_06.png
721,/data/halyusuf/data/CataractData/semantic_segmentation/Annotations/Images-and-Supervisely-Annotations/case_5305/img/case5305_07.png,/data/halyusuf/data/CataractData/semantic_segmentation/Annotations/Images-and-Supervisely-Annotations/case_5305/mask_anatomy_inst/case5305_07.png
722,/data/halyusuf/data/CataractData/semantic_segmentation/Annotations/Images-and-Supervisely-Annotations/case_5305/img/case5305_08.png,/data/halyusuf/data/CataractData/semantic_segmentation/Annotations/Images-and-Supervisely-Annotations/case_5305/mask_anatomy_inst/case5305_08.png
723,/data/halyusuf/data/CataractData/semantic_segmentation/Annotations/Images-and-Supervisely-Annotations/case_5305/img/case5305_09.png,/data/halyusuf/data/CataractData/semantic_segmentation/Annotations/Images-and-Supervisely-Annotations/case_5305/mask_anatomy_inst/case5305_09.png
724,/data/halyusuf/data/CataractData/semantic_segmentation/Annotations/Images-and-Supervisely-Annotations/case_5305/img/case5305_10.png,/data/halyusuf/data/CataractData/semantic_segmentation/Annotations/Images-and-Supervisely-Annotations/case_5305/mask_anatomy_inst/case5305_10.png
725,/data/halyusuf/data/CataractData/semantic_segmentation/Annotations/Images-and-Supervisely-Annotations/case_5305/img/case5305_11.png,/data/halyusuf/data/CataractData/semantic_segmentation/Annotations/Images-and-Supervisely-Annotations/case_5305/mask_anatomy_inst/case5305_11.png
726,/data/halyusuf/data/CataractData/semantic_segmentation/Annotations/Images-and-Supervisely-Annotations/case_5305/img/case5305_12.png,/data/halyusuf/data/CataractData/semantic_segmentation/Annotations/Images-and-Supervisely-Annotations/case_5305/mask_anatomy_inst/case5305_12.png
727,/data/halyusuf/data/CataractData/semantic_segmentation/Annotations/Images-and-Supervisely-Annotations/case_5305/img/case5305_13.png,/data/halyusuf/data/CataractData/semantic_segmentation/Annotations/Images-and-Supervisely-Annotations/case_5305/mask_anatomy_inst/case5305_13.png
728,/data/halyusuf/data/CataractData/semantic_segmentation/Annotations/Images-and-Supervisely-Annotations/case_5305/img/case5305_14.png,/data/halyusuf/data/CataractData/semantic_segmentation/Annotations/Images-and-Supervisely-Annotations/case_5305/mask_anatomy_inst/case5305_14.png
729,/data/halyusuf/data/CataractData/semantic_segmentation/Annotations/Images-and-Supervisely-Annotations/case_5305/img/case5305_15.png,/data/halyusuf/data/CataractData/semantic_segmentation/Annotations/Images-and-Supervisely-Annotations/case_5305/mask_anatomy_inst/case5305_15.png
730,/data/halyusuf/data/CataractData/semantic_segmentation/Annotations/Images-and-Supervisely-Annotations/case_5305/img/case5305_16.png,/data/halyusuf/data/CataractData/semantic_segmentation/Annotations/Images-and-Supervisely-Annotations/case_5305/mask_anatomy_inst/case5305_16.png
731,/data/halyusuf/data/CataractData/semantic_segmentation/Annotations/Images-and-Supervisely-Annotations/case_5305/img/case5305_17.png,/data/halyusuf/data/CataractData/semantic_segmentation/Annotations/Images-and-Supervisely-Annotations/case_5305/mask_anatomy_inst/case5305_17.png
732,/data/halyusuf/data/CataractData/semantic_segmentation/Annotations/Images-and-Supervisely-Annotations/case_5305/img/case5305_18.png,/data/halyusuf/data/CataractData/semantic_segmentation/Annotations/Images-and-Supervisely-Annotations/case_5305/mask_anatomy_inst/case5305_18.png
733,/data/halyusuf/data/CataractData/semantic_segmentation/Annotations/Images-and-Supervisely-Annotations/case_5305/img/case5305_19.png,/data/halyusuf/data/CataractData/semantic_segmentation/Annotations/Images-and-Supervisely-Annotations/case_5305/mask_anatomy_inst/case5305_19.png
734,/data/halyusuf/data/CataractData/semantic_segmentation/Annotations/Images-and-Supervisely-Annotations/case_5305/img/case5305_20.png,/data/halyusuf/data/CataractData/semantic_segmentation/Annotations/Images-and-Supervisely-Annotations/case_5305/mask_anatomy_inst/case5305_20.png
735,/data/halyusuf/data/CataractData/semantic_segmentation/Annotations/Images-and-Supervisely-Annotations/case_5305/img/case5305_21.png,/data/halyusuf/data/CataractData/semantic_segmentation/Annotations/Images-and-Supervisely-Annotations/case_5305/mask_anatomy_inst/case5305_21.png
736,/data/halyusuf/data/CataractData/semantic_segmentation/Annotations/Images-and-Supervisely-Annotations/case_5305/img/case5305_22.png,/data/halyusuf/data/CataractData/semantic_segmentation/Annotations/Images-and-Supervisely-Annotations/case_5305/mask_anatomy_inst/case5305_22.png
737,/data/halyusuf/data/CataractData/semantic_segmentation/Annotations/Images-and-Supervisely-Annotations/case_5305/img/case5305_23.png,/data/halyusuf/data/CataractData/semantic_segmentation/Annotations/Images-and-Supervisely-Annotations/case_5305/mask_anatomy_inst/case5305_23.png
738,/data/halyusuf/data/CataractData/semantic_segmentation/Annotations/Images-and-Supervisely-Annotations/case_5305/img/case5305_24.png,/data/halyusuf/data/CataractData/semantic_segmentation/Annotations/Images-and-Supervisely-Annotations/case_5305/mask_anatomy_inst/case5305_24.png
739,/data/halyusuf/data/CataractData/semantic_segmentation/Annotations/Images-and-Supervisely-Annotations/case_5305/img/case5305_25.png,/data/halyusuf/data/CataractData/semantic_segmentation/Annotations/Images-and-Supervisely-Annotations/case_5305/mask_anatomy_inst/case5305_25.png
740,/data/halyusuf/data/CataractData/semantic_segmentation/Annotations/Images-and-Supervisely-Annotations/case_5305/img/case5305_26.png,/data/halyusuf/data/CataractData/semantic_segmentation/Annotations/Images-and-Supervisely-Annotations/case_5305/mask_anatomy_inst/case5305_26.png
741,/data/halyusuf/data/CataractData/semantic_segmentation/Annotations/Images-and-Supervisely-Annotations/case_5305/img/case5305_27.png,/data/halyusuf/data/CataractData/semantic_segmentation/Annotations/Images-and-Supervisely-Annotations/case_5305/mask_anatomy_inst/case5305_27.png
742,/data/halyusuf/data/CataractData/semantic_segmentation/Annotations/Images-and-Supervisely-Annotations/case_5305/img/case5305_28.png,/data/halyusuf/data/CataractData/semantic_segmentation/Annotations/Images-and-Supervisely-Annotations/case_5305/mask_anatomy_inst/case5305_28.png
743,/data/halyusuf/data/CataractData/semantic_segmentation/Annotations/Images-and-Supervisely-Annotations/case_5305/img/case5305_29.png,/data/halyusuf/data/CataractData/semantic_segmentation/Annotations/Images-and-Supervisely-Annotations/case_5305/mask_anatomy_inst/case5305_29.png
744,/data/halyusuf/data/CataractData/semantic_segmentation/Annotations/Images-and-Supervisely-Annotations/case_5305/img/case5305_30.png,/data/halyusuf/data/CataractData/semantic_segmentation/Annotations/Images-and-Supervisely-Annotations/case_5305/mask_anatomy_inst/case5305_30.png
745,/data/halyusuf/data/CataractData/semantic_segmentation/Annotations/Images-and-Supervisely-Annotations/case_5305/img/case5305_31.png,/data/halyusuf/data/CataractData/semantic_segmentation/Annotations/Images-and-Supervisely-Annotations/case_5305/mask_anatomy_inst/case5305_31.png
746,/data/halyusuf/data/CataractData/semantic_segmentation/Annotations/Images-and-Supervisely-Annotations/case_5305/img/case5305_32.png,/data/halyusuf/data/CataractData/semantic_segmentation/Annotations/Images-and-Supervisely-Annotations/case_5305/mask_anatomy_inst/case5305_32.png
747,/data/halyusuf/data/CataractData/semantic_segmentation/Annotations/Images-and-Supervisely-Annotations/case_5305/img/case5305_33.png,/data/halyusuf/data/CataractData/semantic_segmentation/Annotations/Images-and-Supervisely-Annotations/case_5305/mask_anatomy_inst/case5305_33.png
748,/data/halyusuf/data/CataractData/semantic_segmentation/Annotations/Images-and-Supervisely-Annotations/case_5305/img/case5305_34.png,/data/halyusuf/data/CataractData/semantic_segmentation/Annotations/Images-and-Supervisely-Annotations/case_5305/mask_anatomy_inst/case5305_34.png
749,/data/halyusuf/data/CataractData/semantic_segmentation/Annotations/Images-and-Supervisely-Annotations/case_5305/img/case5305_35.png,/data/halyusuf/data/CataractData/semantic_segmentation/Annotations/Images-and-Supervisely-Annotations/case_5305/mask_anatomy_inst/case5305_35.png
750,/data/halyusuf/data/CataractData/semantic_segmentation/Annotations/Images-and-Supervisely-Annotations/case_5305/img/case5305_36.png,/data/halyusuf/data/CataractData/semantic_segmentation/Annotations/Images-and-Supervisely-Annotations/case_5305/mask_anatomy_inst/case5305_36.png
751,/data/halyusuf/data/CataractData/semantic_segmentation/Annotations/Images-and-Supervisely-Annotations/case_5305/img/case5305_37.png,/data/halyusuf/data/CataractData/semantic_segmentation/Annotations/Images-and-Supervisely-Annotations/case_5305/mask_anatomy_inst/case5305_37.png
752,/data/halyusuf/data/CataractData/semantic_segmentation/Annotations/Images-and-Supervisely-Annotations/case_5305/img/case5305_38.png,/data/halyusuf/data/CataractData/semantic_segmentation/Annotations/Images-and-Supervisely-Annotations/case_5305/mask_anatomy_inst/case5305_38.png
753,/data/halyusuf/data/CataractData/semantic_segmentation/Annotations/Images-and-Supervisely-Annotations/case_5305/img/case5305_39.png,/data/halyusuf/data/CataractData/semantic_segmentation/Annotations/Images-and-Supervisely-Annotations/case_5305/mask_anatomy_inst/case5305_39.png
754,/data/halyusuf/data/CataractData/semantic_segmentation/Annotations/Images-and-Supervisely-Annotations/case_5305/img/case5305_40.png,/data/halyusuf/data/CataractData/semantic_segmentation/Annotations/Images-and-Supervisely-Annotations/case_5305/mask_anatomy_inst/case5305_40.png
755,/data/halyusuf/data/CataractData/semantic_segmentation/Annotations/Images-and-Supervisely-Annotations/case_5305/img/case5305_41.png,/data/halyusuf/data/CataractData/semantic_segmentation/Annotations/Images-and-Supervisely-Annotations/case_5305/mask_anatomy_inst/case5305_41.png
756,/data/halyusuf/data/CataractData/semantic_segmentation/Annotations/Images-and-Supervisely-Annotations/case_5305/img/case5305_42.png,/data/halyusuf/data/CataractData/semantic_segmentation/Annotations/Images-and-Supervisely-Annotations/case_5305/mask_anatomy_inst/case5305_42.png
757,/data/halyusuf/data/CataractData/semantic_segmentation/Annotations/Images-and-Supervisely-Annotations/case_5305/img/case5305_43.png,/data/halyusuf/data/CataractData/semantic_segmentation/Annotations/Images-and-Supervisely-Annotations/case_5305/mask_anatomy_inst/case5305_43.png
758,/data/halyusuf/data/CataractData/semantic_segmentation/Annotations/Images-and-Supervisely-Annotations/case_5305/img/case5305_44.png,/data/halyusuf/data/CataractData/semantic_segmentation/Annotations/Images-and-Supervisely-Annotations/case_5305/mask_anatomy_inst/case5305_44.png
759,/data/halyusuf/data/CataractData/semantic_segmentation/Annotations/Images-and-Supervisely-Annotations/case_5305/img/case5305_45.png,/data/halyusuf/data/CataractData/semantic_segmentation/Annotations/Images-and-Supervisely-Annotations/case_5305/mask_anatomy_inst/case5305_45.png
760,/data/halyusuf/data/CataractData/semantic_segmentation/Annotations/Images-and-Supervisely-Annotations/case_5305/img/case5305_46.png,/data/halyusuf/data/CataractData/semantic_segmentation/Annotations/Images-and-Supervisely-Annotations/case_5305/mask_anatomy_inst/case5305_46.png
761,/data/halyusuf/data/CataractData/semantic_segmentation/Annotations/Images-and-Supervisely-Annotations/case_5305/img/case5305_47.png,/data/halyusuf/data/CataractData/semantic_segmentation/Annotations/Images-and-Supervisely-Annotations/case_5305/mask_anatomy_inst/case5305_47.png
762,/data/halyusuf/data/CataractData/semantic_segmentation/Annotations/Images-and-Supervisely-Annotations/case_5305/img/case5305_48.png,/data/halyusuf/data/CataractData/semantic_segmentation/Annotations/Images-and-Supervisely-Annotations/case_5305/mask_anatomy_inst/case5305_48.png
763,/data/halyusuf/data/CataractData/semantic_segmentation/Annotations/Images-and-Supervisely-Annotations/case_5305/img/case5305_49.png,/data/halyusuf/data/CataractData/semantic_segmentation/Annotations/Images-and-Supervisely-Annotations/case_5305/mask_anatomy_inst/case5305_49.png
764,/data/halyusuf/data/CataractData/semantic_segmentation/Annotations/Images-and-Supervisely-Annotations/case_5305/img/case5305_50.png,/data/halyusuf/data/CataractData/semantic_segmentation/Annotations/Images-and-Supervisely-Annotations/case_5305/mask_anatomy_inst/case5305_50.png
765,/data/halyusuf/data/CataractData/semantic_segmentation/Annotations/Images-and-Supervisely-Annotations/case_5305/img/case5305_51.png,/data/halyusuf/data/CataractData/semantic_segmentation/Annotations/Images-and-Supervisely-Annotations/case_5305/mask_anatomy_inst/case5305_51.png
766,/data/halyusuf/data/CataractData/semantic_segmentation/Annotations/Images-and-Supervisely-Annotations/case_5305/img/case5305_52.png,/data/halyusuf/data/CataractData/semantic_segmentation/Annotations/Images-and-Supervisely-Annotations/case_5305/mask_anatomy_inst/case5305_52.png
767,/data/halyusuf/data/CataractData/semantic_segmentation/Annotations/Images-and-Supervisely-Annotations/case_5305/img/case5305_53.png,/data/halyusuf/data/CataractData/semantic_segmentation/Annotations/Images-and-Supervisely-Annotations/case_5305/mask_anatomy_inst/case5305_53.png
768,/data/halyusuf/data/CataractData/semantic_segmentation/Annotations/Images-and-Supervisely-Annotations/case_5305/img/case5305_54.png,/data/halyusuf/data/CataractData/semantic_segmentation/Annotations/Images-and-Supervisely-Annotations/case_5305/mask_anatomy_inst/case5305_54.png
769,/data/halyusuf/data/CataractData/semantic_segmentation/Annotations/Images-and-Supervisely-Annotations/case_5305/img/case5305_55.png,/data/halyusuf/data/CataractData/semantic_segmentation/Annotations/Images-and-Supervisely-Annotations/case_5305/mask_anatomy_inst/case5305_55.png
770,/data/halyusuf/data/CataractData/semantic_segmentation/Annotations/Images-and-Supervisely-Annotations/case_5305/img/case5305_56.png,/data/halyusuf/data/CataractData/semantic_segmentation/Annotations/Images-and-Supervisely-Annotations/case_5305/mask_anatomy_inst/case5305_56.png
771,/data/halyusuf/data/CataractData/semantic_segmentation/Annotations/Images-and-Supervisely-Annotations/case_5305/img/case5305_57.png,/data/halyusuf/data/CataractData/semantic_segmentation/Annotations/Images-and-Supervisely-Annotations/case_5305/mask_anatomy_inst/case5305_57.png
772,/data/halyusuf/data/CataractData/semantic_segmentation/Annotations/Images-and-Supervisely-Annotations/case_5305/img/case5305_58.png,/data/halyusuf/data/CataractData/semantic_segmentation/Annotations/Images-and-Supervisely-Annotations/case_5305/mask_anatomy_inst/case5305_58.png
773,/data/halyusuf/data/CataractData/semantic_segmentation/Annotations/Images-and-Supervisely-Annotations/case_5305/img/case5305_59.png,/data/halyusuf/data/CataractData/semantic_segmentation/Annotations/Images-and-Supervisely-Annotations/case_5305/mask_anatomy_inst/case5305_59.png
774,/data/halyusuf/data/CataractData/semantic_segmentation/Annotations/Images-and-Supervisely-Annotations/case_5305/img/case5305_60.png,/data/halyusuf/data/CataractData/semantic_segmentation/Annotations/Images-and-Supervisely-Annotations/case_5305/mask_anatomy_inst/case5305_60.png
775,/data/halyusuf/data/CataractData/semantic_segmentation/Annotations/Images-and-Supervisely-Annotations/case_5305/img/case5305_61.png,/data/halyusuf/data/CataractData/semantic_segmentation/Annotations/Images-and-Supervisely-Annotations/case_5305/mask_anatomy_inst/case5305_61.png
776,/data/halyusuf/data/CataractData/semantic_segmentation/Annotations/Images-and-Supervisely-Annotations/case_5305/img/case5305_62.png,/data/halyusuf/data/CataractData/semantic_segmentation/Annotations/Images-and-Supervisely-Annotations/case_5305/mask_anatomy_inst/case5305_62.png
777,/data/halyusuf/data/CataractData/semantic_segmentation/Annotations/Images-and-Supervisely-Annotations/case_5305/img/case5305_63.png,/data/halyusuf/data/CataractData/semantic_segmentation/Annotations/Images-and-Supervisely-Annotations/case_5305/mask_anatomy_inst/case5305_63.png
778,/data/halyusuf/data/CataractData/semantic_segmentation/Annotations/Images-and-Supervisely-Annotations/case_5305/img/case5305_64.png,/data/halyusuf/data/CataractData/semantic_segmentation/Annotations/Images-and-Supervisely-Annotations/case_5305/mask_anatomy_inst/case5305_64.png
779,/data/halyusuf/data/CataractData/semantic_segmentation/Annotations/Images-and-Supervisely-Annotations/case_5305/img/case5305_65.png,/data/halyusuf/data/CataractData/semantic_segmentation/Annotations/Images-and-Supervisely-Annotations/case_5305/mask_anatomy_inst/case5305_65.png
780,/data/halyusuf/data/CataractData/semantic_segmentation/Annotations/Images-and-Supervisely-Annotations/case_5305/img/case5305_66.png,/data/halyusuf/data/CataractData/semantic_segmentation/Annotations/Images-and-Supervisely-Annotations/case_5305/mask_anatomy_inst/case5305_66.png
781,/data/halyusuf/data/CataractData/semantic_segmentation/Annotations/Images-and-Supervisely-Annotations/case_5305/img/case5305_67.png,/data/halyusuf/data/CataractData/semantic_segmentation/Annotations/Images-and-Supervisely-Annotations/case_5305/mask_anatomy_inst/case5305_67.png
782,/data/halyusuf/data/CataractData/semantic_segmentation/Annotations/Images-and-Supervisely-Annotations/case_5305/img/case5305_68.png,/data/halyusuf/data/CataractData/semantic_segmentation/Annotations/Images-and-Supervisely-Annotations/case_5305/mask_anatomy_inst/case5305_68.png
783,/data/halyusuf/data/CataractData/semantic_segmentation/Annotations/Images-and-Supervisely-Annotations/case_5305/img/case5305_69.png,/data/halyusuf/data/CataractData/semantic_segmentation/Annotations/Images-and-Supervisely-Annotations/case_5305/mask_anatomy_inst/case5305_69.png
784,/data/halyusuf/data/CataractData/semantic_segmentation/Annotations/Images-and-Supervisely-Annotations/case_5305/img/case5305_70.png,/data/halyusuf/data/CataractData/semantic_segmentation/Annotations/Images-and-Supervisely-Annotations/case_5305/mask_anatomy_inst/case5305_70.png
785,/data/halyusuf/data/CataractData/semantic_segmentation/Annotations/Images-and-Supervisely-Annotations/case_5305/img/case5305_71.png,/data/halyusuf/data/CataractData/semantic_segmentation/Annotations/Images-and-Supervisely-Annotations/case_5305/mask_anatomy_inst/case5305_71.png
786,/data/halyusuf/data/CataractData/semantic_segmentation/Annotations/Images-and-Supervisely-Annotations/case_5305/img/case5305_72.png,/data/halyusuf/data/CataractData/semantic_segmentation/Annotations/Images-and-Supervisely-Annotations/case_5305/mask_anatomy_inst/case5305_72.png
787,/data/halyusuf/data/CataractData/semantic_segmentation/Annotations/Images-and-Supervisely-Annotations/case_5315/img/case_53153_01.png,/data/halyusuf/data/CataractData/semantic_segmentation/Annotations/Images-and-Supervisely-Annotations/case_5315/mask_anatomy_inst/case_53153_01.png
788,/data/halyusuf/data/CataractData/semantic_segmentation/Annotations/Images-and-Supervisely-Annotations/case_5315/img/case_53153_02.png,/data/halyusuf/data/CataractData/semantic_segmentation/Annotations/Images-and-Supervisely-Annotations/case_5315/mask_anatomy_inst/case_53153_02.png
789,/data/halyusuf/data/CataractData/semantic_segmentation/Annotations/Images-and-Supervisely-Annotations/case_5315/img/case_53153_03.png,/data/halyusuf/data/CataractData/semantic_segmentation/Annotations/Images-and-Supervisely-Annotations/case_5315/mask_anatomy_inst/case_53153_03.png
790,/data/halyusuf/data/CataractData/semantic_segmentation/Annotations/Images-and-Supervisely-Annotations/case_5315/img/case_53153_04.png,/data/halyusuf/data/CataractData/semantic_segmentation/Annotations/Images-and-Supervisely-Annotations/case_5315/mask_anatomy_inst/case_53153_04.png
791,/data/halyusuf/data/CataractData/semantic_segmentation/Annotations/Images-and-Supervisely-Annotations/case_5315/img/case_53153_05.png,/data/halyusuf/data/CataractData/semantic_segmentation/Annotations/Images-and-Supervisely-Annotations/case_5315/mask_anatomy_inst/case_53153_05.png
792,/data/halyusuf/data/CataractData/semantic_segmentation/Annotations/Images-and-Supervisely-Annotations/case_5315/img/case_53153_06.png,/data/halyusuf/data/CataractData/semantic_segmentation/Annotations/Images-and-Supervisely-Annotations/case_5315/mask_anatomy_inst/case_53153_06.png
793,/data/halyusuf/data/CataractData/semantic_segmentation/Annotations/Images-and-Supervisely-Annotations/case_5315/img/case_53153_07.png,/data/halyusuf/data/CataractData/semantic_segmentation/Annotations/Images-and-Supervisely-Annotations/case_5315/mask_anatomy_inst/case_53153_07.png
794,/data/halyusuf/data/CataractData/semantic_segmentation/Annotations/Images-and-Supervisely-Annotations/case_5315/img/case_53153_08.png,/data/halyusuf/data/CataractData/semantic_segmentation/Annotations/Images-and-Supervisely-Annotations/case_5315/mask_anatomy_inst/case_53153_08.png
795,/data/halyusuf/data/CataractData/semantic_segmentation/Annotations/Images-and-Supervisely-Annotations/case_5315/img/case_53153_09.png,/data/halyusuf/data/CataractData/semantic_segmentation/Annotations/Images-and-Supervisely-Annotations/case_5315/mask_anatomy_inst/case_53153_09.png
796,/data/halyusuf/data/CataractData/semantic_segmentation/Annotations/Images-and-Supervisely-Annotations/case_5315/img/case_53153_10.png,/data/halyusuf/data/CataractData/semantic_segmentation/Annotations/Images-and-Supervisely-Annotations/case_5315/mask_anatomy_inst/case_53153_10.png
797,/data/halyusuf/data/CataractData/semantic_segmentation/Annotations/Images-and-Supervisely-Annotations/case_5315/img/case_53153_11.png,/data/halyusuf/data/CataractData/semantic_segmentation/Annotations/Images-and-Supervisely-Annotations/case_5315/mask_anatomy_inst/case_53153_11.png
798,/data/halyusuf/data/CataractData/semantic_segmentation/Annotations/Images-and-Supervisely-Annotations/case_5315/img/case_53153_12.png,/data/halyusuf/data/CataractData/semantic_segmentation/Annotations/Images-and-Supervisely-Annotations/case_5315/mask_anatomy_inst/case_53153_12.png
799,/data/halyusuf/data/CataractData/semantic_segmentation/Annotations/Images-and-Supervisely-Annotations/case_5315/img/case_53153_13.png,/data/halyusuf/data/CataractData/semantic_segmentation/Annotations/Images-and-Supervisely-Annotations/case_5315/mask_anatomy_inst/case_53153_13.png
800,/data/halyusuf/data/CataractData/semantic_segmentation/Annotations/Images-and-Supervisely-Annotations/case_5315/img/case_53153_16.png,/data/halyusuf/data/CataractData/semantic_segmentation/Annotations/Images-and-Supervisely-Annotations/case_5315/mask_anatomy_inst/case_53153_16.png
801,/data/halyusuf/data/CataractData/semantic_segmentation/Annotations/Images-and-Supervisely-Annotations/case_5315/img/case_53153_17.png,/data/halyusuf/data/CataractData/semantic_segmentation/Annotations/Images-and-Supervisely-Annotations/case_5315/mask_anatomy_inst/case_53153_17.png
802,/data/halyusuf/data/CataractData/semantic_segmentation/Annotations/Images-and-Supervisely-Annotations/case_5315/img/case_53153_18.png,/data/halyusuf/data/CataractData/semantic_segmentation/Annotations/Images-and-Supervisely-Annotations/case_5315/mask_anatomy_inst/case_53153_18.png
803,/data/halyusuf/data/CataractData/semantic_segmentation/Annotations/Images-and-Supervisely-Annotations/case_5315/img/case_53153_19.png,/data/halyusuf/data/CataractData/semantic_segmentation/Annotations/Images-and-Supervisely-Annotations/case_5315/mask_anatomy_inst/case_53153_19.png
804,/data/halyusuf/data/CataractData/semantic_segmentation/Annotations/Images-and-Supervisely-Annotations/case_5315/img/case_53153_20.png,/data/halyusuf/data/CataractData/semantic_segmentation/Annotations/Images-and-Supervisely-Annotations/case_5315/mask_anatomy_inst/case_53153_20.png
805,/data/halyusuf/data/CataractData/semantic_segmentation/Annotations/Images-and-Supervisely-Annotations/case_5315/img/case_53153_21.png,/data/halyusuf/data/CataractData/semantic_segmentation/Annotations/Images-and-Supervisely-Annotations/case_5315/mask_anatomy_inst/case_53153_21.png
806,/data/halyusuf/data/CataractData/semantic_segmentation/Annotations/Images-and-Supervisely-Annotations/case_5315/img/case_53153_22.png,/data/halyusuf/data/CataractData/semantic_segmentation/Annotations/Images-and-Supervisely-Annotations/case_5315/mask_anatomy_inst/case_53153_22.png
807,/data/halyusuf/data/CataractData/semantic_segmentation/Annotations/Images-and-Supervisely-Annotations/case_5315/img/case_53153_23.png,/data/halyusuf/data/CataractData/semantic_segmentation/Annotations/Images-and-Supervisely-Annotations/case_5315/mask_anatomy_inst/case_53153_23.png
808,/data/halyusuf/data/CataractData/semantic_segmentation/Annotations/Images-and-Supervisely-Annotations/case_5315/img/case_53153_24.png,/data/halyusuf/data/CataractData/semantic_segmentation/Annotations/Images-and-Supervisely-Annotations/case_5315/mask_anatomy_inst/case_53153_24.png
809,/data/halyusuf/data/CataractData/semantic_segmentation/Annotations/Images-and-Supervisely-Annotations/case_5315/img/case_53153_25.png,/data/halyusuf/data/CataractData/semantic_segmentation/Annotations/Images-and-Supervisely-Annotations/case_5315/mask_anatomy_inst/case_53153_25.png
810,/data/halyusuf/data/CataractData/semantic_segmentation/Annotations/Images-and-Supervisely-Annotations/case_5315/img/case_53153_26.png,/data/halyusuf/data/CataractData/semantic_segmentation/Annotations/Images-and-Supervisely-Annotations/case_5315/mask_anatomy_inst/case_53153_26.png
811,/data/halyusuf/data/CataractData/semantic_segmentation/Annotations/Images-and-Supervisely-Annotations/case_5315/img/case_53153_27.png,/data/halyusuf/data/CataractData/semantic_segmentation/Annotations/Images-and-Supervisely-Annotations/case_5315/mask_anatomy_inst/case_53153_27.png
812,/data/halyusuf/data/CataractData/semantic_segmentation/Annotations/Images-and-Supervisely-Annotations/case_5315/img/case_53153_28.png,/data/halyusuf/data/CataractData/semantic_segmentation/Annotations/Images-and-Supervisely-Annotations/case_5315/mask_anatomy_inst/case_53153_28.png
813,/data/halyusuf/data/CataractData/semantic_segmentation/Annotations/Images-and-Supervisely-Annotations/case_5315/img/case_53153_29.png,/data/halyusuf/data/CataractData/semantic_segmentation/Annotations/Images-and-Supervisely-Annotations/case_5315/mask_anatomy_inst/case_53153_29.png
814,/data/halyusuf/data/CataractData/semantic_segmentation/Annotations/Images-and-Supervisely-Annotations/case_5315/img/case_53153_30.png,/data/halyusuf/data/CataractData/semantic_segmentation/Annotations/Images-and-Supervisely-Annotations/case_5315/mask_anatomy_inst/case_53153_30.png
815,/data/halyusuf/data/CataractData/semantic_segmentation/Annotations/Images-and-Supervisely-Annotations/case_5315/img/case_53153_31.png,/data/halyusuf/data/CataractData/semantic_segmentation/Annotations/Images-and-Supervisely-Annotations/case_5315/mask_anatomy_inst/case_53153_31.png
816,/data/halyusuf/data/CataractData/semantic_segmentation/Annotations/Images-and-Supervisely-Annotations/case_5315/img/case_53153_32.png,/data/halyusuf/data/CataractData/semantic_segmentation/Annotations/Images-and-Supervisely-Annotations/case_5315/mask_anatomy_inst/case_53153_32.png
817,/data/halyusuf/data/CataractData/semantic_segmentation/Annotations/Images-and-Supervisely-Annotations/case_5315/img/case_53153_33.png,/data/halyusuf/data/CataractData/semantic_segmentation/Annotations/Images-and-Supervisely-Annotations/case_5315/mask_anatomy_inst/case_53153_33.png
818,/data/halyusuf/data/CataractData/semantic_segmentation/Annotations/Images-and-Supervisely-Annotations/case_5315/img/case_53153_34.png,/data/halyusuf/data/CataractData/semantic_segmentation/Annotations/Images-and-Supervisely-Annotations/case_5315/mask_anatomy_inst/case_53153_34.png
819,/data/halyusuf/data/CataractData/semantic_segmentation/Annotations/Images-and-Supervisely-Annotations/case_5315/img/case_53153_35.png,/data/halyusuf/data/CataractData/semantic_segmentation/Annotations/Images-and-Supervisely-Annotations/case_5315/mask_anatomy_inst/case_53153_35.png
820,/data/halyusuf/data/CataractData/semantic_segmentation/Annotations/Images-and-Supervisely-Annotations/case_5315/img/case_53153_36.png,/data/halyusuf/data/CataractData/semantic_segmentation/Annotations/Images-and-Supervisely-Annotations/case_5315/mask_anatomy_inst/case_53153_36.png
821,/data/halyusuf/data/CataractData/semantic_segmentation/Annotations/Images-and-Supervisely-Annotations/case_5315/img/case_53153_37.png,/data/halyusuf/data/CataractData/semantic_segmentation/Annotations/Images-and-Supervisely-Annotations/case_5315/mask_anatomy_inst/case_53153_37.png
822,/data/halyusuf/data/CataractData/semantic_segmentation/Annotations/Images-and-Supervisely-Annotations/case_5315/img/case_53153_38.png,/data/halyusuf/data/CataractData/semantic_segmentation/Annotations/Images-and-Supervisely-Annotations/case_5315/mask_anatomy_inst/case_53153_38.png
823,/data/halyusuf/data/CataractData/semantic_segmentation/Annotations/Images-and-Supervisely-Annotations/case_5315/img/case_53153_39.png,/data/halyusuf/data/CataractData/semantic_segmentation/Annotations/Images-and-Supervisely-Annotations/case_5315/mask_anatomy_inst/case_53153_39.png
824,/data/halyusuf/data/CataractData/semantic_segmentation/Annotations/Images-and-Supervisely-Annotations/case_5315/img/case_53153_40.png,/data/halyusuf/data/CataractData/semantic_segmentation/Annotations/Images-and-Supervisely-Annotations/case_5315/mask_anatomy_inst/case_53153_40.png
825,/data/halyusuf/data/CataractData/semantic_segmentation/Annotations/Images-and-Supervisely-Annotations/case_5315/img/case_53153_41.png,/data/halyusuf/data/CataractData/semantic_segmentation/Annotations/Images-and-Supervisely-Annotations/case_5315/mask_anatomy_inst/case_53153_41.png
826,/data/halyusuf/data/CataractData/semantic_segmentation/Annotations/Images-and-Supervisely-Annotations/case_5315/img/case_53153_42.png,/data/halyusuf/data/CataractData/semantic_segmentation/Annotations/Images-and-Supervisely-Annotations/case_5315/mask_anatomy_inst/case_53153_42.png
827,/data/halyusuf/data/CataractData/semantic_segmentation/Annotations/Images-and-Supervisely-Annotations/case_5315/img/case_53153_43.png,/data/halyusuf/data/CataractData/semantic_segmentation/Annotations/Images-and-Supervisely-Annotations/case_5315/mask_anatomy_inst/case_53153_43.png
828,/data/halyusuf/data/CataractData/semantic_segmentation/Annotations/Images-and-Supervisely-Annotations/case_5315/img/case_53153_44.png,/data/halyusuf/data/CataractData/semantic_segmentation/Annotations/Images-and-Supervisely-Annotations/case_5315/mask_anatomy_inst/case_53153_44.png
829,/data/halyusuf/data/CataractData/semantic_segmentation/Annotations/Images-and-Supervisely-Annotations/case_5315/img/case_53153_45.png,/data/halyusuf/data/CataractData/semantic_segmentation/Annotations/Images-and-Supervisely-Annotations/case_5315/mask_anatomy_inst/case_53153_45.png
830,/data/halyusuf/data/CataractData/semantic_segmentation/Annotations/Images-and-Supervisely-Annotations/case_5315/img/case_53153_46.png,/data/halyusuf/data/CataractData/semantic_segmentation/Annotations/Images-and-Supervisely-Annotations/case_5315/mask_anatomy_inst/case_53153_46.png
831,/data/halyusuf/data/CataractData/semantic_segmentation/Annotations/Images-and-Supervisely-Annotations/case_5315/img/case_53153_47.png,/data/halyusuf/data/CataractData/semantic_segmentation/Annotations/Images-and-Supervisely-Annotations/case_5315/mask_anatomy_inst/case_53153_47.png
832,/data/halyusuf/data/CataractData/semantic_segmentation/Annotations/Images-and-Supervisely-Annotations/case_5315/img/case_53153_48.png,/data/halyusuf/data/CataractData/semantic_segmentation/Annotations/Images-and-Supervisely-Annotations/case_5315/mask_anatomy_inst/case_53153_48.png
833,/data/halyusuf/data/CataractData/semantic_segmentation/Annotations/Images-and-Supervisely-Annotations/case_5315/img/case_53153_49.png,/data/halyusuf/data/CataractData/semantic_segmentation/Annotations/Images-and-Supervisely-Annotations/case_5315/mask_anatomy_inst/case_53153_49.png
834,/data/halyusuf/data/CataractData/semantic_segmentation/Annotations/Images-and-Supervisely-Annotations/case_5315/img/case_53153_50.png,/data/halyusuf/data/CataractData/semantic_segmentation/Annotations/Images-and-Supervisely-Annotations/case_5315/mask_anatomy_inst/case_53153_50.png
835,/data/halyusuf/data/CataractData/semantic_segmentation/Annotations/Images-and-Supervisely-Annotations/case_5315/img/case_53153_51.png,/data/halyusuf/data/CataractData/semantic_segmentation/Annotations/Images-and-Supervisely-Annotations/case_5315/mask_anatomy_inst/case_53153_51.png
836,/data/halyusuf/data/CataractData/semantic_segmentation/Annotations/Images-and-Supervisely-Annotations/case_5315/img/case_53153_52.png,/data/halyusuf/data/CataractData/semantic_segmentation/Annotations/Images-and-Supervisely-Annotations/case_5315/mask_anatomy_inst/case_53153_52.png
837,/data/halyusuf/data/CataractData/semantic_segmentation/Annotations/Images-and-Supervisely-Annotations/case_5315/img/case_53153_53.png,/data/halyusuf/data/CataractData/semantic_segmentation/Annotations/Images-and-Supervisely-Annotations/case_5315/mask_anatomy_inst/case_53153_53.png
838,/data/halyusuf/data/CataractData/semantic_segmentation/Annotations/Images-and-Supervisely-Annotations/case_5315/img/case_53153_54.png,/data/halyusuf/data/CataractData/semantic_segmentation/Annotations/Images-and-Supervisely-Annotations/case_5315/mask_anatomy_inst/case_53153_54.png
839,/data/halyusuf/data/CataractData/semantic_segmentation/Annotations/Images-and-Supervisely-Annotations/case_5315/img/case_53153_55.png,/data/halyusuf/data/CataractData/semantic_segmentation/Annotations/Images-and-Supervisely-Annotations/case_5315/mask_anatomy_inst/case_53153_55.png
840,/data/halyusuf/data/CataractData/semantic_segmentation/Annotations/Images-and-Supervisely-Annotations/case_5315/img/case_53153_56.png,/data/halyusuf/data/CataractData/semantic_segmentation/Annotations/Images-and-Supervisely-Annotations/case_5315/mask_anatomy_inst/case_53153_56.png
841,/data/halyusuf/data/CataractData/semantic_segmentation/Annotations/Images-and-Supervisely-Annotations/case_5315/img/case_53153_57.png,/data/halyusuf/data/CataractData/semantic_segmentation/Annotations/Images-and-Supervisely-Annotations/case_5315/mask_anatomy_inst/case_53153_57.png
842,/data/halyusuf/data/CataractData/semantic_segmentation/Annotations/Images-and-Supervisely-Annotations/case_5315/img/case_53153_58.png,/data/halyusuf/data/CataractData/semantic_segmentation/Annotations/Images-and-Supervisely-Annotations/case_5315/mask_anatomy_inst/case_53153_58.png
843,/data/halyusuf/data/CataractData/semantic_segmentation/Annotations/Images-and-Supervisely-Annotations/case_5315/img/case_53153_59.png,/data/halyusuf/data/CataractData/semantic_segmentation/Annotations/Images-and-Supervisely-Annotations/case_5315/mask_anatomy_inst/case_53153_59.png
844,/data/halyusuf/data/CataractData/semantic_segmentation/Annotations/Images-and-Supervisely-Annotations/case_5315/img/case_53153_60.png,/data/halyusuf/data/CataractData/semantic_segmentation/Annotations/Images-and-Supervisely-Annotations/case_5315/mask_anatomy_inst/case_53153_60.png
845,/data/halyusuf/data/CataractData/semantic_segmentation/Annotations/Images-and-Supervisely-Annotations/case_5315/img/case_53153_61.png,/data/halyusuf/data/CataractData/semantic_segmentation/Annotations/Images-and-Supervisely-Annotations/case_5315/mask_anatomy_inst/case_53153_61.png
846,/data/halyusuf/data/CataractData/semantic_segmentation/Annotations/Images-and-Supervisely-Annotations/case_5315/img/case_53153_62.png,/data/halyusuf/data/CataractData/semantic_segmentation/Annotations/Images-and-Supervisely-Annotations/case_5315/mask_anatomy_inst/case_53153_62.png
847,/data/halyusuf/data/CataractData/semantic_segmentation/Annotations/Images-and-Supervisely-Annotations/case_5315/img/case_53153_63.png,/data/halyusuf/data/CataractData/semantic_segmentation/Annotations/Images-and-Supervisely-Annotations/case_5315/mask_anatomy_inst/case_53153_63.png
848,/data/halyusuf/data/CataractData/semantic_segmentation/Annotations/Images-and-Supervisely-Annotations/case_5315/img/case_53153_64.png,/data/halyusuf/data/CataractData/semantic_segmentation/Annotations/Images-and-Supervisely-Annotations/case_5315/mask_anatomy_inst/case_53153_64.png
849,/data/halyusuf/data/CataractData/semantic_segmentation/Annotations/Images-and-Supervisely-Annotations/case_5315/img/case_53153_65.png,/data/halyusuf/data/CataractData/semantic_segmentation/Annotations/Images-and-Supervisely-Annotations/case_5315/mask_anatomy_inst/case_53153_65.png
850,/data/halyusuf/data/CataractData/semantic_segmentation/Annotations/Images-and-Supervisely-Annotations/case_5315/img/case_53153_66.png,/data/halyusuf/data/CataractData/semantic_segmentation/Annotations/Images-and-Supervisely-Annotations/case_5315/mask_anatomy_inst/case_53153_66.png
851,/data/halyusuf/data/CataractData/semantic_segmentation/Annotations/Images-and-Supervisely-Annotations/case_5315/img/case_53153_67.png,/data/halyusuf/data/CataractData/semantic_segmentation/Annotations/Images-and-Supervisely-Annotations/case_5315/mask_anatomy_inst/case_53153_67.png
852,/data/halyusuf/data/CataractData/semantic_segmentation/Annotations/Images-and-Supervisely-Annotations/case_5315/img/case_53153_68.png,/data/halyusuf/data/CataractData/semantic_segmentation/Annotations/Images-and-Supervisely-Annotations/case_5315/mask_anatomy_inst/case_53153_68.png
853,/data/halyusuf/data/CataractData/semantic_segmentation/Annotations/Images-and-Supervisely-Annotations/case_5315/img/case_53153_69.png,/data/halyusuf/data/CataractData/semantic_segmentation/Annotations/Images-and-Supervisely-Annotations/case_5315/mask_anatomy_inst/case_53153_69.png
854,/data/halyusuf/data/CataractData/semantic_segmentation/Annotations/Images-and-Supervisely-Annotations/case_5315/img/case_53153_70.png,/data/halyusuf/data/CataractData/semantic_segmentation/Annotations/Images-and-Supervisely-Annotations/case_5315/mask_anatomy_inst/case_53153_70.png
855,/data/halyusuf/data/CataractData/semantic_segmentation/Annotations/Images-and-Supervisely-Annotations/case_5315/img/case_53153_71.png,/data/halyusuf/data/CataractData/semantic_segmentation/Annotations/Images-and-Supervisely-Annotations/case_5315/mask_anatomy_inst/case_53153_71.png
856,/data/halyusuf/data/CataractData/semantic_segmentation/Annotations/Images-and-Supervisely-Annotations/case_5315/img/case_53153_72.png,/data/halyusuf/data/CataractData/semantic_segmentation/Annotations/Images-and-Supervisely-Annotations/case_5315/mask_anatomy_inst/case_53153_72.png
857,/data/halyusuf/data/CataractData/semantic_segmentation/Annotations/Images-and-Supervisely-Annotations/case_5315/img/case_53153_73.png,/data/halyusuf/data/CataractData/semantic_segmentation/Annotations/Images-and-Supervisely-Annotations/case_5315/mask_anatomy_inst/case_53153_73.png
858,/data/halyusuf/data/CataractData/semantic_segmentation/Annotations/Images-and-Supervisely-Annotations/case_5315/img/case_53153_74.png,/data/halyusuf/data/CataractData/semantic_segmentation/Annotations/Images-and-Supervisely-Annotations/case_5315/mask_anatomy_inst/case_53153_74.png
859,/data/halyusuf/data/CataractData/semantic_segmentation/Annotations/Images-and-Supervisely-Annotations/case_5315/img/case_53153_75.png,/data/halyusuf/data/CataractData/semantic_segmentation/Annotations/Images-and-Supervisely-Annotations/case_5315/mask_anatomy_inst/case_53153_75.png
860,/data/halyusuf/data/CataractData/semantic_segmentation/Annotations/Images-and-Supervisely-Annotations/case_5316/img/case5316_01.png,/data/halyusuf/data/CataractData/semantic_segmentation/Annotations/Images-and-Supervisely-Annotations/case_5316/mask_anatomy_inst/case5316_01.png
861,/data/halyusuf/data/CataractData/semantic_segmentation/Annotations/Images-and-Supervisely-Annotations/case_5316/img/case5316_02.png,/data/halyusuf/data/CataractData/semantic_segmentation/Annotations/Images-and-Supervisely-Annotations/case_5316/mask_anatomy_inst/case5316_02.png
862,/data/halyusuf/data/CataractData/semantic_segmentation/Annotations/Images-and-Supervisely-Annotations/case_5316/img/case5316_03.png,/data/halyusuf/data/CataractData/semantic_segmentation/Annotations/Images-and-Supervisely-Annotations/case_5316/mask_anatomy_inst/case5316_03.png
863,/data/halyusuf/data/CataractData/semantic_segmentation/Annotations/Images-and-Supervisely-Annotations/case_5316/img/case5316_04.png,/data/halyusuf/data/CataractData/semantic_segmentation/Annotations/Images-and-Supervisely-Annotations/case_5316/mask_anatomy_inst/case5316_04.png
864,/data/halyusuf/data/CataractData/semantic_segmentation/Annotations/Images-and-Supervisely-Annotations/case_5316/img/case5316_05.png,/data/halyusuf/data/CataractData/semantic_segmentation/Annotations/Images-and-Supervisely-Annotations/case_5316/mask_anatomy_inst/case5316_05.png
865,/data/halyusuf/data/CataractData/semantic_segmentation/Annotations/Images-and-Supervisely-Annotations/case_5316/img/case5316_06.png,/data/halyusuf/data/CataractData/semantic_segmentation/Annotations/Images-and-Supervisely-Annotations/case_5316/mask_anatomy_inst/case5316_06.png
866,/data/halyusuf/data/CataractData/semantic_segmentation/Annotations/Images-and-Supervisely-Annotations/case_5316/img/case5316_07.png,/data/halyusuf/data/CataractData/semantic_segmentation/Annotations/Images-and-Supervisely-Annotations/case_5316/mask_anatomy_inst/case5316_07.png
867,/data/halyusuf/data/CataractData/semantic_segmentation/Annotations/Images-and-Supervisely-Annotations/case_5316/img/case5316_08.png,/data/halyusuf/data/CataractData/semantic_segmentation/Annotations/Images-and-Supervisely-Annotations/case_5316/mask_anatomy_inst/case5316_08.png
868,/data/halyusuf/data/CataractData/semantic_segmentation/Annotations/Images-and-Supervisely-Annotations/case_5316/img/case5316_09.png,/data/halyusuf/data/CataractData/semantic_segmentation/Annotations/Images-and-Supervisely-Annotations/case_5316/mask_anatomy_inst/case5316_09.png
869,/data/halyusuf/data/CataractData/semantic_segmentation/Annotations/Images-and-Supervisely-Annotations/case_5316/img/case5316_10.png,/data/halyusuf/data/CataractData/semantic_segmentation/Annotations/Images-and-Supervisely-Annotations/case_5316/mask_anatomy_inst/case5316_10.png
870,/data/halyusuf/data/CataractData/semantic_segmentation/Annotations/Images-and-Supervisely-Annotations/case_5316/img/case5316_11.png,/data/halyusuf/data/CataractData/semantic_segmentation/Annotations/Images-and-Supervisely-Annotations/case_5316/mask_anatomy_inst/case5316_11.png
871,/data/halyusuf/data/CataractData/semantic_segmentation/Annotations/Images-and-Supervisely-Annotations/case_5316/img/case5316_12.png,/data/halyusuf/data/CataractData/semantic_segmentation/Annotations/Images-and-Supervisely-Annotations/case_5316/mask_anatomy_inst/case5316_12.png
872,/data/halyusuf/data/CataractData/semantic_segmentation/Annotations/Images-and-Supervisely-Annotations/case_5316/img/case5316_13.png,/data/halyusuf/data/CataractData/semantic_segmentation/Annotations/Images-and-Supervisely-Annotations/case_5316/mask_anatomy_inst/case5316_13.png
873,/data/halyusuf/data/CataractData/semantic_segmentation/Annotations/Images-and-Supervisely-Annotations/case_5316/img/case5316_14.png,/data/halyusuf/data/CataractData/semantic_segmentation/Annotations/Images-and-Supervisely-Annotations/case_5316/mask_anatomy_inst/case5316_14.png
874,/data/halyusuf/data/CataractData/semantic_segmentation/Annotations/Images-and-Supervisely-Annotations/case_5316/img/case5316_15.png,/data/halyusuf/data/CataractData/semantic_segmentation/Annotations/Images-and-Supervisely-Annotations/case_5316/mask_anatomy_inst/case5316_15.png
875,/data/halyusuf/data/CataractData/semantic_segmentation/Annotations/Images-and-Supervisely-Annotations/case_5316/img/case5316_16.png,/data/halyusuf/data/CataractData/semantic_segmentation/Annotations/Images-and-Supervisely-Annotations/case_5316/mask_anatomy_inst/case5316_16.png
876,/data/halyusuf/data/CataractData/semantic_segmentation/Annotations/Images-and-Supervisely-Annotations/case_5316/img/case5316_17.png,/data/halyusuf/data/CataractData/semantic_segmentation/Annotations/Images-and-Supervisely-Annotations/case_5316/mask_anatomy_inst/case5316_17.png
877,/data/halyusuf/data/CataractData/semantic_segmentation/Annotations/Images-and-Supervisely-Annotations/case_5316/img/case5316_18.png,/data/halyusuf/data/CataractData/semantic_segmentation/Annotations/Images-and-Supervisely-Annotations/case_5316/mask_anatomy_inst/case5316_18.png
878,/data/halyusuf/data/CataractData/semantic_segmentation/Annotations/Images-and-Supervisely-Annotations/case_5316/img/case5316_19.png,/data/halyusuf/data/CataractData/semantic_segmentation/Annotations/Images-and-Supervisely-Annotations/case_5316/mask_anatomy_inst/case5316_19.png
879,/data/halyusuf/data/CataractData/semantic_segmentation/Annotations/Images-and-Supervisely-Annotations/case_5316/img/case5316_20.png,/data/halyusuf/data/CataractData/semantic_segmentation/Annotations/Images-and-Supervisely-Annotations/case_5316/mask_anatomy_inst/case5316_20.png
880,/data/halyusuf/data/CataractData/semantic_segmentation/Annotations/Images-and-Supervisely-Annotations/case_5316/img/case5316_21.png,/data/halyusuf/data/CataractData/semantic_segmentation/Annotations/Images-and-Supervisely-Annotations/case_5316/mask_anatomy_inst/case5316_21.png
881,/data/halyusuf/data/CataractData/semantic_segmentation/Annotations/Images-and-Supervisely-Annotations/case_5316/img/case5316_22.png,/data/halyusuf/data/CataractData/semantic_segmentation/Annotations/Images-and-Supervisely-Annotations/case_5316/mask_anatomy_inst/case5316_22.png
882,/data/halyusuf/data/CataractData/semantic_segmentation/Annotations/Images-and-Supervisely-Annotations/case_5316/img/case5316_23.png,/data/halyusuf/data/CataractData/semantic_segmentation/Annotations/Images-and-Supervisely-Annotations/case_5316/mask_anatomy_inst/case5316_23.png
883,/data/halyusuf/data/CataractData/semantic_segmentation/Annotations/Images-and-Supervisely-Annotations/case_5316/img/case5316_24.png,/data/halyusuf/data/CataractData/semantic_segmentation/Annotations/Images-and-Supervisely-Annotations/case_5316/mask_anatomy_inst/case5316_24.png
884,/data/halyusuf/data/CataractData/semantic_segmentation/Annotations/Images-and-Supervisely-Annotations/case_5316/img/case5316_25.png,/data/halyusuf/data/CataractData/semantic_segmentation/Annotations/Images-and-Supervisely-Annotations/case_5316/mask_anatomy_inst/case5316_25.png
885,/data/halyusuf/data/CataractData/semantic_segmentation/Annotations/Images-and-Supervisely-Annotations/case_5316/img/case5316_26.png,/data/halyusuf/data/CataractData/semantic_segmentation/Annotations/Images-and-Supervisely-Annotations/case_5316/mask_anatomy_inst/case5316_26.png
886,/data/halyusuf/data/CataractData/semantic_segmentation/Annotations/Images-and-Supervisely-Annotations/case_5316/img/case5316_27.png,/data/halyusuf/data/CataractData/semantic_segmentation/Annotations/Images-and-Supervisely-Annotations/case_5316/mask_anatomy_inst/case5316_27.png
887,/data/halyusuf/data/CataractData/semantic_segmentation/Annotations/Images-and-Supervisely-Annotations/case_5316/img/case5316_28.png,/data/halyusuf/data/CataractData/semantic_segmentation/Annotations/Images-and-Supervisely-Annotations/case_5316/mask_anatomy_inst/case5316_28.png
888,/data/halyusuf/data/CataractData/semantic_segmentation/Annotations/Images-and-Supervisely-Annotations/case_5316/img/case5316_29.png,/data/halyusuf/data/CataractData/semantic_segmentation/Annotations/Images-and-Supervisely-Annotations/case_5316/mask_anatomy_inst/case5316_29.png
889,/data/halyusuf/data/CataractData/semantic_segmentation/Annotations/Images-and-Supervisely-Annotations/case_5316/img/case5316_30.png,/data/halyusuf/data/CataractData/semantic_segmentation/Annotations/Images-and-Supervisely-Annotations/case_5316/mask_anatomy_inst/case5316_30.png
890,/data/halyusuf/data/CataractData/semantic_segmentation/Annotations/Images-and-Supervisely-Annotations/case_5316/img/case5316_31.png,/data/halyusuf/data/CataractData/semantic_segmentation/Annotations/Images-and-Supervisely-Annotations/case_5316/mask_anatomy_inst/case5316_31.png
891,/data/halyusuf/data/CataractData/semantic_segmentation/Annotations/Images-and-Supervisely-Annotations/case_5316/img/case5316_32.png,/data/halyusuf/data/CataractData/semantic_segmentation/Annotations/Images-and-Supervisely-Annotations/case_5316/mask_anatomy_inst/case5316_32.png
892,/data/halyusuf/data/CataractData/semantic_segmentation/Annotations/Images-and-Supervisely-Annotations/case_5316/img/case5316_33.png,/data/halyusuf/data/CataractData/semantic_segmentation/Annotations/Images-and-Supervisely-Annotations/case_5316/mask_anatomy_inst/case5316_33.png
893,/data/halyusuf/data/CataractData/semantic_segmentation/Annotations/Images-and-Supervisely-Annotations/case_5316/img/case5316_34.png,/data/halyusuf/data/CataractData/semantic_segmentation/Annotations/Images-and-Supervisely-Annotations/case_5316/mask_anatomy_inst/case5316_34.png
894,/data/halyusuf/data/CataractData/semantic_segmentation/Annotations/Images-and-Supervisely-Annotations/case_5316/img/case5316_35.png,/data/halyusuf/data/CataractData/semantic_segmentation/Annotations/Images-and-Supervisely-Annotations/case_5316/mask_anatomy_inst/case5316_35.png
895,/data/halyusuf/data/CataractData/semantic_segmentation/Annotations/Images-and-Supervisely-Annotations/case_5316/img/case5316_36.png,/data/halyusuf/data/CataractData/semantic_segmentation/Annotations/Images-and-Supervisely-Annotations/case_5316/mask_anatomy_inst/case5316_36.png
896,/data/halyusuf/data/CataractData/semantic_segmentation/Annotations/Images-and-Supervisely-Annotations/case_5316/img/case5316_38.png,/data/halyusuf/data/CataractData/semantic_segmentation/Annotations/Images-and-Supervisely-Annotations/case_5316/mask_anatomy_inst/case5316_38.png
897,/data/halyusuf/data/CataractData/semantic_segmentation/Annotations/Images-and-Supervisely-Annotations/case_5316/img/case5316_39.png,/data/halyusuf/data/CataractData/semantic_segmentation/Annotations/Images-and-Supervisely-Annotations/case_5316/mask_anatomy_inst/case5316_39.png
898,/data/halyusuf/data/CataractData/semantic_segmentation/Annotations/Images-and-Supervisely-Annotations/case_5316/img/case5316_40.png,/data/halyusuf/data/CataractData/semantic_segmentation/Annotations/Images-and-Supervisely-Annotations/case_5316/mask_anatomy_inst/case5316_40.png
899,/data/halyusuf/data/CataractData/semantic_segmentation/Annotations/Images-and-Supervisely-Annotations/case_5316/img/case5316_41.png,/data/halyusuf/data/CataractData/semantic_segmentation/Annotations/Images-and-Supervisely-Annotations/case_5316/mask_anatomy_inst/case5316_41.png
900,/data/halyusuf/data/CataractData/semantic_segmentation/Annotations/Images-and-Supervisely-Annotations/case_5316/img/case5316_42.png,/data/halyusuf/data/CataractData/semantic_segmentation/Annotations/Images-and-Supervisely-Annotations/case_5316/mask_anatomy_inst/case5316_42.png
901,/data/halyusuf/data/CataractData/semantic_segmentation/Annotations/Images-and-Supervisely-Annotations/case_5316/img/case5316_43.png,/data/halyusuf/data/CataractData/semantic_segmentation/Annotations/Images-and-Supervisely-Annotations/case_5316/mask_anatomy_inst/case5316_43.png
902,/data/halyusuf/data/CataractData/semantic_segmentation/Annotations/Images-and-Supervisely-Annotations/case_5316/img/case5316_44.png,/data/halyusuf/data/CataractData/semantic_segmentation/Annotations/Images-and-Supervisely-Annotations/case_5316/mask_anatomy_inst/case5316_44.png
903,/data/halyusuf/data/CataractData/semantic_segmentation/Annotations/Images-and-Supervisely-Annotations/case_5316/img/case5316_45.png,/data/halyusuf/data/CataractData/semantic_segmentation/Annotations/Images-and-Supervisely-Annotations/case_5316/mask_anatomy_inst/case5316_45.png
904,/data/halyusuf/data/CataractData/semantic_segmentation/Annotations/Images-and-Supervisely-Annotations/case_5316/img/case5316_46.png,/data/halyusuf/data/CataractData/semantic_segmentation/Annotations/Images-and-Supervisely-Annotations/case_5316/mask_anatomy_inst/case5316_46.png
905,/data/halyusuf/data/CataractData/semantic_segmentation/Annotations/Images-and-Supervisely-Annotations/case_5316/img/case5316_47.png,/data/halyusuf/data/CataractData/semantic_segmentation/Annotations/Images-and-Supervisely-Annotations/case_5316/mask_anatomy_inst/case5316_47.png
906,/data/halyusuf/data/CataractData/semantic_segmentation/Annotations/Images-and-Supervisely-Annotations/case_5316/img/case5316_48.png,/data/halyusuf/data/CataractData/semantic_segmentation/Annotations/Images-and-Supervisely-Annotations/case_5316/mask_anatomy_inst/case5316_48.png
907,/data/halyusuf/data/CataractData/semantic_segmentation/Annotations/Images-and-Supervisely-Annotations/case_5316/img/case5316_49.png,/data/halyusuf/data/CataractData/semantic_segmentation/Annotations/Images-and-Supervisely-Annotations/case_5316/mask_anatomy_inst/case5316_49.png
908,/data/halyusuf/data/CataractData/semantic_segmentation/Annotations/Images-and-Supervisely-Annotations/case_5316/img/case5316_50.png,/data/halyusuf/data/CataractData/semantic_segmentation/Annotations/Images-and-Supervisely-Annotations/case_5316/mask_anatomy_inst/case5316_50.png
909,/data/halyusuf/data/CataractData/semantic_segmentation/Annotations/Images-and-Supervisely-Annotations/case_5316/img/case5316_51.png,/data/halyusuf/data/CataractData/semantic_segmentation/Annotations/Images-and-Supervisely-Annotations/case_5316/mask_anatomy_inst/case5316_51.png
910,/data/halyusuf/data/CataractData/semantic_segmentation/Annotations/Images-and-Supervisely-Annotations/case_5316/img/case5316_52.png,/data/halyusuf/data/CataractData/semantic_segmentation/Annotations/Images-and-Supervisely-Annotations/case_5316/mask_anatomy_inst/case5316_52.png
911,/data/halyusuf/data/CataractData/semantic_segmentation/Annotations/Images-and-Supervisely-Annotations/case_5316/img/case5316_53.png,/data/halyusuf/data/CataractData/semantic_segmentation/Annotations/Images-and-Supervisely-Annotations/case_5316/mask_anatomy_inst/case5316_53.png
912,/data/halyusuf/data/CataractData/semantic_segmentation/Annotations/Images-and-Supervisely-Annotations/case_5316/img/case5316_54.png,/data/halyusuf/data/CataractData/semantic_segmentation/Annotations/Images-and-Supervisely-Annotations/case_5316/mask_anatomy_inst/case5316_54.png
913,/data/halyusuf/data/CataractData/semantic_segmentation/Annotations/Images-and-Supervisely-Annotations/case_5316/img/case5316_55.png,/data/halyusuf/data/CataractData/semantic_segmentation/Annotations/Images-and-Supervisely-Annotations/case_5316/mask_anatomy_inst/case5316_55.png
914,/data/halyusuf/data/CataractData/semantic_segmentation/Annotations/Images-and-Supervisely-Annotations/case_5316/img/case5316_56.png,/data/halyusuf/data/CataractData/semantic_segmentation/Annotations/Images-and-Supervisely-Annotations/case_5316/mask_anatomy_inst/case5316_56.png
915,/data/halyusuf/data/CataractData/semantic_segmentation/Annotations/Images-and-Supervisely-Annotations/case_5316/img/case5316_57.png,/data/halyusuf/data/CataractData/semantic_segmentation/Annotations/Images-and-Supervisely-Annotations/case_5316/mask_anatomy_inst/case5316_57.png
916,/data/halyusuf/data/CataractData/semantic_segmentation/Annotations/Images-and-Supervisely-Annotations/case_5316/img/case5316_58.png,/data/halyusuf/data/CataractData/semantic_segmentation/Annotations/Images-and-Supervisely-Annotations/case_5316/mask_anatomy_inst/case5316_58.png
917,/data/halyusuf/data/CataractData/semantic_segmentation/Annotations/Images-and-Supervisely-Annotations/case_5316/img/case5316_59.png,/data/halyusuf/data/CataractData/semantic_segmentation/Annotations/Images-and-Supervisely-Annotations/case_5316/mask_anatomy_inst/case5316_59.png
918,/data/halyusuf/data/CataractData/semantic_segmentation/Annotations/Images-and-Supervisely-Annotations/case_5316/img/case5316_60.png,/data/halyusuf/data/CataractData/semantic_segmentation/Annotations/Images-and-Supervisely-Annotations/case_5316/mask_anatomy_inst/case5316_60.png
919,/data/halyusuf/data/CataractData/semantic_segmentation/Annotations/Images-and-Supervisely-Annotations/case_5316/img/case5316_61.png,/data/halyusuf/data/CataractData/semantic_segmentation/Annotations/Images-and-Supervisely-Annotations/case_5316/mask_anatomy_inst/case5316_61.png
920,/data/halyusuf/data/CataractData/semantic_segmentation/Annotations/Images-and-Supervisely-Annotations/case_5316/img/case5316_62.png,/data/halyusuf/data/CataractData/semantic_segmentation/Annotations/Images-and-Supervisely-Annotations/case_5316/mask_anatomy_inst/case5316_62.png
921,/data/halyusuf/data/CataractData/semantic_segmentation/Annotations/Images-and-Supervisely-Annotations/case_5316/img/case5316_63.png,/data/halyusuf/data/CataractData/semantic_segmentation/Annotations/Images-and-Supervisely-Annotations/case_5316/mask_anatomy_inst/case5316_63.png
922,/data/halyusuf/data/CataractData/semantic_segmentation/Annotations/Images-and-Supervisely-Annotations/case_5316/img/case5316_64.png,/data/halyusuf/data/CataractData/semantic_segmentation/Annotations/Images-and-Supervisely-Annotations/case_5316/mask_anatomy_inst/case5316_64.png
923,/data/halyusuf/data/CataractData/semantic_segmentation/Annotations/Images-and-Supervisely-Annotations/case_5316/img/case5316_65.png,/data/halyusuf/data/CataractData/semantic_segmentation/Annotations/Images-and-Supervisely-Annotations/case_5316/mask_anatomy_inst/case5316_65.png
924,/data/halyusuf/data/CataractData/semantic_segmentation/Annotations/Images-and-Supervisely-Annotations/case_5316/img/case5316_66.png,/data/halyusuf/data/CataractData/semantic_segmentation/Annotations/Images-and-Supervisely-Annotations/case_5316/mask_anatomy_inst/case5316_66.png
925,/data/halyusuf/data/CataractData/semantic_segmentation/Annotations/Images-and-Supervisely-Annotations/case_5316/img/case5316_67.png,/data/halyusuf/data/CataractData/semantic_segmentation/Annotations/Images-and-Supervisely-Annotations/case_5316/mask_anatomy_inst/case5316_67.png
926,/data/halyusuf/data/CataractData/semantic_segmentation/Annotations/Images-and-Supervisely-Annotations/case_5316/img/case5316_68.png,/data/halyusuf/data/CataractData/semantic_segmentation/Annotations/Images-and-Supervisely-Annotations/case_5316/mask_anatomy_inst/case5316_68.png
927,/data/halyusuf/data/CataractData/semantic_segmentation/Annotations/Images-and-Supervisely-Annotations/case_5316/img/case5316_69.png,/data/halyusuf/data/CataractData/semantic_segmentation/Annotations/Images-and-Supervisely-Annotations/case_5316/mask_anatomy_inst/case5316_69.png
928,/data/halyusuf/data/CataractData/semantic_segmentation/Annotations/Images-and-Supervisely-Annotations/case_5316/img/case5316_70.png,/data/halyusuf/data/CataractData/semantic_segmentation/Annotations/Images-and-Supervisely-Annotations/case_5316/mask_anatomy_inst/case5316_70.png
929,/data/halyusuf/data/CataractData/semantic_segmentation/Annotations/Images-and-Supervisely-Annotations/case_5317/img/case5317_01.png,/data/halyusuf/data/CataractData/semantic_segmentation/Annotations/Images-and-Supervisely-Annotations/case_5317/mask_anatomy_inst/case5317_01.png
930,/data/halyusuf/data/CataractData/semantic_segmentation/Annotations/Images-and-Supervisely-Annotations/case_5317/img/case5317_02.png,/data/halyusuf/data/CataractData/semantic_segmentation/Annotations/Images-and-Supervisely-Annotations/case_5317/mask_anatomy_inst/case5317_02.png
931,/data/halyusuf/data/CataractData/semantic_segmentation/Annotations/Images-and-Supervisely-Annotations/case_5317/img/case5317_03.png,/data/halyusuf/data/CataractData/semantic_segmentation/Annotations/Images-and-Supervisely-Annotations/case_5317/mask_anatomy_inst/case5317_03.png
932,/data/halyusuf/data/CataractData/semantic_segmentation/Annotations/Images-and-Supervisely-Annotations/case_5317/img/case5317_04.png,/data/halyusuf/data/CataractData/semantic_segmentation/Annotations/Images-and-Supervisely-Annotations/case_5317/mask_anatomy_inst/case5317_04.png
933,/data/halyusuf/data/CataractData/semantic_segmentation/Annotations/Images-and-Supervisely-Annotations/case_5317/img/case5317_05.png,/data/halyusuf/data/CataractData/semantic_segmentation/Annotations/Images-and-Supervisely-Annotations/case_5317/mask_anatomy_inst/case5317_05.png
934,/data/halyusuf/data/CataractData/semantic_segmentation/Annotations/Images-and-Supervisely-Annotations/case_5317/img/case5317_06.png,/data/halyusuf/data/CataractData/semantic_segmentation/Annotations/Images-and-Supervisely-Annotations/case_5317/mask_anatomy_inst/case5317_06.png
935,/data/halyusuf/data/CataractData/semantic_segmentation/Annotations/Images-and-Supervisely-Annotations/case_5317/img/case5317_07.png,/data/halyusuf/data/CataractData/semantic_segmentation/Annotations/Images-and-Supervisely-Annotations/case_5317/mask_anatomy_inst/case5317_07.png
936,/data/halyusuf/data/CataractData/semantic_segmentation/Annotations/Images-and-Supervisely-Annotations/case_5317/img/case5317_08.png,/data/halyusuf/data/CataractData/semantic_segmentation/Annotations/Images-and-Supervisely-Annotations/case_5317/mask_anatomy_inst/case5317_08.png
937,/data/halyusuf/data/CataractData/semantic_segmentation/Annotations/Images-and-Supervisely-Annotations/case_5317/img/case5317_09.png,/data/halyusuf/data/CataractData/semantic_segmentation/Annotations/Images-and-Supervisely-Annotations/case_5317/mask_anatomy_inst/case5317_09.png
938,/data/halyusuf/data/CataractData/semantic_segmentation/Annotations/Images-and-Supervisely-Annotations/case_5317/img/case5317_10.png,/data/halyusuf/data/CataractData/semantic_segmentation/Annotations/Images-and-Supervisely-Annotations/case_5317/mask_anatomy_inst/case5317_10.png
939,/data/halyusuf/data/CataractData/semantic_segmentation/Annotations/Images-and-Supervisely-Annotations/case_5317/img/case5317_11.png,/data/halyusuf/data/CataractData/semantic_segmentation/Annotations/Images-and-Supervisely-Annotations/case_5317/mask_anatomy_inst/case5317_11.png
940,/data/halyusuf/data/CataractData/semantic_segmentation/Annotations/Images-and-Supervisely-Annotations/case_5317/img/case5317_12.png,/data/halyusuf/data/CataractData/semantic_segmentation/Annotations/Images-and-Supervisely-Annotations/case_5317/mask_anatomy_inst/case5317_12.png
941,/data/halyusuf/data/CataractData/semantic_segmentation/Annotations/Images-and-Supervisely-Annotations/case_5317/img/case5317_13.png,/data/halyusuf/data/CataractData/semantic_segmentation/Annotations/Images-and-Supervisely-Annotations/case_5317/mask_anatomy_inst/case5317_13.png
942,/data/halyusuf/data/CataractData/semantic_segmentation/Annotations/Images-and-Supervisely-Annotations/case_5317/img/case5317_14.png,/data/halyusuf/data/CataractData/semantic_segmentation/Annotations/Images-and-Supervisely-Annotations/case_5317/mask_anatomy_inst/case5317_14.png
943,/data/halyusuf/data/CataractData/semantic_segmentation/Annotations/Images-and-Supervisely-Annotations/case_5317/img/case5317_15.png,/data/halyusuf/data/CataractData/semantic_segmentation/Annotations/Images-and-Supervisely-Annotations/case_5317/mask_anatomy_inst/case5317_15.png
944,/data/halyusuf/data/CataractData/semantic_segmentation/Annotations/Images-and-Supervisely-Annotations/case_5317/img/case5317_16.png,/data/halyusuf/data/CataractData/semantic_segmentation/Annotations/Images-and-Supervisely-Annotations/case_5317/mask_anatomy_inst/case5317_16.png
945,/data/halyusuf/data/CataractData/semantic_segmentation/Annotations/Images-and-Supervisely-Annotations/case_5317/img/case5317_17.png,/data/halyusuf/data/CataractData/semantic_segmentation/Annotations/Images-and-Supervisely-Annotations/case_5317/mask_anatomy_inst/case5317_17.png
946,/data/halyusuf/data/CataractData/semantic_segmentation/Annotations/Images-and-Supervisely-Annotations/case_5317/img/case5317_18.png,/data/halyusuf/data/CataractData/semantic_segmentation/Annotations/Images-and-Supervisely-Annotations/case_5317/mask_anatomy_inst/case5317_18.png
947,/data/halyusuf/data/CataractData/semantic_segmentation/Annotations/Images-and-Supervisely-Annotations/case_5317/img/case5317_19.png,/data/halyusuf/data/CataractData/semantic_segmentation/Annotations/Images-and-Supervisely-Annotations/case_5317/mask_anatomy_inst/case5317_19.png
948,/data/halyusuf/data/CataractData/semantic_segmentation/Annotations/Images-and-Supervisely-Annotations/case_5317/img/case5317_20.png,/data/halyusuf/data/CataractData/semantic_segmentation/Annotations/Images-and-Supervisely-Annotations/case_5317/mask_anatomy_inst/case5317_20.png
949,/data/halyusuf/data/CataractData/semantic_segmentation/Annotations/Images-and-Supervisely-Annotations/case_5317/img/case5317_21.png,/data/halyusuf/data/CataractData/semantic_segmentation/Annotations/Images-and-Supervisely-Annotations/case_5317/mask_anatomy_inst/case5317_21.png
950,/data/halyusuf/data/CataractData/semantic_segmentation/Annotations/Images-and-Supervisely-Annotations/case_5317/img/case5317_23.png,/data/halyusuf/data/CataractData/semantic_segmentation/Annotations/Images-and-Supervisely-Annotations/case_5317/mask_anatomy_inst/case5317_23.png
951,/data/halyusuf/data/CataractData/semantic_segmentation/Annotations/Images-and-Supervisely-Annotations/case_5317/img/case5317_24.png,/data/halyusuf/data/CataractData/semantic_segmentation/Annotations/Images-and-Supervisely-Annotations/case_5317/mask_anatomy_inst/case5317_24.png
952,/data/halyusuf/data/CataractData/semantic_segmentation/Annotations/Images-and-Supervisely-Annotations/case_5317/img/case5317_25.png,/data/halyusuf/data/CataractData/semantic_segmentation/Annotations/Images-and-Supervisely-Annotations/case_5317/mask_anatomy_inst/case5317_25.png
953,/data/halyusuf/data/CataractData/semantic_segmentation/Annotations/Images-and-Supervisely-Annotations/case_5317/img/case5317_26.png,/data/halyusuf/data/CataractData/semantic_segmentation/Annotations/Images-and-Supervisely-Annotations/case_5317/mask_anatomy_inst/case5317_26.png
954,/data/halyusuf/data/CataractData/semantic_segmentation/Annotations/Images-and-Supervisely-Annotations/case_5317/img/case5317_27.png,/data/halyusuf/data/CataractData/semantic_segmentation/Annotations/Images-and-Supervisely-Annotations/case_5317/mask_anatomy_inst/case5317_27.png
955,/data/halyusuf/data/CataractData/semantic_segmentation/Annotations/Images-and-Supervisely-Annotations/case_5317/img/case5317_28.png,/data/halyusuf/data/CataractData/semantic_segmentation/Annotations/Images-and-Supervisely-Annotations/case_5317/mask_anatomy_inst/case5317_28.png
956,/data/halyusuf/data/CataractData/semantic_segmentation/Annotations/Images-and-Supervisely-Annotations/case_5317/img/case5317_29.png,/data/halyusuf/data/CataractData/semantic_segmentation/Annotations/Images-and-Supervisely-Annotations/case_5317/mask_anatomy_inst/case5317_29.png
957,/data/halyusuf/data/CataractData/semantic_segmentation/Annotations/Images-and-Supervisely-Annotations/case_5317/img/case5317_30.png,/data/halyusuf/data/CataractData/semantic_segmentation/Annotations/Images-and-Supervisely-Annotations/case_5317/mask_anatomy_inst/case5317_30.png
958,/data/halyusuf/data/CataractData/semantic_segmentation/Annotations/Images-and-Supervisely-Annotations/case_5317/img/case5317_32.png,/data/halyusuf/data/CataractData/semantic_segmentation/Annotations/Images-and-Supervisely-Annotations/case_5317/mask_anatomy_inst/case5317_32.png
959,/data/halyusuf/data/CataractData/semantic_segmentation/Annotations/Images-and-Supervisely-Annotations/case_5317/img/case5317_33.png,/data/halyusuf/data/CataractData/semantic_segmentation/Annotations/Images-and-Supervisely-Annotations/case_5317/mask_anatomy_inst/case5317_33.png
960,/data/halyusuf/data/CataractData/semantic_segmentation/Annotations/Images-and-Supervisely-Annotations/case_5317/img/case5317_34.png,/data/halyusuf/data/CataractData/semantic_segmentation/Annotations/Images-and-Supervisely-Annotations/case_5317/mask_anatomy_inst/case5317_34.png
961,/data/halyusuf/data/CataractData/semantic_segmentation/Annotations/Images-and-Supervisely-Annotations/case_5317/img/case5317_35.png,/data/halyusuf/data/CataractData/semantic_segmentation/Annotations/Images-and-Supervisely-Annotations/case_5317/mask_anatomy_inst/case5317_35.png
962,/data/halyusuf/data/CataractData/semantic_segmentation/Annotations/Images-and-Supervisely-Annotations/case_5317/img/case5317_36.png,/data/halyusuf/data/CataractData/semantic_segmentation/Annotations/Images-and-Supervisely-Annotations/case_5317/mask_anatomy_inst/case5317_36.png
963,/data/halyusuf/data/CataractData/semantic_segmentation/Annotations/Images-and-Supervisely-Annotations/case_5317/img/case5317_37.png,/data/halyusuf/data/CataractData/semantic_segmentation/Annotations/Images-and-Supervisely-Annotations/case_5317/mask_anatomy_inst/case5317_37.png
964,/data/halyusuf/data/CataractData/semantic_segmentation/Annotations/Images-and-Supervisely-Annotations/case_5317/img/case5317_38.png,/data/halyusuf/data/CataractData/semantic_segmentation/Annotations/Images-and-Supervisely-Annotations/case_5317/mask_anatomy_inst/case5317_38.png
965,/data/halyusuf/data/CataractData/semantic_segmentation/Annotations/Images-and-Supervisely-Annotations/case_5317/img/case5317_39.png,/data/halyusuf/data/CataractData/semantic_segmentation/Annotations/Images-and-Supervisely-Annotations/case_5317/mask_anatomy_inst/case5317_39.png
966,/data/halyusuf/data/CataractData/semantic_segmentation/Annotations/Images-and-Supervisely-Annotations/case_5317/img/case5317_40.png,/data/halyusuf/data/CataractData/semantic_segmentation/Annotations/Images-and-Supervisely-Annotations/case_5317/mask_anatomy_inst/case5317_40.png
967,/data/halyusuf/data/CataractData/semantic_segmentation/Annotations/Images-and-Supervisely-Annotations/case_5317/img/case5317_41.png,/data/halyusuf/data/CataractData/semantic_segmentation/Annotations/Images-and-Supervisely-Annotations/case_5317/mask_anatomy_inst/case5317_41.png
968,/data/halyusuf/data/CataractData/semantic_segmentation/Annotations/Images-and-Supervisely-Annotations/case_5317/img/case5317_42.png,/data/halyusuf/data/CataractData/semantic_segmentation/Annotations/Images-and-Supervisely-Annotations/case_5317/mask_anatomy_inst/case5317_42.png
969,/data/halyusuf/data/CataractData/semantic_segmentation/Annotations/Images-and-Supervisely-Annotations/case_5317/img/case5317_43.png,/data/halyusuf/data/CataractData/semantic_segmentation/Annotations/Images-and-Supervisely-Annotations/case_5317/mask_anatomy_inst/case5317_43.png
970,/data/halyusuf/data/CataractData/semantic_segmentation/Annotations/Images-and-Supervisely-Annotations/case_5317/img/case5317_44.png,/data/halyusuf/data/CataractData/semantic_segmentation/Annotations/Images-and-Supervisely-Annotations/case_5317/mask_anatomy_inst/case5317_44.png
971,/data/halyusuf/data/CataractData/semantic_segmentation/Annotations/Images-and-Supervisely-Annotations/case_5317/img/case5317_45.png,/data/halyusuf/data/CataractData/semantic_segmentation/Annotations/Images-and-Supervisely-Annotations/case_5317/mask_anatomy_inst/case5317_45.png
972,/data/halyusuf/data/CataractData/semantic_segmentation/Annotations/Images-and-Supervisely-Annotations/case_5317/img/case5317_46.png,/data/halyusuf/data/CataractData/semantic_segmentation/Annotations/Images-and-Supervisely-Annotations/case_5317/mask_anatomy_inst/case5317_46.png
973,/data/halyusuf/data/CataractData/semantic_segmentation/Annotations/Images-and-Supervisely-Annotations/case_5317/img/case5317_47.png,/data/halyusuf/data/CataractData/semantic_segmentation/Annotations/Images-and-Supervisely-Annotations/case_5317/mask_anatomy_inst/case5317_47.png
974,/data/halyusuf/data/CataractData/semantic_segmentation/Annotations/Images-and-Supervisely-Annotations/case_5317/img/case5317_48.png,/data/halyusuf/data/CataractData/semantic_segmentation/Annotations/Images-and-Supervisely-Annotations/case_5317/mask_anatomy_inst/case5317_48.png
975,/data/halyusuf/data/CataractData/semantic_segmentation/Annotations/Images-and-Supervisely-Annotations/case_5317/img/case5317_49.png,/data/halyusuf/data/CataractData/semantic_segmentation/Annotations/Images-and-Supervisely-Annotations/case_5317/mask_anatomy_inst/case5317_49.png
976,/data/halyusuf/data/CataractData/semantic_segmentation/Annotations/Images-and-Supervisely-Annotations/case_5317/img/case5317_50.png,/data/halyusuf/data/CataractData/semantic_segmentation/Annotations/Images-and-Supervisely-Annotations/case_5317/mask_anatomy_inst/case5317_50.png
977,/data/halyusuf/data/CataractData/semantic_segmentation/Annotations/Images-and-Supervisely-Annotations/case_5317/img/case5317_51.png,/data/halyusuf/data/CataractData/semantic_segmentation/Annotations/Images-and-Supervisely-Annotations/case_5317/mask_anatomy_inst/case5317_51.png
978,/data/halyusuf/data/CataractData/semantic_segmentation/Annotations/Images-and-Supervisely-Annotations/case_5317/img/case5317_52.png,/data/halyusuf/data/CataractData/semantic_segmentation/Annotations/Images-and-Supervisely-Annotations/case_5317/mask_anatomy_inst/case5317_52.png
979,/data/halyusuf/data/CataractData/semantic_segmentation/Annotations/Images-and-Supervisely-Annotations/case_5317/img/case5317_53.png,/data/halyusuf/data/CataractData/semantic_segmentation/Annotations/Images-and-Supervisely-Annotations/case_5317/mask_anatomy_inst/case5317_53.png
980,/data/halyusuf/data/CataractData/semantic_segmentation/Annotations/Images-and-Supervisely-Annotations/case_5317/img/case5317_54.png,/data/halyusuf/data/CataractData/semantic_segmentation/Annotations/Images-and-Supervisely-Annotations/case_5317/mask_anatomy_inst/case5317_54.png
981,/data/halyusuf/data/CataractData/semantic_segmentation/Annotations/Images-and-Supervisely-Annotations/case_5317/img/case5317_55.png,/data/halyusuf/data/CataractData/semantic_segmentation/Annotations/Images-and-Supervisely-Annotations/case_5317/mask_anatomy_inst/case5317_55.png
982,/data/halyusuf/data/CataractData/semantic_segmentation/Annotations/Images-and-Supervisely-Annotations/case_5317/img/case5317_56.png,/data/halyusuf/data/CataractData/semantic_segmentation/Annotations/Images-and-Supervisely-Annotations/case_5317/mask_anatomy_inst/case5317_56.png
983,/data/halyusuf/data/CataractData/semantic_segmentation/Annotations/Images-and-Supervisely-Annotations/case_5317/img/case5317_57.png,/data/halyusuf/data/CataractData/semantic_segmentation/Annotations/Images-and-Supervisely-Annotations/case_5317/mask_anatomy_inst/case5317_57.png
984,/data/halyusuf/data/CataractData/semantic_segmentation/Annotations/Images-and-Supervisely-Annotations/case_5317/img/case5317_58.png,/data/halyusuf/data/CataractData/semantic_segmentation/Annotations/Images-and-Supervisely-Annotations/case_5317/mask_anatomy_inst/case5317_58.png
985,/data/halyusuf/data/CataractData/semantic_segmentation/Annotations/Images-and-Supervisely-Annotations/case_5317/img/case5317_59.png,/data/halyusuf/data/CataractData/semantic_segmentation/Annotations/Images-and-Supervisely-Annotations/case_5317/mask_anatomy_inst/case5317_59.png
986,/data/halyusuf/data/CataractData/semantic_segmentation/Annotations/Images-and-Supervisely-Annotations/case_5317/img/case5317_60.png,/data/halyusuf/data/CataractData/semantic_segmentation/Annotations/Images-and-Supervisely-Annotations/case_5317/mask_anatomy_inst/case5317_60.png
987,/data/halyusuf/data/CataractData/semantic_segmentation/Annotations/Images-and-Supervisely-Annotations/case_5317/img/case5317_61.png,/data/halyusuf/data/CataractData/semantic_segmentation/Annotations/Images-and-Supervisely-Annotations/case_5317/mask_anatomy_inst/case5317_61.png
988,/data/halyusuf/data/CataractData/semantic_segmentation/Annotations/Images-and-Supervisely-Annotations/case_5317/img/case5317_62.png,/data/halyusuf/data/CataractData/semantic_segmentation/Annotations/Images-and-Supervisely-Annotations/case_5317/mask_anatomy_inst/case5317_62.png
989,/data/halyusuf/data/CataractData/semantic_segmentation/Annotations/Images-and-Supervisely-Annotations/case_5319/img/case5319_01.png,/data/halyusuf/data/CataractData/semantic_segmentation/Annotations/Images-and-Supervisely-Annotations/case_5319/mask_anatomy_inst/case5319_01.png
990,/data/halyusuf/data/CataractData/semantic_segmentation/Annotations/Images-and-Supervisely-Annotations/case_5319/img/case5319_02.png,/data/halyusuf/data/CataractData/semantic_segmentation/Annotations/Images-and-Supervisely-Annotations/case_5319/mask_anatomy_inst/case5319_02.png
991,/data/halyusuf/data/CataractData/semantic_segmentation/Annotations/Images-and-Supervisely-Annotations/case_5319/img/case5319_03.png,/data/halyusuf/data/CataractData/semantic_segmentation/Annotations/Images-and-Supervisely-Annotations/case_5319/mask_anatomy_inst/case5319_03.png
992,/data/halyusuf/data/CataractData/semantic_segmentation/Annotations/Images-and-Supervisely-Annotations/case_5319/img/case5319_04.png,/data/halyusuf/data/CataractData/semantic_segmentation/Annotations/Images-and-Supervisely-Annotations/case_5319/mask_anatomy_inst/case5319_04.png
993,/data/halyusuf/data/CataractData/semantic_segmentation/Annotations/Images-and-Supervisely-Annotations/case_5319/img/case5319_05.png,/data/halyusuf/data/CataractData/semantic_segmentation/Annotations/Images-and-Supervisely-Annotations/case_5319/mask_anatomy_inst/case5319_05.png
994,/data/halyusuf/data/CataractData/semantic_segmentation/Annotations/Images-and-Supervisely-Annotations/case_5319/img/case5319_06.png,/data/halyusuf/data/CataractData/semantic_segmentation/Annotations/Images-and-Supervisely-Annotations/case_5319/mask_anatomy_inst/case5319_06.png
995,/data/halyusuf/data/CataractData/semantic_segmentation/Annotations/Images-and-Supervisely-Annotations/case_5319/img/case5319_07.png,/data/halyusuf/data/CataractData/semantic_segmentation/Annotations/Images-and-Supervisely-Annotations/case_5319/mask_anatomy_inst/case5319_07.png
996,/data/halyusuf/data/CataractData/semantic_segmentation/Annotations/Images-and-Supervisely-Annotations/case_5319/img/case5319_08.png,/data/halyusuf/data/CataractData/semantic_segmentation/Annotations/Images-and-Supervisely-Annotations/case_5319/mask_anatomy_inst/case5319_08.png
997,/data/halyusuf/data/CataractData/semantic_segmentation/Annotations/Images-and-Supervisely-Annotations/case_5319/img/case5319_09.png,/data/halyusuf/data/CataractData/semantic_segmentation/Annotations/Images-and-Supervisely-Annotations/case_5319/mask_anatomy_inst/case5319_09.png
998,/data/halyusuf/data/CataractData/semantic_segmentation/Annotations/Images-and-Supervisely-Annotations/case_5319/img/case5319_10.png,/data/halyusuf/data/CataractData/semantic_segmentation/Annotations/Images-and-Supervisely-Annotations/case_5319/mask_anatomy_inst/case5319_10.png
999,/data/halyusuf/data/CataractData/semantic_segmentation/Annotations/Images-and-Supervisely-Annotations/case_5319/img/case5319_100.png,/data/halyusuf/data/CataractData/semantic_segmentation/Annotations/Images-and-Supervisely-Annotations/case_5319/mask_anatomy_inst/case5319_100.png
1000,/data/halyusuf/data/CataractData/semantic_segmentation/Annotations/Images-and-Supervisely-Annotations/case_5319/img/case5319_101.png,/data/halyusuf/data/CataractData/semantic_segmentation/Annotations/Images-and-Supervisely-Annotations/case_5319/mask_anatomy_inst/case5319_101.png
1001,/data/halyusuf/data/CataractData/semantic_segmentation/Annotations/Images-and-Supervisely-Annotations/case_5319/img/case5319_102.png,/data/halyusuf/data/CataractData/semantic_segmentation/Annotations/Images-and-Supervisely-Annotations/case_5319/mask_anatomy_inst/case5319_102.png
1002,/data/halyusuf/data/CataractData/semantic_segmentation/Annotations/Images-and-Supervisely-Annotations/case_5319/img/case5319_103.png,/data/halyusuf/data/CataractData/semantic_segmentation/Annotations/Images-and-Supervisely-Annotations/case_5319/mask_anatomy_inst/case5319_103.png
1003,/data/halyusuf/data/CataractData/semantic_segmentation/Annotations/Images-and-Supervisely-Annotations/case_5319/img/case5319_104.png,/data/halyusuf/data/CataractData/semantic_segmentation/Annotations/Images-and-Supervisely-Annotations/case_5319/mask_anatomy_inst/case5319_104.png
1004,/data/halyusuf/data/CataractData/semantic_segmentation/Annotations/Images-and-Supervisely-Annotations/case_5319/img/case5319_105.png,/data/halyusuf/data/CataractData/semantic_segmentation/Annotations/Images-and-Supervisely-Annotations/case_5319/mask_anatomy_inst/case5319_105.png
1005,/data/halyusuf/data/CataractData/semantic_segmentation/Annotations/Images-and-Supervisely-Annotations/case_5319/img/case5319_106.png,/data/halyusuf/data/CataractData/semantic_segmentation/Annotations/Images-and-Supervisely-Annotations/case_5319/mask_anatomy_inst/case5319_106.png
1006,/data/halyusuf/data/CataractData/semantic_segmentation/Annotations/Images-and-Supervisely-Annotations/case_5319/img/case5319_107.png,/data/halyusuf/data/CataractData/semantic_segmentation/Annotations/Images-and-Supervisely-Annotations/case_5319/mask_anatomy_inst/case5319_107.png
1007,/data/halyusuf/data/CataractData/semantic_segmentation/Annotations/Images-and-Supervisely-Annotations/case_5319/img/case5319_108.png,/data/halyusuf/data/CataractData/semantic_segmentation/Annotations/Images-and-Supervisely-Annotations/case_5319/mask_anatomy_inst/case5319_108.png
1008,/data/halyusuf/data/CataractData/semantic_segmentation/Annotations/Images-and-Supervisely-Annotations/case_5319/img/case5319_109.png,/data/halyusuf/data/CataractData/semantic_segmentation/Annotations/Images-and-Supervisely-Annotations/case_5319/mask_anatomy_inst/case5319_109.png
1009,/data/halyusuf/data/CataractData/semantic_segmentation/Annotations/Images-and-Supervisely-Annotations/case_5319/img/case5319_11.png,/data/halyusuf/data/CataractData/semantic_segmentation/Annotations/Images-and-Supervisely-Annotations/case_5319/mask_anatomy_inst/case5319_11.png
1010,/data/halyusuf/data/CataractData/semantic_segmentation/Annotations/Images-and-Supervisely-Annotations/case_5319/img/case5319_110.png,/data/halyusuf/data/CataractData/semantic_segmentation/Annotations/Images-and-Supervisely-Annotations/case_5319/mask_anatomy_inst/case5319_110.png
1011,/data/halyusuf/data/CataractData/semantic_segmentation/Annotations/Images-and-Supervisely-Annotations/case_5319/img/case5319_111.png,/data/halyusuf/data/CataractData/semantic_segmentation/Annotations/Images-and-Supervisely-Annotations/case_5319/mask_anatomy_inst/case5319_111.png
1012,/data/halyusuf/data/CataractData/semantic_segmentation/Annotations/Images-and-Supervisely-Annotations/case_5319/img/case5319_12.png,/data/halyusuf/data/CataractData/semantic_segmentation/Annotations/Images-and-Supervisely-Annotations/case_5319/mask_anatomy_inst/case5319_12.png
1013,/data/halyusuf/data/CataractData/semantic_segmentation/Annotations/Images-and-Supervisely-Annotations/case_5319/img/case5319_13.png,/data/halyusuf/data/CataractData/semantic_segmentation/Annotations/Images-and-Supervisely-Annotations/case_5319/mask_anatomy_inst/case5319_13.png
1014,/data/halyusuf/data/CataractData/semantic_segmentation/Annotations/Images-and-Supervisely-Annotations/case_5319/img/case5319_14.png,/data/halyusuf/data/CataractData/semantic_segmentation/Annotations/Images-and-Supervisely-Annotations/case_5319/mask_anatomy_inst/case5319_14.png
1015,/data/halyusuf/data/CataractData/semantic_segmentation/Annotations/Images-and-Supervisely-Annotations/case_5319/img/case5319_15.png,/data/halyusuf/data/CataractData/semantic_segmentation/Annotations/Images-and-Supervisely-Annotations/case_5319/mask_anatomy_inst/case5319_15.png
1016,/data/halyusuf/data/CataractData/semantic_segmentation/Annotations/Images-and-Supervisely-Annotations/case_5319/img/case5319_16.png,/data/halyusuf/data/CataractData/semantic_segmentation/Annotations/Images-and-Supervisely-Annotations/case_5319/mask_anatomy_inst/case5319_16.png
1017,/data/halyusuf/data/CataractData/semantic_segmentation/Annotations/Images-and-Supervisely-Annotations/case_5319/img/case5319_17.png,/data/halyusuf/data/CataractData/semantic_segmentation/Annotations/Images-and-Supervisely-Annotations/case_5319/mask_anatomy_inst/case5319_17.png
1018,/data/halyusuf/data/CataractData/semantic_segmentation/Annotations/Images-and-Supervisely-Annotations/case_5319/img/case5319_18.png,/data/halyusuf/data/CataractData/semantic_segmentation/Annotations/Images-and-Supervisely-Annotations/case_5319/mask_anatomy_inst/case5319_18.png
1019,/data/halyusuf/data/CataractData/semantic_segmentation/Annotations/Images-and-Supervisely-Annotations/case_5319/img/case5319_19.png,/data/halyusuf/data/CataractData/semantic_segmentation/Annotations/Images-and-Supervisely-Annotations/case_5319/mask_anatomy_inst/case5319_19.png
1020,/data/halyusuf/data/CataractData/semantic_segmentation/Annotations/Images-and-Supervisely-Annotations/case_5319/img/case5319_20.png,/data/halyusuf/data/CataractData/semantic_segmentation/Annotations/Images-and-Supervisely-Annotations/case_5319/mask_anatomy_inst/case5319_20.png
1021,/data/halyusuf/data/CataractData/semantic_segmentation/Annotations/Images-and-Supervisely-Annotations/case_5319/img/case5319_21.png,/data/halyusuf/data/CataractData/semantic_segmentation/Annotations/Images-and-Supervisely-Annotations/case_5319/mask_anatomy_inst/case5319_21.png
1022,/data/halyusuf/data/CataractData/semantic_segmentation/Annotations/Images-and-Supervisely-Annotations/case_5319/img/case5319_22.png,/data/halyusuf/data/CataractData/semantic_segmentation/Annotations/Images-and-Supervisely-Annotations/case_5319/mask_anatomy_inst/case5319_22.png
1023,/data/halyusuf/data/CataractData/semantic_segmentation/Annotations/Images-and-Supervisely-Annotations/case_5319/img/case5319_23.png,/data/halyusuf/data/CataractData/semantic_segmentation/Annotations/Images-and-Supervisely-Annotations/case_5319/mask_anatomy_inst/case5319_23.png
1024,/data/halyusuf/data/CataractData/semantic_segmentation/Annotations/Images-and-Supervisely-Annotations/case_5319/img/case5319_24.png,/data/halyusuf/data/CataractData/semantic_segmentation/Annotations/Images-and-Supervisely-Annotations/case_5319/mask_anatomy_inst/case5319_24.png
1025,/data/halyusuf/data/CataractData/semantic_segmentation/Annotations/Images-and-Supervisely-Annotations/case_5319/img/case5319_25.png,/data/halyusuf/data/CataractData/semantic_segmentation/Annotations/Images-and-Supervisely-Annotations/case_5319/mask_anatomy_inst/case5319_25.png
1026,/data/halyusuf/data/CataractData/semantic_segmentation/Annotations/Images-and-Supervisely-Annotations/case_5319/img/case5319_26.png,/data/halyusuf/data/CataractData/semantic_segmentation/Annotations/Images-and-Supervisely-Annotations/case_5319/mask_anatomy_inst/case5319_26.png
1027,/data/halyusuf/data/CataractData/semantic_segmentation/Annotations/Images-and-Supervisely-Annotations/case_5319/img/case5319_27.png,/data/halyusuf/data/CataractData/semantic_segmentation/Annotations/Images-and-Supervisely-Annotations/case_5319/mask_anatomy_inst/case5319_27.png
1028,/data/halyusuf/data/CataractData/semantic_segmentation/Annotations/Images-and-Supervisely-Annotations/case_5319/img/case5319_28.png,/data/halyusuf/data/CataractData/semantic_segmentation/Annotations/Images-and-Supervisely-Annotations/case_5319/mask_anatomy_inst/case5319_28.png
1029,/data/halyusuf/data/CataractData/semantic_segmentation/Annotations/Images-and-Supervisely-Annotations/case_5319/img/case5319_29.png,/data/halyusuf/data/CataractData/semantic_segmentation/Annotations/Images-and-Supervisely-Annotations/case_5319/mask_anatomy_inst/case5319_29.png
1030,/data/halyusuf/data/CataractData/semantic_segmentation/Annotations/Images-and-Supervisely-Annotations/case_5319/img/case5319_30.png,/data/halyusuf/data/CataractData/semantic_segmentation/Annotations/Images-and-Supervisely-Annotations/case_5319/mask_anatomy_inst/case5319_30.png
1031,/data/halyusuf/data/CataractData/semantic_segmentation/Annotations/Images-and-Supervisely-Annotations/case_5319/img/case5319_31.png,/data/halyusuf/data/CataractData/semantic_segmentation/Annotations/Images-and-Supervisely-Annotations/case_5319/mask_anatomy_inst/case5319_31.png
1032,/data/halyusuf/data/CataractData/semantic_segmentation/Annotations/Images-and-Supervisely-Annotations/case_5319/img/case5319_32.png,/data/halyusuf/data/CataractData/semantic_segmentation/Annotations/Images-and-Supervisely-Annotations/case_5319/mask_anatomy_inst/case5319_32.png
1033,/data/halyusuf/data/CataractData/semantic_segmentation/Annotations/Images-and-Supervisely-Annotations/case_5319/img/case5319_33.png,/data/halyusuf/data/CataractData/semantic_segmentation/Annotations/Images-and-Supervisely-Annotations/case_5319/mask_anatomy_inst/case5319_33.png
1034,/data/halyusuf/data/CataractData/semantic_segmentation/Annotations/Images-and-Supervisely-Annotations/case_5319/img/case5319_34.png,/data/halyusuf/data/CataractData/semantic_segmentation/Annotations/Images-and-Supervisely-Annotations/case_5319/mask_anatomy_inst/case5319_34.png
1035,/data/halyusuf/data/CataractData/semantic_segmentation/Annotations/Images-and-Supervisely-Annotations/case_5319/img/case5319_35.png,/data/halyusuf/data/CataractData/semantic_segmentation/Annotations/Images-and-Supervisely-Annotations/case_5319/mask_anatomy_inst/case5319_35.png
1036,/data/halyusuf/data/CataractData/semantic_segmentation/Annotations/Images-and-Supervisely-Annotations/case_5319/img/case5319_36.png,/data/halyusuf/data/CataractData/semantic_segmentation/Annotations/Images-and-Supervisely-Annotations/case_5319/mask_anatomy_inst/case5319_36.png
1037,/data/halyusuf/data/CataractData/semantic_segmentation/Annotations/Images-and-Supervisely-Annotations/case_5319/img/case5319_37.png,/data/halyusuf/data/CataractData/semantic_segmentation/Annotations/Images-and-Supervisely-Annotations/case_5319/mask_anatomy_inst/case5319_37.png
1038,/data/halyusuf/data/CataractData/semantic_segmentation/Annotations/Images-and-Supervisely-Annotations/case_5319/img/case5319_38.png,/data/halyusuf/data/CataractData/semantic_segmentation/Annotations/Images-and-Supervisely-Annotations/case_5319/mask_anatomy_inst/case5319_38.png
1039,/data/halyusuf/data/CataractData/semantic_segmentation/Annotations/Images-and-Supervisely-Annotations/case_5319/img/case5319_39.png,/data/halyusuf/data/CataractData/semantic_segmentation/Annotations/Images-and-Supervisely-Annotations/case_5319/mask_anatomy_inst/case5319_39.png
1040,/data/halyusuf/data/CataractData/semantic_segmentation/Annotations/Images-and-Supervisely-Annotations/case_5319/img/case5319_40.png,/data/halyusuf/data/CataractData/semantic_segmentation/Annotations/Images-and-Supervisely-Annotations/case_5319/mask_anatomy_inst/case5319_40.png
1041,/data/halyusuf/data/CataractData/semantic_segmentation/Annotations/Images-and-Supervisely-Annotations/case_5319/img/case5319_41.png,/data/halyusuf/data/CataractData/semantic_segmentation/Annotations/Images-and-Supervisely-Annotations/case_5319/mask_anatomy_inst/case5319_41.png
1042,/data/halyusuf/data/CataractData/semantic_segmentation/Annotations/Images-and-Supervisely-Annotations/case_5319/img/case5319_42.png,/data/halyusuf/data/CataractData/semantic_segmentation/Annotations/Images-and-Supervisely-Annotations/case_5319/mask_anatomy_inst/case5319_42.png
1043,/data/halyusuf/data/CataractData/semantic_segmentation/Annotations/Images-and-Supervisely-Annotations/case_5319/img/case5319_43.png,/data/halyusuf/data/CataractData/semantic_segmentation/Annotations/Images-and-Supervisely-Annotations/case_5319/mask_anatomy_inst/case5319_43.png
1044,/data/halyusuf/data/CataractData/semantic_segmentation/Annotations/Images-and-Supervisely-Annotations/case_5319/img/case5319_44.png,/data/halyusuf/data/CataractData/semantic_segmentation/Annotations/Images-and-Supervisely-Annotations/case_5319/mask_anatomy_inst/case5319_44.png
1045,/data/halyusuf/data/CataractData/semantic_segmentation/Annotations/Images-and-Supervisely-Annotations/case_5319/img/case5319_45.png,/data/halyusuf/data/CataractData/semantic_segmentation/Annotations/Images-and-Supervisely-Annotations/case_5319/mask_anatomy_inst/case5319_45.png
1046,/data/halyusuf/data/CataractData/semantic_segmentation/Annotations/Images-and-Supervisely-Annotations/case_5319/img/case5319_46.png,/data/halyusuf/data/CataractData/semantic_segmentation/Annotations/Images-and-Supervisely-Annotations/case_5319/mask_anatomy_inst/case5319_46.png
1047,/data/halyusuf/data/CataractData/semantic_segmentation/Annotations/Images-and-Supervisely-Annotations/case_5319/img/case5319_47.png,/data/halyusuf/data/CataractData/semantic_segmentation/Annotations/Images-and-Supervisely-Annotations/case_5319/mask_anatomy_inst/case5319_47.png
1048,/data/halyusuf/data/CataractData/semantic_segmentation/Annotations/Images-and-Supervisely-Annotations/case_5319/img/case5319_48.png,/data/halyusuf/data/CataractData/semantic_segmentation/Annotations/Images-and-Supervisely-Annotations/case_5319/mask_anatomy_inst/case5319_48.png
1049,/data/halyusuf/data/CataractData/semantic_segmentation/Annotations/Images-and-Supervisely-Annotations/case_5319/img/case5319_49.png,/data/halyusuf/data/CataractData/semantic_segmentation/Annotations/Images-and-Supervisely-Annotations/case_5319/mask_anatomy_inst/case5319_49.png
1050,/data/halyusuf/data/CataractData/semantic_segmentation/Annotations/Images-and-Supervisely-Annotations/case_5319/img/case5319_50.png,/data/halyusuf/data/CataractData/semantic_segmentation/Annotations/Images-and-Supervisely-Annotations/case_5319/mask_anatomy_inst/case5319_50.png
1051,/data/halyusuf/data/CataractData/semantic_segmentation/Annotations/Images-and-Supervisely-Annotations/case_5319/img/case5319_51.png,/data/halyusuf/data/CataractData/semantic_segmentation/Annotations/Images-and-Supervisely-Annotations/case_5319/mask_anatomy_inst/case5319_51.png
1052,/data/halyusuf/data/CataractData/semantic_segmentation/Annotations/Images-and-Supervisely-Annotations/case_5319/img/case5319_52.png,/data/halyusuf/data/CataractData/semantic_segmentation/Annotations/Images-and-Supervisely-Annotations/case_5319/mask_anatomy_inst/case5319_52.png
1053,/data/halyusuf/data/CataractData/semantic_segmentation/Annotations/Images-and-Supervisely-Annotations/case_5319/img/case5319_53.png,/data/halyusuf/data/CataractData/semantic_segmentation/Annotations/Images-and-Supervisely-Annotations/case_5319/mask_anatomy_inst/case5319_53.png
1054,/data/halyusuf/data/CataractData/semantic_segmentation/Annotations/Images-and-Supervisely-Annotations/case_5319/img/case5319_54.png,/data/halyusuf/data/CataractData/semantic_segmentation/Annotations/Images-and-Supervisely-Annotations/case_5319/mask_anatomy_inst/case5319_54.png
1055,/data/halyusuf/data/CataractData/semantic_segmentation/Annotations/Images-and-Supervisely-Annotations/case_5319/img/case5319_55.png,/data/halyusuf/data/CataractData/semantic_segmentation/Annotations/Images-and-Supervisely-Annotations/case_5319/mask_anatomy_inst/case5319_55.png
1056,/data/halyusuf/data/CataractData/semantic_segmentation/Annotations/Images-and-Supervisely-Annotations/case_5319/img/case5319_56.png,/data/halyusuf/data/CataractData/semantic_segmentation/Annotations/Images-and-Supervisely-Annotations/case_5319/mask_anatomy_inst/case5319_56.png
1057,/data/halyusuf/data/CataractData/semantic_segmentation/Annotations/Images-and-Supervisely-Annotations/case_5319/img/case5319_57.png,/data/halyusuf/data/CataractData/semantic_segmentation/Annotations/Images-and-Supervisely-Annotations/case_5319/mask_anatomy_inst/case5319_57.png
1058,/data/halyusuf/data/CataractData/semantic_segmentation/Annotations/Images-and-Supervisely-Annotations/case_5319/img/case5319_58.png,/data/halyusuf/data/CataractData/semantic_segmentation/Annotations/Images-and-Supervisely-Annotations/case_5319/mask_anatomy_inst/case5319_58.png
1059,/data/halyusuf/data/CataractData/semantic_segmentation/Annotations/Images-and-Supervisely-Annotations/case_5319/img/case5319_59.png,/data/halyusuf/data/CataractData/semantic_segmentation/Annotations/Images-and-Supervisely-Annotations/case_5319/mask_anatomy_inst/case5319_59.png
1060,/data/halyusuf/data/CataractData/semantic_segmentation/Annotations/Images-and-Supervisely-Annotations/case_5319/img/case5319_60.png,/data/halyusuf/data/CataractData/semantic_segmentation/Annotations/Images-and-Supervisely-Annotations/case_5319/mask_anatomy_inst/case5319_60.png
1061,/data/halyusuf/data/CataractData/semantic_segmentation/Annotations/Images-and-Supervisely-Annotations/case_5319/img/case5319_61.png,/data/halyusuf/data/CataractData/semantic_segmentation/Annotations/Images-and-Supervisely-Annotations/case_5319/mask_anatomy_inst/case5319_61.png
1062,/data/halyusuf/data/CataractData/semantic_segmentation/Annotations/Images-and-Supervisely-Annotations/case_5319/img/case5319_62.png,/data/halyusuf/data/CataractData/semantic_segmentation/Annotations/Images-and-Supervisely-Annotations/case_5319/mask_anatomy_inst/case5319_62.png
1063,/data/halyusuf/data/CataractData/semantic_segmentation/Annotations/Images-and-Supervisely-Annotations/case_5319/img/case5319_63.png,/data/halyusuf/data/CataractData/semantic_segmentation/Annotations/Images-and-Supervisely-Annotations/case_5319/mask_anatomy_inst/case5319_63.png
1064,/data/halyusuf/data/CataractData/semantic_segmentation/Annotations/Images-and-Supervisely-Annotations/case_5319/img/case5319_64.png,/data/halyusuf/data/CataractData/semantic_segmentation/Annotations/Images-and-Supervisely-Annotations/case_5319/mask_anatomy_inst/case5319_64.png
1065,/data/halyusuf/data/CataractData/semantic_segmentation/Annotations/Images-and-Supervisely-Annotations/case_5319/img/case5319_65.png,/data/halyusuf/data/CataractData/semantic_segmentation/Annotations/Images-and-Supervisely-Annotations/case_5319/mask_anatomy_inst/case5319_65.png
1066,/data/halyusuf/data/CataractData/semantic_segmentation/Annotations/Images-and-Supervisely-Annotations/case_5319/img/case5319_66.png,/data/halyusuf/data/CataractData/semantic_segmentation/Annotations/Images-and-Supervisely-Annotations/case_5319/mask_anatomy_inst/case5319_66.png
1067,/data/halyusuf/data/CataractData/semantic_segmentation/Annotations/Images-and-Supervisely-Annotations/case_5319/img/case5319_67.png,/data/halyusuf/data/CataractData/semantic_segmentation/Annotations/Images-and-Supervisely-Annotations/case_5319/mask_anatomy_inst/case5319_67.png
1068,/data/halyusuf/data/CataractData/semantic_segmentation/Annotations/Images-and-Supervisely-Annotations/case_5319/img/case5319_68.png,/data/halyusuf/data/CataractData/semantic_segmentation/Annotations/Images-and-Supervisely-Annotations/case_5319/mask_anatomy_inst/case5319_68.png
1069,/data/halyusuf/data/CataractData/semantic_segmentation/Annotations/Images-and-Supervisely-Annotations/case_5319/img/case5319_69.png,/data/halyusuf/data/CataractData/semantic_segmentation/Annotations/Images-and-Supervisely-Annotations/case_5319/mask_anatomy_inst/case5319_69.png
1070,/data/halyusuf/data/CataractData/semantic_segmentation/Annotations/Images-and-Supervisely-Annotations/case_5319/img/case5319_70.png,/data/halyusuf/data/CataractData/semantic_segmentation/Annotations/Images-and-Supervisely-Annotations/case_5319/mask_anatomy_inst/case5319_70.png
1071,/data/halyusuf/data/CataractData/semantic_segmentation/Annotations/Images-and-Supervisely-Annotations/case_5319/img/case5319_71.png,/data/halyusuf/data/CataractData/semantic_segmentation/Annotations/Images-and-Supervisely-Annotations/case_5319/mask_anatomy_inst/case5319_71.png
1072,/data/halyusuf/data/CataractData/semantic_segmentation/Annotations/Images-and-Supervisely-Annotations/case_5319/img/case5319_72.png,/data/halyusuf/data/CataractData/semantic_segmentation/Annotations/Images-and-Supervisely-Annotations/case_5319/mask_anatomy_inst/case5319_72.png
1073,/data/halyusuf/data/CataractData/semantic_segmentation/Annotations/Images-and-Supervisely-Annotations/case_5319/img/case5319_73.png,/data/halyusuf/data/CataractData/semantic_segmentation/Annotations/Images-and-Supervisely-Annotations/case_5319/mask_anatomy_inst/case5319_73.png
1074,/data/halyusuf/data/CataractData/semantic_segmentation/Annotations/Images-and-Supervisely-Annotations/case_5319/img/case5319_74.png,/data/halyusuf/data/CataractData/semantic_segmentation/Annotations/Images-and-Supervisely-Annotations/case_5319/mask_anatomy_inst/case5319_74.png
1075,/data/halyusuf/data/CataractData/semantic_segmentation/Annotations/Images-and-Supervisely-Annotations/case_5319/img/case5319_75.png,/data/halyusuf/data/CataractData/semantic_segmentation/Annotations/Images-and-Supervisely-Annotations/case_5319/mask_anatomy_inst/case5319_75.png
1076,/data/halyusuf/data/CataractData/semantic_segmentation/Annotations/Images-and-Supervisely-Annotations/case_5319/img/case5319_76.png,/data/halyusuf/data/CataractData/semantic_segmentation/Annotations/Images-and-Supervisely-Annotations/case_5319/mask_anatomy_inst/case5319_76.png
1077,/data/halyusuf/data/CataractData/semantic_segmentation/Annotations/Images-and-Supervisely-Annotations/case_5319/img/case5319_77.png,/data/halyusuf/data/CataractData/semantic_segmentation/Annotations/Images-and-Supervisely-Annotations/case_5319/mask_anatomy_inst/case5319_77.png
1078,/data/halyusuf/data/CataractData/semantic_segmentation/Annotations/Images-and-Supervisely-Annotations/case_5319/img/case5319_78.png,/data/halyusuf/data/CataractData/semantic_segmentation/Annotations/Images-and-Supervisely-Annotations/case_5319/mask_anatomy_inst/case5319_78.png
1079,/data/halyusuf/data/CataractData/semantic_segmentation/Annotations/Images-and-Supervisely-Annotations/case_5319/img/case5319_79.png,/data/halyusuf/data/CataractData/semantic_segmentation/Annotations/Images-and-Supervisely-Annotations/case_5319/mask_anatomy_inst/case5319_79.png
1080,/data/halyusuf/data/CataractData/semantic_segmentation/Annotations/Images-and-Supervisely-Annotations/case_5319/img/case5319_80.png,/data/halyusuf/data/CataractData/semantic_segmentation/Annotations/Images-and-Supervisely-Annotations/case_5319/mask_anatomy_inst/case5319_80.png
1081,/data/halyusuf/data/CataractData/semantic_segmentation/Annotations/Images-and-Supervisely-Annotations/case_5319/img/case5319_81.png,/data/halyusuf/data/CataractData/semantic_segmentation/Annotations/Images-and-Supervisely-Annotations/case_5319/mask_anatomy_inst/case5319_81.png
1082,/data/halyusuf/data/CataractData/semantic_segmentation/Annotations/Images-and-Supervisely-Annotations/case_5319/img/case5319_82.png,/data/halyusuf/data/CataractData/semantic_segmentation/Annotations/Images-and-Supervisely-Annotations/case_5319/mask_anatomy_inst/case5319_82.png
1083,/data/halyusuf/data/CataractData/semantic_segmentation/Annotations/Images-and-Supervisely-Annotations/case_5319/img/case5319_83.png,/data/halyusuf/data/CataractData/semantic_segmentation/Annotations/Images-and-Supervisely-Annotations/case_5319/mask_anatomy_inst/case5319_83.png
1084,/data/halyusuf/data/CataractData/semantic_segmentation/Annotations/Images-and-Supervisely-Annotations/case_5319/img/case5319_84.png,/data/halyusuf/data/CataractData/semantic_segmentation/Annotations/Images-and-Supervisely-Annotations/case_5319/mask_anatomy_inst/case5319_84.png
1085,/data/halyusuf/data/CataractData/semantic_segmentation/Annotations/Images-and-Supervisely-Annotations/case_5319/img/case5319_85.png,/data/halyusuf/data/CataractData/semantic_segmentation/Annotations/Images-and-Supervisely-Annotations/case_5319/mask_anatomy_inst/case5319_85.png
1086,/data/halyusuf/data/CataractData/semantic_segmentation/Annotations/Images-and-Supervisely-Annotations/case_5319/img/case5319_86.png,/data/halyusuf/data/CataractData/semantic_segmentation/Annotations/Images-and-Supervisely-Annotations/case_5319/mask_anatomy_inst/case5319_86.png
1087,/data/halyusuf/data/CataractData/semantic_segmentation/Annotations/Images-and-Supervisely-Annotations/case_5319/img/case5319_87.png,/data/halyusuf/data/CataractData/semantic_segmentation/Annotations/Images-and-Supervisely-Annotations/case_5319/mask_anatomy_inst/case5319_87.png
1088,/data/halyusuf/data/CataractData/semantic_segmentation/Annotations/Images-and-Supervisely-Annotations/case_5319/img/case5319_88.png,/data/halyusuf/data/CataractData/semantic_segmentation/Annotations/Images-and-Supervisely-Annotations/case_5319/mask_anatomy_inst/case5319_88.png
1089,/data/halyusuf/data/CataractData/semantic_segmentation/Annotations/Images-and-Supervisely-Annotations/case_5319/img/case5319_89.png,/data/halyusuf/data/CataractData/semantic_segmentation/Annotations/Images-and-Supervisely-Annotations/case_5319/mask_anatomy_inst/case5319_89.png
1090,/data/halyusuf/data/CataractData/semantic_segmentation/Annotations/Images-and-Supervisely-Annotations/case_5319/img/case5319_90.png,/data/halyusuf/data/CataractData/semantic_segmentation/Annotations/Images-and-Supervisely-Annotations/case_5319/mask_anatomy_inst/case5319_90.png
1091,/data/halyusuf/data/CataractData/semantic_segmentation/Annotations/Images-and-Supervisely-Annotations/case_5319/img/case5319_91.png,/data/halyusuf/data/CataractData/semantic_segmentation/Annotations/Images-and-Supervisely-Annotations/case_5319/mask_anatomy_inst/case5319_91.png
1092,/data/halyusuf/data/CataractData/semantic_segmentation/Annotations/Images-and-Supervisely-Annotations/case_5319/img/case5319_92.png,/data/halyusuf/data/CataractData/semantic_segmentation/Annotations/Images-and-Supervisely-Annotations/case_5319/mask_anatomy_inst/case5319_92.png
1093,/data/halyusuf/data/CataractData/semantic_segmentation/Annotations/Images-and-Supervisely-Annotations/case_5319/img/case5319_93.png,/data/halyusuf/data/CataractData/semantic_segmentation/Annotations/Images-and-Supervisely-Annotations/case_5319/mask_anatomy_inst/case5319_93.png
1094,/data/halyusuf/data/CataractData/semantic_segmentation/Annotations/Images-and-Supervisely-Annotations/case_5319/img/case5319_94.png,/data/halyusuf/data/CataractData/semantic_segmentation/Annotations/Images-and-Supervisely-Annotations/case_5319/mask_anatomy_inst/case5319_94.png
1095,/data/halyusuf/data/CataractData/semantic_segmentation/Annotations/Images-and-Supervisely-Annotations/case_5319/img/case5319_95.png,/data/halyusuf/data/CataractData/semantic_segmentation/Annotations/Images-and-Supervisely-Annotations/case_5319/mask_anatomy_inst/case5319_95.png
1096,/data/halyusuf/data/CataractData/semantic_segmentation/Annotations/Images-and-Supervisely-Annotations/case_5319/img/case5319_96.png,/data/halyusuf/data/CataractData/semantic_segmentation/Annotations/Images-and-Supervisely-Annotations/case_5319/mask_anatomy_inst/case5319_96.png
1097,/data/halyusuf/data/CataractData/semantic_segmentation/Annotations/Images-and-Supervisely-Annotations/case_5319/img/case5319_97.png,/data/halyusuf/data/CataractData/semantic_segmentation/Annotations/Images-and-Supervisely-Annotations/case_5319/mask_anatomy_inst/case5319_97.png
1098,/data/halyusuf/data/CataractData/semantic_segmentation/Annotations/Images-and-Supervisely-Annotations/case_5319/img/case5319_98.png,/data/halyusuf/data/CataractData/semantic_segmentation/Annotations/Images-and-Supervisely-Annotations/case_5319/mask_anatomy_inst/case5319_98.png
1099,/data/halyusuf/data/CataractData/semantic_segmentation/Annotations/Images-and-Supervisely-Annotations/case_5319/img/case5319_99.png,/data/halyusuf/data/CataractData/semantic_segmentation/Annotations/Images-and-Supervisely-Annotations/case_5319/mask_anatomy_inst/case5319_99.png
1100,/data/halyusuf/data/CataractData/semantic_segmentation/Annotations/Images-and-Supervisely-Annotations/case_5329/img/case5329_01.png,/data/halyusuf/data/CataractData/semantic_segmentation/Annotations/Images-and-Supervisely-Annotations/case_5329/mask_anatomy_inst/case5329_01.png
1101,/data/halyusuf/data/CataractData/semantic_segmentation/Annotations/Images-and-Supervisely-Annotations/case_5329/img/case5329_02.png,/data/halyusuf/data/CataractData/semantic_segmentation/Annotations/Images-and-Supervisely-Annotations/case_5329/mask_anatomy_inst/case5329_02.png
1102,/data/halyusuf/data/CataractData/semantic_segmentation/Annotations/Images-and-Supervisely-Annotations/case_5329/img/case5329_03.png,/data/halyusuf/data/CataractData/semantic_segmentation/Annotations/Images-and-Supervisely-Annotations/case_5329/mask_anatomy_inst/case5329_03.png
1103,/data/halyusuf/data/CataractData/semantic_segmentation/Annotations/Images-and-Supervisely-Annotations/case_5329/img/case5329_04.png,/data/halyusuf/data/CataractData/semantic_segmentation/Annotations/Images-and-Supervisely-Annotations/case_5329/mask_anatomy_inst/case5329_04.png
1104,/data/halyusuf/data/CataractData/semantic_segmentation/Annotations/Images-and-Supervisely-Annotations/case_5329/img/case5329_05.png,/data/halyusuf/data/CataractData/semantic_segmentation/Annotations/Images-and-Supervisely-Annotations/case_5329/mask_anatomy_inst/case5329_05.png
1105,/data/halyusuf/data/CataractData/semantic_segmentation/Annotations/Images-and-Supervisely-Annotations/case_5329/img/case5329_06.png,/data/halyusuf/data/CataractData/semantic_segmentation/Annotations/Images-and-Supervisely-Annotations/case_5329/mask_anatomy_inst/case5329_06.png
1106,/data/halyusuf/data/CataractData/semantic_segmentation/Annotations/Images-and-Supervisely-Annotations/case_5329/img/case5329_07.png,/data/halyusuf/data/CataractData/semantic_segmentation/Annotations/Images-and-Supervisely-Annotations/case_5329/mask_anatomy_inst/case5329_07.png
1107,/data/halyusuf/data/CataractData/semantic_segmentation/Annotations/Images-and-Supervisely-Annotations/case_5329/img/case5329_08.png,/data/halyusuf/data/CataractData/semantic_segmentation/Annotations/Images-and-Supervisely-Annotations/case_5329/mask_anatomy_inst/case5329_08.png
1108,/data/halyusuf/data/CataractData/semantic_segmentation/Annotations/Images-and-Supervisely-Annotations/case_5329/img/case5329_09.png,/data/halyusuf/data/CataractData/semantic_segmentation/Annotations/Images-and-Supervisely-Annotations/case_5329/mask_anatomy_inst/case5329_09.png
1109,/data/halyusuf/data/CataractData/semantic_segmentation/Annotations/Images-and-Supervisely-Annotations/case_5329/img/case5329_10.png,/data/halyusuf/data/CataractData/semantic_segmentation/Annotations/Images-and-Supervisely-Annotations/case_5329/mask_anatomy_inst/case5329_10.png
1110,/data/halyusuf/data/CataractData/semantic_segmentation/Annotations/Images-and-Supervisely-Annotations/case_5329/img/case5329_11.png,/data/halyusuf/data/CataractData/semantic_segmentation/Annotations/Images-and-Supervisely-Annotations/case_5329/mask_anatomy_inst/case5329_11.png
1111,/data/halyusuf/data/CataractData/semantic_segmentation/Annotations/Images-and-Supervisely-Annotations/case_5329/img/case5329_12.png,/data/halyusuf/data/CataractData/semantic_segmentation/Annotations/Images-and-Supervisely-Annotations/case_5329/mask_anatomy_inst/case5329_12.png
1112,/data/halyusuf/data/CataractData/semantic_segmentation/Annotations/Images-and-Supervisely-Annotations/case_5329/img/case5329_13.png,/data/halyusuf/data/CataractData/semantic_segmentation/Annotations/Images-and-Supervisely-Annotations/case_5329/mask_anatomy_inst/case5329_13.png
1113,/data/halyusuf/data/CataractData/semantic_segmentation/Annotations/Images-and-Supervisely-Annotations/case_5329/img/case5329_14.png,/data/halyusuf/data/CataractData/semantic_segmentation/Annotations/Images-and-Supervisely-Annotations/case_5329/mask_anatomy_inst/case5329_14.png
1114,/data/halyusuf/data/CataractData/semantic_segmentation/Annotations/Images-and-Supervisely-Annotations/case_5329/img/case5329_15.png,/data/halyusuf/data/CataractData/semantic_segmentation/Annotations/Images-and-Supervisely-Annotations/case_5329/mask_anatomy_inst/case5329_15.png
1115,/data/halyusuf/data/CataractData/semantic_segmentation/Annotations/Images-and-Supervisely-Annotations/case_5329/img/case5329_16.png,/data/halyusuf/data/CataractData/semantic_segmentation/Annotations/Images-and-Supervisely-Annotations/case_5329/mask_anatomy_inst/case5329_16.png
1116,/data/halyusuf/data/CataractData/semantic_segmentation/Annotations/Images-and-Supervisely-Annotations/case_5329/img/case5329_17.png,/data/halyusuf/data/CataractData/semantic_segmentation/Annotations/Images-and-Supervisely-Annotations/case_5329/mask_anatomy_inst/case5329_17.png
1117,/data/halyusuf/data/CataractData/semantic_segmentation/Annotations/Images-and-Supervisely-Annotations/case_5329/img/case5329_18.png,/data/halyusuf/data/CataractData/semantic_segmentation/Annotations/Images-and-Supervisely-Annotations/case_5329/mask_anatomy_inst/case5329_18.png
1118,/data/halyusuf/data/CataractData/semantic_segmentation/Annotations/Images-and-Supervisely-Annotations/case_5329/img/case5329_19.png,/data/halyusuf/data/CataractData/semantic_segmentation/Annotations/Images-and-Supervisely-Annotations/case_5329/mask_anatomy_inst/case5329_19.png
1119,/data/halyusuf/data/CataractData/semantic_segmentation/Annotations/Images-and-Supervisely-Annotations/case_5329/img/case5329_20.png,/data/halyusuf/data/CataractData/semantic_segmentation/Annotations/Images-and-Supervisely-Annotations/case_5329/mask_anatomy_inst/case5329_20.png
1120,/data/halyusuf/data/CataractData/semantic_segmentation/Annotations/Images-and-Supervisely-Annotations/case_5329/img/case5329_21.png,/data/halyusuf/data/CataractData/semantic_segmentation/Annotations/Images-and-Supervisely-Annotations/case_5329/mask_anatomy_inst/case5329_21.png
1121,/data/halyusuf/data/CataractData/semantic_segmentation/Annotations/Images-and-Supervisely-Annotations/case_5329/img/case5329_22.png,/data/halyusuf/data/CataractData/semantic_segmentation/Annotations/Images-and-Supervisely-Annotations/case_5329/mask_anatomy_inst/case5329_22.png
1122,/data/halyusuf/data/CataractData/semantic_segmentation/Annotations/Images-and-Supervisely-Annotations/case_5329/img/case5329_23.png,/data/halyusuf/data/CataractData/semantic_segmentation/Annotations/Images-and-Supervisely-Annotations/case_5329/mask_anatomy_inst/case5329_23.png
1123,/data/halyusuf/data/CataractData/semantic_segmentation/Annotations/Images-and-Supervisely-Annotations/case_5329/img/case5329_24.png,/data/halyusuf/data/CataractData/semantic_segmentation/Annotations/Images-and-Supervisely-Annotations/case_5329/mask_anatomy_inst/case5329_24.png
1124,/data/halyusuf/data/CataractData/semantic_segmentation/Annotations/Images-and-Supervisely-Annotations/case_5329/img/case5329_25.png,/data/halyusuf/data/CataractData/semantic_segmentation/Annotations/Images-and-Supervisely-Annotations/case_5329/mask_anatomy_inst/case5329_25.png
1125,/data/halyusuf/data/CataractData/semantic_segmentation/Annotations/Images-and-Supervisely-Annotations/case_5329/img/case5329_26.png,/data/halyusuf/data/CataractData/semantic_segmentation/Annotations/Images-and-Supervisely-Annotations/case_5329/mask_anatomy_inst/case5329_26.png
1126,/data/halyusuf/data/CataractData/semantic_segmentation/Annotations/Images-and-Supervisely-Annotations/case_5329/img/case5329_27.png,/data/halyusuf/data/CataractData/semantic_segmentation/Annotations/Images-and-Supervisely-Annotations/case_5329/mask_anatomy_inst/case5329_27.png
1127,/data/halyusuf/data/CataractData/semantic_segmentation/Annotations/Images-and-Supervisely-Annotations/case_5329/img/case5329_28.png,/data/halyusuf/data/CataractData/semantic_segmentation/Annotations/Images-and-Supervisely-Annotations/case_5329/mask_anatomy_inst/case5329_28.png
1128,/data/halyusuf/data/CataractData/semantic_segmentation/Annotations/Images-and-Supervisely-Annotations/case_5329/img/case5329_29.png,/data/halyusuf/data/CataractData/semantic_segmentation/Annotations/Images-and-Supervisely-Annotations/case_5329/mask_anatomy_inst/case5329_29.png
1129,/data/halyusuf/data/CataractData/semantic_segmentation/Annotations/Images-and-Supervisely-Annotations/case_5329/img/case5329_30.png,/data/halyusuf/data/CataractData/semantic_segmentation/Annotations/Images-and-Supervisely-Annotations/case_5329/mask_anatomy_inst/case5329_30.png
1130,/data/halyusuf/data/CataractData/semantic_segmentation/Annotations/Images-and-Supervisely-Annotations/case_5329/img/case5329_31.png,/data/halyusuf/data/CataractData/semantic_segmentation/Annotations/Images-and-Supervisely-Annotations/case_5329/mask_anatomy_inst/case5329_31.png
1131,/data/halyusuf/data/CataractData/semantic_segmentation/Annotations/Images-and-Supervisely-Annotations/case_5329/img/case5329_32.png,/data/halyusuf/data/CataractData/semantic_segmentation/Annotations/Images-and-Supervisely-Annotations/case_5329/mask_anatomy_inst/case5329_32.png
1132,/data/halyusuf/data/CataractData/semantic_segmentation/Annotations/Images-and-Supervisely-Annotations/case_5329/img/case5329_33.png,/data/halyusuf/data/CataractData/semantic_segmentation/Annotations/Images-and-Supervisely-Annotations/case_5329/mask_anatomy_inst/case5329_33.png
1133,/data/halyusuf/data/CataractData/semantic_segmentation/Annotations/Images-and-Supervisely-Annotations/case_5329/img/case5329_34.png,/data/halyusuf/data/CataractData/semantic_segmentation/Annotations/Images-and-Supervisely-Annotations/case_5329/mask_anatomy_inst/case5329_34.png
1134,/data/halyusuf/data/CataractData/semantic_segmentation/Annotations/Images-and-Supervisely-Annotations/case_5329/img/case5329_35.png,/data/halyusuf/data/CataractData/semantic_segmentation/Annotations/Images-and-Supervisely-Annotations/case_5329/mask_anatomy_inst/case5329_35.png
1135,/data/halyusuf/data/CataractData/semantic_segmentation/Annotations/Images-and-Supervisely-Annotations/case_5329/img/case5329_36.png,/data/halyusuf/data/CataractData/semantic_segmentation/Annotations/Images-and-Supervisely-Annotations/case_5329/mask_anatomy_inst/case5329_36.png
1136,/data/halyusuf/data/CataractData/semantic_segmentation/Annotations/Images-and-Supervisely-Annotations/case_5329/img/case5329_37.png,/data/halyusuf/data/CataractData/semantic_segmentation/Annotations/Images-and-Supervisely-Annotations/case_5329/mask_anatomy_inst/case5329_37.png
1137,/data/halyusuf/data/CataractData/semantic_segmentation/Annotations/Images-and-Supervisely-Annotations/case_5329/img/case5329_38.png,/data/halyusuf/data/CataractData/semantic_segmentation/Annotations/Images-and-Supervisely-Annotations/case_5329/mask_anatomy_inst/case5329_38.png
1138,/data/halyusuf/data/CataractData/semantic_segmentation/Annotations/Images-and-Supervisely-Annotations/case_5329/img/case5329_39.png,/data/halyusuf/data/CataractData/semantic_segmentation/Annotations/Images-and-Supervisely-Annotations/case_5329/mask_anatomy_inst/case5329_39.png
1139,/data/halyusuf/data/CataractData/semantic_segmentation/Annotations/Images-and-Supervisely-Annotations/case_5329/img/case5329_40.png,/data/halyusuf/data/CataractData/semantic_segmentation/Annotations/Images-and-Supervisely-Annotations/case_5329/mask_anatomy_inst/case5329_40.png
1140,/data/halyusuf/data/CataractData/semantic_segmentation/Annotations/Images-and-Supervisely-Annotations/case_5329/img/case5329_41.png,/data/halyusuf/data/CataractData/semantic_segmentation/Annotations/Images-and-Supervisely-Annotations/case_5329/mask_anatomy_inst/case5329_41.png
1141,/data/halyusuf/data/CataractData/semantic_segmentation/Annotations/Images-and-Supervisely-Annotations/case_5329/img/case5329_42.png,/data/halyusuf/data/CataractData/semantic_segmentation/Annotations/Images-and-Supervisely-Annotations/case_5329/mask_anatomy_inst/case5329_42.png
1142,/data/halyusuf/data/CataractData/semantic_segmentation/Annotations/Images-and-Supervisely-Annotations/case_5329/img/case5329_43.png,/data/halyusuf/data/CataractData/semantic_segmentation/Annotations/Images-and-Supervisely-Annotations/case_5329/mask_anatomy_inst/case5329_43.png
1143,/data/halyusuf/data/CataractData/semantic_segmentation/Annotations/Images-and-Supervisely-Annotations/case_5329/img/case5329_44.png,/data/halyusuf/data/CataractData/semantic_segmentation/Annotations/Images-and-Supervisely-Annotations/case_5329/mask_anatomy_inst/case5329_44.png
1144,/data/halyusuf/data/CataractData/semantic_segmentation/Annotations/Images-and-Supervisely-Annotations/case_5329/img/case5329_45.png,/data/halyusuf/data/CataractData/semantic_segmentation/Annotations/Images-and-Supervisely-Annotations/case_5329/mask_anatomy_inst/case5329_45.png
1145,/data/halyusuf/data/CataractData/semantic_segmentation/Annotations/Images-and-Supervisely-Annotations/case_5329/img/case5329_46.png,/data/halyusuf/data/CataractData/semantic_segmentation/Annotations/Images-and-Supervisely-Annotations/case_5329/mask_anatomy_inst/case5329_46.png
1146,/data/halyusuf/data/CataractData/semantic_segmentation/Annotations/Images-and-Supervisely-Annotations/case_5329/img/case5329_47.png,/data/halyusuf/data/CataractData/semantic_segmentation/Annotations/Images-and-Supervisely-Annotations/case_5329/mask_anatomy_inst/case5329_47.png
1147,/data/halyusuf/data/CataractData/semantic_segmentation/Annotations/Images-and-Supervisely-Annotations/case_5329/img/case5329_48.png,/data/halyusuf/data/CataractData/semantic_segmentation/Annotations/Images-and-Supervisely-Annotations/case_5329/mask_anatomy_inst/case5329_48.png
1148,/data/halyusuf/data/CataractData/semantic_segmentation/Annotations/Images-and-Supervisely-Annotations/case_5329/img/case5329_49.png,/data/halyusuf/data/CataractData/semantic_segmentation/Annotations/Images-and-Supervisely-Annotations/case_5329/mask_anatomy_inst/case5329_49.png
1149,/data/halyusuf/data/CataractData/semantic_segmentation/Annotations/Images-and-Supervisely-Annotations/case_5329/img/case5329_50.png,/data/halyusuf/data/CataractData/semantic_segmentation/Annotations/Images-and-Supervisely-Annotations/case_5329/mask_anatomy_inst/case5329_50.png
1150,/data/halyusuf/data/CataractData/semantic_segmentation/Annotations/Images-and-Supervisely-Annotations/case_5329/img/case5329_51.png,/data/halyusuf/data/CataractData/semantic_segmentation/Annotations/Images-and-Supervisely-Annotations/case_5329/mask_anatomy_inst/case5329_51.png
1151,/data/halyusuf/data/CataractData/semantic_segmentation/Annotations/Images-and-Supervisely-Annotations/case_5329/img/case5329_52.png,/data/halyusuf/data/CataractData/semantic_segmentation/Annotations/Images-and-Supervisely-Annotations/case_5329/mask_anatomy_inst/case5329_52.png
1152,/data/halyusuf/data/CataractData/semantic_segmentation/Annotations/Images-and-Supervisely-Annotations/case_5329/img/case5329_53.png,/data/halyusuf/data/CataractData/semantic_segmentation/Annotations/Images-and-Supervisely-Annotations/case_5329/mask_anatomy_inst/case5329_53.png
1153,/data/halyusuf/data/CataractData/semantic_segmentation/Annotations/Images-and-Supervisely-Annotations/case_5329/img/case5329_54.png,/data/halyusuf/data/CataractData/semantic_segmentation/Annotations/Images-and-Supervisely-Annotations/case_5329/mask_anatomy_inst/case5329_54.png
1154,/data/halyusuf/data/CataractData/semantic_segmentation/Annotations/Images-and-Supervisely-Annotations/case_5329/img/case5329_55.png,/data/halyusuf/data/CataractData/semantic_segmentation/Annotations/Images-and-Supervisely-Annotations/case_5329/mask_anatomy_inst/case5329_55.png
1155,/data/halyusuf/data/CataractData/semantic_segmentation/Annotations/Images-and-Supervisely-Annotations/case_5329/img/case5329_56.png,/data/halyusuf/data/CataractData/semantic_segmentation/Annotations/Images-and-Supervisely-Annotations/case_5329/mask_anatomy_inst/case5329_56.png
1156,/data/halyusuf/data/CataractData/semantic_segmentation/Annotations/Images-and-Supervisely-Annotations/case_5329/img/case5329_57.png,/data/halyusuf/data/CataractData/semantic_segmentation/Annotations/Images-and-Supervisely-Annotations/case_5329/mask_anatomy_inst/case5329_57.png
1157,/data/halyusuf/data/CataractData/semantic_segmentation/Annotations/Images-and-Supervisely-Annotations/case_5329/img/case5329_58.png,/data/halyusuf/data/CataractData/semantic_segmentation/Annotations/Images-and-Supervisely-Annotations/case_5329/mask_anatomy_inst/case5329_58.png
1158,/data/halyusuf/data/CataractData/semantic_segmentation/Annotations/Images-and-Supervisely-Annotations/case_5329/img/case5329_59.png,/data/halyusuf/data/CataractData/semantic_segmentation/Annotations/Images-and-Supervisely-Annotations/case_5329/mask_anatomy_inst/case5329_59.png
1159,/data/halyusuf/data/CataractData/semantic_segmentation/Annotations/Images-and-Supervisely-Annotations/case_5329/img/case5329_60.png,/data/halyusuf/data/CataractData/semantic_segmentation/Annotations/Images-and-Supervisely-Annotations/case_5329/mask_anatomy_inst/case5329_60.png
1160,/data/halyusuf/data/CataractData/semantic_segmentation/Annotations/Images-and-Supervisely-Annotations/case_5329/img/case5329_61.png,/data/halyusuf/data/CataractData/semantic_segmentation/Annotations/Images-and-Supervisely-Annotations/case_5329/mask_anatomy_inst/case5329_61.png
1161,/data/halyusuf/data/CataractData/semantic_segmentation/Annotations/Images-and-Supervisely-Annotations/case_5329/img/case5329_62.png,/data/halyusuf/data/CataractData/semantic_segmentation/Annotations/Images-and-Supervisely-Annotations/case_5329/mask_anatomy_inst/case5329_62.png
1162,/data/halyusuf/data/CataractData/semantic_segmentation/Annotations/Images-and-Supervisely-Annotations/case_5329/img/case5329_63.png,/data/halyusuf/data/CataractData/semantic_segmentation/Annotations/Images-and-Supervisely-Annotations/case_5329/mask_anatomy_inst/case5329_63.png
1163,/data/halyusuf/data/CataractData/semantic_segmentation/Annotations/Images-and-Supervisely-Annotations/case_5329/img/case5329_64.png,/data/halyusuf/data/CataractData/semantic_segmentation/Annotations/Images-and-Supervisely-Annotations/case_5329/mask_anatomy_inst/case5329_64.png
1164,/data/halyusuf/data/CataractData/semantic_segmentation/Annotations/Images-and-Supervisely-Annotations/case_5329/img/case5329_65.png,/data/halyusuf/data/CataractData/semantic_segmentation/Annotations/Images-and-Supervisely-Annotations/case_5329/mask_anatomy_inst/case5329_65.png
1165,/data/halyusuf/data/CataractData/semantic_segmentation/Annotations/Images-and-Supervisely-Annotations/case_5329/img/case5329_66.png,/data/halyusuf/data/CataractData/semantic_segmentation/Annotations/Images-and-Supervisely-Annotations/case_5329/mask_anatomy_inst/case5329_66.png
1166,/data/halyusuf/data/CataractData/semantic_segmentation/Annotations/Images-and-Supervisely-Annotations/case_5329/img/case5329_67.png,/data/halyusuf/data/CataractData/semantic_segmentation/Annotations/Images-and-Supervisely-Annotations/case_5329/mask_anatomy_inst/case5329_67.png
1167,/data/halyusuf/data/CataractData/semantic_segmentation/Annotations/Images-and-Supervisely-Annotations/case_5329/img/case5329_68.png,/data/halyusuf/data/CataractData/semantic_segmentation/Annotations/Images-and-Supervisely-Annotations/case_5329/mask_anatomy_inst/case5329_68.png
1168,/data/halyusuf/data/CataractData/semantic_segmentation/Annotations/Images-and-Supervisely-Annotations/case_5329/img/case5329_69.png,/data/halyusuf/data/CataractData/semantic_segmentation/Annotations/Images-and-Supervisely-Annotations/case_5329/mask_anatomy_inst/case5329_69.png
1169,/data/halyusuf/data/CataractData/semantic_segmentation/Annotations/Images-and-Supervisely-Annotations/case_5329/img/case5329_70.png,/data/halyusuf/data/CataractData/semantic_segmentation/Annotations/Images-and-Supervisely-Annotations/case_5329/mask_anatomy_inst/case5329_70.png
1170,/data/halyusuf/data/CataractData/semantic_segmentation/Annotations/Images-and-Supervisely-Annotations/case_5329/img/case5329_71.png,/data/halyusuf/data/CataractData/semantic_segmentation/Annotations/Images-and-Supervisely-Annotations/case_5329/mask_anatomy_inst/case5329_71.png
1171,/data/halyusuf/data/CataractData/semantic_segmentation/Annotations/Images-and-Supervisely-Annotations/case_5329/img/case5329_72.png,/data/halyusuf/data/CataractData/semantic_segmentation/Annotations/Images-and-Supervisely-Annotations/case_5329/mask_anatomy_inst/case5329_72.png
1172,/data/halyusuf/data/CataractData/semantic_segmentation/Annotations/Images-and-Supervisely-Annotations/case_5329/img/case5329_73.png,/data/halyusuf/data/CataractData/semantic_segmentation/Annotations/Images-and-Supervisely-Annotations/case_5329/mask_anatomy_inst/case5329_73.png
1173,/data/halyusuf/data/CataractData/semantic_segmentation/Annotations/Images-and-Supervisely-Annotations/case_5329/img/case5329_74.png,/data/halyusuf/data/CataractData/semantic_segmentation/Annotations/Images-and-Supervisely-Annotations/case_5329/mask_anatomy_inst/case5329_74.png
1174,/data/halyusuf/data/CataractData/semantic_segmentation/Annotations/Images-and-Supervisely-Annotations/case_5329/img/case5329_75.png,/data/halyusuf/data/CataractData/semantic_segmentation/Annotations/Images-and-Supervisely-Annotations/case_5329/mask_anatomy_inst/case5329_75.png
1175,/data/halyusuf/data/CataractData/semantic_segmentation/Annotations/Images-and-Supervisely-Annotations/case_5329/img/case5329_76.png,/data/halyusuf/data/CataractData/semantic_segmentation/Annotations/Images-and-Supervisely-Annotations/case_5329/mask_anatomy_inst/case5329_76.png
1176,/data/halyusuf/data/CataractData/semantic_segmentation/Annotations/Images-and-Supervisely-Annotations/case_5335/img/case5335_01.png,/data/halyusuf/data/CataractData/semantic_segmentation/Annotations/Images-and-Supervisely-Annotations/case_5335/mask_anatomy_inst/case5335_01.png
1177,/data/halyusuf/data/CataractData/semantic_segmentation/Annotations/Images-and-Supervisely-Annotations/case_5335/img/case5335_02.png,/data/halyusuf/data/CataractData/semantic_segmentation/Annotations/Images-and-Supervisely-Annotations/case_5335/mask_anatomy_inst/case5335_02.png
1178,/data/halyusuf/data/CataractData/semantic_segmentation/Annotations/Images-and-Supervisely-Annotations/case_5335/img/case5335_03.png,/data/halyusuf/data/CataractData/semantic_segmentation/Annotations/Images-and-Supervisely-Annotations/case_5335/mask_anatomy_inst/case5335_03.png
1179,/data/halyusuf/data/CataractData/semantic_segmentation/Annotations/Images-and-Supervisely-Annotations/case_5335/img/case5335_04.png,/data/halyusuf/data/CataractData/semantic_segmentation/Annotations/Images-and-Supervisely-Annotations/case_5335/mask_anatomy_inst/case5335_04.png
1180,/data/halyusuf/data/CataractData/semantic_segmentation/Annotations/Images-and-Supervisely-Annotations/case_5335/img/case5335_05.png,/data/halyusuf/data/CataractData/semantic_segmentation/Annotations/Images-and-Supervisely-Annotations/case_5335/mask_anatomy_inst/case5335_05.png
1181,/data/halyusuf/data/CataractData/semantic_segmentation/Annotations/Images-and-Supervisely-Annotations/case_5335/img/case5335_06.png,/data/halyusuf/data/CataractData/semantic_segmentation/Annotations/Images-and-Supervisely-Annotations/case_5335/mask_anatomy_inst/case5335_06.png
1182,/data/halyusuf/data/CataractData/semantic_segmentation/Annotations/Images-and-Supervisely-Annotations/case_5335/img/case5335_07.png,/data/halyusuf/data/CataractData/semantic_segmentation/Annotations/Images-and-Supervisely-Annotations/case_5335/mask_anatomy_inst/case5335_07.png
1183,/data/halyusuf/data/CataractData/semantic_segmentation/Annotations/Images-and-Supervisely-Annotations/case_5335/img/case5335_08.png,/data/halyusuf/data/CataractData/semantic_segmentation/Annotations/Images-and-Supervisely-Annotations/case_5335/mask_anatomy_inst/case5335_08.png
1184,/data/halyusuf/data/CataractData/semantic_segmentation/Annotations/Images-and-Supervisely-Annotations/case_5335/img/case5335_09.png,/data/halyusuf/data/CataractData/semantic_segmentation/Annotations/Images-and-Supervisely-Annotations/case_5335/mask_anatomy_inst/case5335_09.png
1185,/data/halyusuf/data/CataractData/semantic_segmentation/Annotations/Images-and-Supervisely-Annotations/case_5335/img/case5335_10.png,/data/halyusuf/data/CataractData/semantic_segmentation/Annotations/Images-and-Supervisely-Annotations/case_5335/mask_anatomy_inst/case5335_10.png
1186,/data/halyusuf/data/CataractData/semantic_segmentation/Annotations/Images-and-Supervisely-Annotations/case_5335/img/case5335_11.png,/data/halyusuf/data/CataractData/semantic_segmentation/Annotations/Images-and-Supervisely-Annotations/case_5335/mask_anatomy_inst/case5335_11.png
1187,/data/halyusuf/data/CataractData/semantic_segmentation/Annotations/Images-and-Supervisely-Annotations/case_5335/img/case5335_12.png,/data/halyusuf/data/CataractData/semantic_segmentation/Annotations/Images-and-Supervisely-Annotations/case_5335/mask_anatomy_inst/case5335_12.png
1188,/data/halyusuf/data/CataractData/semantic_segmentation/Annotations/Images-and-Supervisely-Annotations/case_5335/img/case5335_13.png,/data/halyusuf/data/CataractData/semantic_segmentation/Annotations/Images-and-Supervisely-Annotations/case_5335/mask_anatomy_inst/case5335_13.png
1189,/data/halyusuf/data/CataractData/semantic_segmentation/Annotations/Images-and-Supervisely-Annotations/case_5335/img/case5335_14.png,/data/halyusuf/data/CataractData/semantic_segmentation/Annotations/Images-and-Supervisely-Annotations/case_5335/mask_anatomy_inst/case5335_14.png
1190,/data/halyusuf/data/CataractData/semantic_segmentation/Annotations/Images-and-Supervisely-Annotations/case_5335/img/case5335_15.png,/data/halyusuf/data/CataractData/semantic_segmentation/Annotations/Images-and-Supervisely-Annotations/case_5335/mask_anatomy_inst/case5335_15.png
1191,/data/halyusuf/data/CataractData/semantic_segmentation/Annotations/Images-and-Supervisely-Annotations/case_5335/img/case5335_16.png,/data/halyusuf/data/CataractData/semantic_segmentation/Annotations/Images-and-Supervisely-Annotations/case_5335/mask_anatomy_inst/case5335_16.png
1192,/data/halyusuf/data/CataractData/semantic_segmentation/Annotations/Images-and-Supervisely-Annotations/case_5335/img/case5335_17.png,/data/halyusuf/data/CataractData/semantic_segmentation/Annotations/Images-and-Supervisely-Annotations/case_5335/mask_anatomy_inst/case5335_17.png
1193,/data/halyusuf/data/CataractData/semantic_segmentation/Annotations/Images-and-Supervisely-Annotations/case_5335/img/case5335_18.png,/data/halyusuf/data/CataractData/semantic_segmentation/Annotations/Images-and-Supervisely-Annotations/case_5335/mask_anatomy_inst/case5335_18.png
1194,/data/halyusuf/data/CataractData/semantic_segmentation/Annotations/Images-and-Supervisely-Annotations/case_5335/img/case5335_19.png,/data/halyusuf/data/CataractData/semantic_segmentation/Annotations/Images-and-Supervisely-Annotations/case_5335/mask_anatomy_inst/case5335_19.png
1195,/data/halyusuf/data/CataractData/semantic_segmentation/Annotations/Images-and-Supervisely-Annotations/case_5335/img/case5335_20.png,/data/halyusuf/data/CataractData/semantic_segmentation/Annotations/Images-and-Supervisely-Annotations/case_5335/mask_anatomy_inst/case5335_20.png
1196,/data/halyusuf/data/CataractData/semantic_segmentation/Annotations/Images-and-Supervisely-Annotations/case_5335/img/case5335_21.png,/data/halyusuf/data/CataractData/semantic_segmentation/Annotations/Images-and-Supervisely-Annotations/case_5335/mask_anatomy_inst/case5335_21.png
1197,/data/halyusuf/data/CataractData/semantic_segmentation/Annotations/Images-and-Supervisely-Annotations/case_5335/img/case5335_22.png,/data/halyusuf/data/CataractData/semantic_segmentation/Annotations/Images-and-Supervisely-Annotations/case_5335/mask_anatomy_inst/case5335_22.png
1198,/data/halyusuf/data/CataractData/semantic_segmentation/Annotations/Images-and-Supervisely-Annotations/case_5335/img/case5335_23.png,/data/halyusuf/data/CataractData/semantic_segmentation/Annotations/Images-and-Supervisely-Annotations/case_5335/mask_anatomy_inst/case5335_23.png
1199,/data/halyusuf/data/CataractData/semantic_segmentation/Annotations/Images-and-Supervisely-Annotations/case_5335/img/case5335_24.png,/data/halyusuf/data/CataractData/semantic_segmentation/Annotations/Images-and-Supervisely-Annotations/case_5335/mask_anatomy_inst/case5335_24.png
1200,/data/halyusuf/data/CataractData/semantic_segmentation/Annotations/Images-and-Supervisely-Annotations/case_5335/img/case5335_25.png,/data/halyusuf/data/CataractData/semantic_segmentation/Annotations/Images-and-Supervisely-Annotations/case_5335/mask_anatomy_inst/case5335_25.png
1201,/data/halyusuf/data/CataractData/semantic_segmentation/Annotations/Images-and-Supervisely-Annotations/case_5335/img/case5335_26.png,/data/halyusuf/data/CataractData/semantic_segmentation/Annotations/Images-and-Supervisely-Annotations/case_5335/mask_anatomy_inst/case5335_26.png
1202,/data/halyusuf/data/CataractData/semantic_segmentation/Annotations/Images-and-Supervisely-Annotations/case_5335/img/case5335_27.png,/data/halyusuf/data/CataractData/semantic_segmentation/Annotations/Images-and-Supervisely-Annotations/case_5335/mask_anatomy_inst/case5335_27.png
1203,/data/halyusuf/data/CataractData/semantic_segmentation/Annotations/Images-and-Supervisely-Annotations/case_5335/img/case5335_28.png,/data/halyusuf/data/CataractData/semantic_segmentation/Annotations/Images-and-Supervisely-Annotations/case_5335/mask_anatomy_inst/case5335_28.png
1204,/data/halyusuf/data/CataractData/semantic_segmentation/Annotations/Images-and-Supervisely-Annotations/case_5335/img/case5335_29.png,/data/halyusuf/data/CataractData/semantic_segmentation/Annotations/Images-and-Supervisely-Annotations/case_5335/mask_anatomy_inst/case5335_29.png
1205,/data/halyusuf/data/CataractData/semantic_segmentation/Annotations/Images-and-Supervisely-Annotations/case_5335/img/case5335_30.png,/data/halyusuf/data/CataractData/semantic_segmentation/Annotations/Images-and-Supervisely-Annotations/case_5335/mask_anatomy_inst/case5335_30.png
1206,/data/halyusuf/data/CataractData/semantic_segmentation/Annotations/Images-and-Supervisely-Annotations/case_5335/img/case5335_31.png,/data/halyusuf/data/CataractData/semantic_segmentation/Annotations/Images-and-Supervisely-Annotations/case_5335/mask_anatomy_inst/case5335_31.png
1207,/data/halyusuf/data/CataractData/semantic_segmentation/Annotations/Images-and-Supervisely-Annotations/case_5335/img/case5335_32.png,/data/halyusuf/data/CataractData/semantic_segmentation/Annotations/Images-and-Supervisely-Annotations/case_5335/mask_anatomy_inst/case5335_32.png
1208,/data/halyusuf/data/CataractData/semantic_segmentation/Annotations/Images-and-Supervisely-Annotations/case_5335/img/case5335_33.png,/data/halyusuf/data/CataractData/semantic_segmentation/Annotations/Images-and-Supervisely-Annotations/case_5335/mask_anatomy_inst/case5335_33.png
1209,/data/halyusuf/data/CataractData/semantic_segmentation/Annotations/Images-and-Supervisely-Annotations/case_5335/img/case5335_34.png,/data/halyusuf/data/CataractData/semantic_segmentation/Annotations/Images-and-Supervisely-Annotations/case_5335/mask_anatomy_inst/case5335_34.png
1210,/data/halyusuf/data/CataractData/semantic_segmentation/Annotations/Images-and-Supervisely-Annotations/case_5335/img/case5335_35.png,/data/halyusuf/data/CataractData/semantic_segmentation/Annotations/Images-and-Supervisely-Annotations/case_5335/mask_anatomy_inst/case5335_35.png
1211,/data/halyusuf/data/CataractData/semantic_segmentation/Annotations/Images-and-Supervisely-Annotations/case_5335/img/case5335_36.png,/data/halyusuf/data/CataractData/semantic_segmentation/Annotations/Images-and-Supervisely-Annotations/case_5335/mask_anatomy_inst/case5335_36.png
1212,/data/halyusuf/data/CataractData/semantic_segmentation/Annotations/Images-and-Supervisely-Annotations/case_5335/img/case5335_37.png,/data/halyusuf/data/CataractData/semantic_segmentation/Annotations/Images-and-Supervisely-Annotations/case_5335/mask_anatomy_inst/case5335_37.png
1213,/data/halyusuf/data/CataractData/semantic_segmentation/Annotations/Images-and-Supervisely-Annotations/case_5335/img/case5335_38.png,/data/halyusuf/data/CataractData/semantic_segmentation/Annotations/Images-and-Supervisely-Annotations/case_5335/mask_anatomy_inst/case5335_38.png
1214,/data/halyusuf/data/CataractData/semantic_segmentation/Annotations/Images-and-Supervisely-Annotations/case_5335/img/case5335_39.png,/data/halyusuf/data/CataractData/semantic_segmentation/Annotations/Images-and-Supervisely-Annotations/case_5335/mask_anatomy_inst/case5335_39.png
1215,/data/halyusuf/data/CataractData/semantic_segmentation/Annotations/Images-and-Supervisely-Annotations/case_5335/img/case5335_40.png,/data/halyusuf/data/CataractData/semantic_segmentation/Annotations/Images-and-Supervisely-Annotations/case_5335/mask_anatomy_inst/case5335_40.png
1216,/data/halyusuf/data/CataractData/semantic_segmentation/Annotations/Images-and-Supervisely-Annotations/case_5335/img/case5335_41.png,/data/halyusuf/data/CataractData/semantic_segmentation/Annotations/Images-and-Supervisely-Annotations/case_5335/mask_anatomy_inst/case5335_41.png
1217,/data/halyusuf/data/CataractData/semantic_segmentation/Annotations/Images-and-Supervisely-Annotations/case_5335/img/case5335_42.png,/data/halyusuf/data/CataractData/semantic_segmentation/Annotations/Images-and-Supervisely-Annotations/case_5335/mask_anatomy_inst/case5335_42.png
1218,/data/halyusuf/data/CataractData/semantic_segmentation/Annotations/Images-and-Supervisely-Annotations/case_5335/img/case5335_43.png,/data/halyusuf/data/CataractData/semantic_segmentation/Annotations/Images-and-Supervisely-Annotations/case_5335/mask_anatomy_inst/case5335_43.png
1219,/data/halyusuf/data/CataractData/semantic_segmentation/Annotations/Images-and-Supervisely-Annotations/case_5335/img/case5335_44.png,/data/halyusuf/data/CataractData/semantic_segmentation/Annotations/Images-and-Supervisely-Annotations/case_5335/mask_anatomy_inst/case5335_44.png
1220,/data/halyusuf/data/CataractData/semantic_segmentation/Annotations/Images-and-Supervisely-Annotations/case_5335/img/case5335_45.png,/data/halyusuf/data/CataractData/semantic_segmentation/Annotations/Images-and-Supervisely-Annotations/case_5335/mask_anatomy_inst/case5335_45.png
1221,/data/halyusuf/data/CataractData/semantic_segmentation/Annotations/Images-and-Supervisely-Annotations/case_5335/img/case5335_46.png,/data/halyusuf/data/CataractData/semantic_segmentation/Annotations/Images-and-Supervisely-Annotations/case_5335/mask_anatomy_inst/case5335_46.png
1222,/data/halyusuf/data/CataractData/semantic_segmentation/Annotations/Images-and-Supervisely-Annotations/case_5335/img/case5335_47.png,/data/halyusuf/data/CataractData/semantic_segmentation/Annotations/Images-and-Supervisely-Annotations/case_5335/mask_anatomy_inst/case5335_47.png
1223,/data/halyusuf/data/CataractData/semantic_segmentation/Annotations/Images-and-Supervisely-Annotations/case_5335/img/case5335_48.png,/data/halyusuf/data/CataractData/semantic_segmentation/Annotations/Images-and-Supervisely-Annotations/case_5335/mask_anatomy_inst/case5335_48.png
1224,/data/halyusuf/data/CataractData/semantic_segmentation/Annotations/Images-and-Supervisely-Annotations/case_5335/img/case5335_49.png,/data/halyusuf/data/CataractData/semantic_segmentation/Annotations/Images-and-Supervisely-Annotations/case_5335/mask_anatomy_inst/case5335_49.png
1225,/data/halyusuf/data/CataractData/semantic_segmentation/Annotations/Images-and-Supervisely-Annotations/case_5335/img/case5335_50.png,/data/halyusuf/data/CataractData/semantic_segmentation/Annotations/Images-and-Supervisely-Annotations/case_5335/mask_anatomy_inst/case5335_50.png
1226,/data/halyusuf/data/CataractData/semantic_segmentation/Annotations/Images-and-Supervisely-Annotations/case_5335/img/case5335_51.png,/data/halyusuf/data/CataractData/semantic_segmentation/Annotations/Images-and-Supervisely-Annotations/case_5335/mask_anatomy_inst/case5335_51.png
1227,/data/halyusuf/data/CataractData/semantic_segmentation/Annotations/Images-and-Supervisely-Annotations/case_5335/img/case5335_52.png,/data/halyusuf/data/CataractData/semantic_segmentation/Annotations/Images-and-Supervisely-Annotations/case_5335/mask_anatomy_inst/case5335_52.png
1228,/data/halyusuf/data/CataractData/semantic_segmentation/Annotations/Images-and-Supervisely-Annotations/case_5335/img/case5335_53.png,/data/halyusuf/data/CataractData/semantic_segmentation/Annotations/Images-and-Supervisely-Annotations/case_5335/mask_anatomy_inst/case5335_53.png
1229,/data/halyusuf/data/CataractData/semantic_segmentation/Annotations/Images-and-Supervisely-Annotations/case_5335/img/case5335_54.png,/data/halyusuf/data/CataractData/semantic_segmentation/Annotations/Images-and-Supervisely-Annotations/case_5335/mask_anatomy_inst/case5335_54.png
1230,/data/halyusuf/data/CataractData/semantic_segmentation/Annotations/Images-and-Supervisely-Annotations/case_5335/img/case5335_55.png,/data/halyusuf/data/CataractData/semantic_segmentation/Annotations/Images-and-Supervisely-Annotations/case_5335/mask_anatomy_inst/case5335_55.png
1231,/data/halyusuf/data/CataractData/semantic_segmentation/Annotations/Images-and-Supervisely-Annotations/case_5335/img/case5335_56.png,/data/halyusuf/data/CataractData/semantic_segmentation/Annotations/Images-and-Supervisely-Annotations/case_5335/mask_anatomy_inst/case5335_56.png
1232,/data/halyusuf/data/CataractData/semantic_segmentation/Annotations/Images-and-Supervisely-Annotations/case_5335/img/case5335_57.png,/data/halyusuf/data/CataractData/semantic_segmentation/Annotations/Images-and-Supervisely-Annotations/case_5335/mask_anatomy_inst/case5335_57.png
1233,/data/halyusuf/data/CataractData/semantic_segmentation/Annotations/Images-and-Supervisely-Annotations/case_5335/img/case5335_58.png,/data/halyusuf/data/CataractData/semantic_segmentation/Annotations/Images-and-Supervisely-Annotations/case_5335/mask_anatomy_inst/case5335_58.png
1234,/data/halyusuf/data/CataractData/semantic_segmentation/Annotations/Images-and-Supervisely-Annotations/case_5335/img/case5335_59.png,/data/halyusuf/data/CataractData/semantic_segmentation/Annotations/Images-and-Supervisely-Annotations/case_5335/mask_anatomy_inst/case5335_59.png
1235,/data/halyusuf/data/CataractData/semantic_segmentation/Annotations/Images-and-Supervisely-Annotations/case_5335/img/case5335_60.png,/data/halyusuf/data/CataractData/semantic_segmentation/Annotations/Images-and-Supervisely-Annotations/case_5335/mask_anatomy_inst/case5335_60.png
1236,/data/halyusuf/data/CataractData/semantic_segmentation/Annotations/Images-and-Supervisely-Annotations/case_5335/img/case5335_61.png,/data/halyusuf/data/CataractData/semantic_segmentation/Annotations/Images-and-Supervisely-Annotations/case_5335/mask_anatomy_inst/case5335_61.png
1237,/data/halyusuf/data/CataractData/semantic_segmentation/Annotations/Images-and-Supervisely-Annotations/case_5335/img/case5335_62.png,/data/halyusuf/data/CataractData/semantic_segmentation/Annotations/Images-and-Supervisely-Annotations/case_5335/mask_anatomy_inst/case5335_62.png
1238,/data/halyusuf/data/CataractData/semantic_segmentation/Annotations/Images-and-Supervisely-Annotations/case_5335/img/case5335_63.png,/data/halyusuf/data/CataractData/semantic_segmentation/Annotations/Images-and-Supervisely-Annotations/case_5335/mask_anatomy_inst/case5335_63.png
1239,/data/halyusuf/data/CataractData/semantic_segmentation/Annotations/Images-and-Supervisely-Annotations/case_5335/img/case5335_64.png,/data/halyusuf/data/CataractData/semantic_segmentation/Annotations/Images-and-Supervisely-Annotations/case_5335/mask_anatomy_inst/case5335_64.png
1240,/data/halyusuf/data/CataractData/semantic_segmentation/Annotations/Images-and-Supervisely-Annotations/case_5335/img/case5335_65.png,/data/halyusuf/data/CataractData/semantic_segmentation/Annotations/Images-and-Supervisely-Annotations/case_5335/mask_anatomy_inst/case5335_65.png
1241,/data/halyusuf/data/CataractData/semantic_segmentation/Annotations/Images-and-Supervisely-Annotations/case_5335/img/case5335_66.png,/data/halyusuf/data/CataractData/semantic_segmentation/Annotations/Images-and-Supervisely-Annotations/case_5335/mask_anatomy_inst/case5335_66.png
1242,/data/halyusuf/data/CataractData/semantic_segmentation/Annotations/Images-and-Supervisely-Annotations/case_5335/img/case5335_67.png,/data/halyusuf/data/CataractData/semantic_segmentation/Annotations/Images-and-Supervisely-Annotations/case_5335/mask_anatomy_inst/case5335_67.png
1243,/data/halyusuf/data/CataractData/semantic_segmentation/Annotations/Images-and-Supervisely-Annotations/case_5335/img/case5335_68.png,/data/halyusuf/data/CataractData/semantic_segmentation/Annotations/Images-and-Supervisely-Annotations/case_5335/mask_anatomy_inst/case5335_68.png
1244,/data/halyusuf/data/CataractData/semantic_segmentation/Annotations/Images-and-Supervisely-Annotations/case_5335/img/case5335_69.png,/data/halyusuf/data/CataractData/semantic_segmentation/Annotations/Images-and-Supervisely-Annotations/case_5335/mask_anatomy_inst/case5335_69.png
1245,/data/halyusuf/data/CataractData/semantic_segmentation/Annotations/Images-and-Supervisely-Annotations/case_5335/img/case5335_70.png,/data/halyusuf/data/CataractData/semantic_segmentation/Annotations/Images-and-Supervisely-Annotations/case_5335/mask_anatomy_inst/case5335_70.png
1246,/data/halyusuf/data/CataractData/semantic_segmentation/Annotations/Images-and-Supervisely-Annotations/case_5335/img/case5335_71.png,/data/halyusuf/data/CataractData/semantic_segmentation/Annotations/Images-and-Supervisely-Annotations/case_5335/mask_anatomy_inst/case5335_71.png
1247,/data/halyusuf/data/CataractData/semantic_segmentation/Annotations/Images-and-Supervisely-Annotations/case_5335/img/case5335_72.png,/data/halyusuf/data/CataractData/semantic_segmentation/Annotations/Images-and-Supervisely-Annotations/case_5335/mask_anatomy_inst/case5335_72.png
1248,/data/halyusuf/data/CataractData/semantic_segmentation/Annotations/Images-and-Supervisely-Annotations/case_5335/img/case5335_73.png,/data/halyusuf/data/CataractData/semantic_segmentation/Annotations/Images-and-Supervisely-Annotations/case_5335/mask_anatomy_inst/case5335_73.png
1249,/data/halyusuf/data/CataractData/semantic_segmentation/Annotations/Images-and-Supervisely-Annotations/case_5335/img/case5335_74.png,/data/halyusuf/data/CataractData/semantic_segmentation/Annotations/Images-and-Supervisely-Annotations/case_5335/mask_anatomy_inst/case5335_74.png
1250,/data/halyusuf/data/CataractData/semantic_segmentation/Annotations/Images-and-Supervisely-Annotations/case_5340/img/case5340_01.png,/data/halyusuf/data/CataractData/semantic_segmentation/Annotations/Images-and-Supervisely-Annotations/case_5340/mask_anatomy_inst/case5340_01.png
1251,/data/halyusuf/data/CataractData/semantic_segmentation/Annotations/Images-and-Supervisely-Annotations/case_5340/img/case5340_02.png,/data/halyusuf/data/CataractData/semantic_segmentation/Annotations/Images-and-Supervisely-Annotations/case_5340/mask_anatomy_inst/case5340_02.png
1252,/data/halyusuf/data/CataractData/semantic_segmentation/Annotations/Images-and-Supervisely-Annotations/case_5340/img/case5340_03.png,/data/halyusuf/data/CataractData/semantic_segmentation/Annotations/Images-and-Supervisely-Annotations/case_5340/mask_anatomy_inst/case5340_03.png
1253,/data/halyusuf/data/CataractData/semantic_segmentation/Annotations/Images-and-Supervisely-Annotations/case_5340/img/case5340_04.png,/data/halyusuf/data/CataractData/semantic_segmentation/Annotations/Images-and-Supervisely-Annotations/case_5340/mask_anatomy_inst/case5340_04.png
1254,/data/halyusuf/data/CataractData/semantic_segmentation/Annotations/Images-and-Supervisely-Annotations/case_5340/img/case5340_05.png,/data/halyusuf/data/CataractData/semantic_segmentation/Annotations/Images-and-Supervisely-Annotations/case_5340/mask_anatomy_inst/case5340_05.png
1255,/data/halyusuf/data/CataractData/semantic_segmentation/Annotations/Images-and-Supervisely-Annotations/case_5340/img/case5340_06.png,/data/halyusuf/data/CataractData/semantic_segmentation/Annotations/Images-and-Supervisely-Annotations/case_5340/mask_anatomy_inst/case5340_06.png
1256,/data/halyusuf/data/CataractData/semantic_segmentation/Annotations/Images-and-Supervisely-Annotations/case_5340/img/case5340_07.png,/data/halyusuf/data/CataractData/semantic_segmentation/Annotations/Images-and-Supervisely-Annotations/case_5340/mask_anatomy_inst/case5340_07.png
1257,/data/halyusuf/data/CataractData/semantic_segmentation/Annotations/Images-and-Supervisely-Annotations/case_5340/img/case5340_08.png,/data/halyusuf/data/CataractData/semantic_segmentation/Annotations/Images-and-Supervisely-Annotations/case_5340/mask_anatomy_inst/case5340_08.png
1258,/data/halyusuf/data/CataractData/semantic_segmentation/Annotations/Images-and-Supervisely-Annotations/case_5340/img/case5340_09.png,/data/halyusuf/data/CataractData/semantic_segmentation/Annotations/Images-and-Supervisely-Annotations/case_5340/mask_anatomy_inst/case5340_09.png
1259,/data/halyusuf/data/CataractData/semantic_segmentation/Annotations/Images-and-Supervisely-Annotations/case_5340/img/case5340_10.png,/data/halyusuf/data/CataractData/semantic_segmentation/Annotations/Images-and-Supervisely-Annotations/case_5340/mask_anatomy_inst/case5340_10.png
1260,/data/halyusuf/data/CataractData/semantic_segmentation/Annotations/Images-and-Supervisely-Annotations/case_5340/img/case5340_11.png,/data/halyusuf/data/CataractData/semantic_segmentation/Annotations/Images-and-Supervisely-Annotations/case_5340/mask_anatomy_inst/case5340_11.png
1261,/data/halyusuf/data/CataractData/semantic_segmentation/Annotations/Images-and-Supervisely-Annotations/case_5340/img/case5340_12.png,/data/halyusuf/data/CataractData/semantic_segmentation/Annotations/Images-and-Supervisely-Annotations/case_5340/mask_anatomy_inst/case5340_12.png
1262,/data/halyusuf/data/CataractData/semantic_segmentation/Annotations/Images-and-Supervisely-Annotations/case_5340/img/case5340_13.png,/data/halyusuf/data/CataractData/semantic_segmentation/Annotations/Images-and-Supervisely-Annotations/case_5340/mask_anatomy_inst/case5340_13.png
1263,/data/halyusuf/data/CataractData/semantic_segmentation/Annotations/Images-and-Supervisely-Annotations/case_5340/img/case5340_14.png,/data/halyusuf/data/CataractData/semantic_segmentation/Annotations/Images-and-Supervisely-Annotations/case_5340/mask_anatomy_inst/case5340_14.png
1264,/data/halyusuf/data/CataractData/semantic_segmentation/Annotations/Images-and-Supervisely-Annotations/case_5340/img/case5340_15.png,/data/halyusuf/data/CataractData/semantic_segmentation/Annotations/Images-and-Supervisely-Annotations/case_5340/mask_anatomy_inst/case5340_15.png
1265,/data/halyusuf/data/CataractData/semantic_segmentation/Annotations/Images-and-Supervisely-Annotations/case_5340/img/case5340_16.png,/data/halyusuf/data/CataractData/semantic_segmentation/Annotations/Images-and-Supervisely-Annotations/case_5340/mask_anatomy_inst/case5340_16.png
1266,/data/halyusuf/data/CataractData/semantic_segmentation/Annotations/Images-and-Supervisely-Annotations/case_5340/img/case5340_17.png,/data/halyusuf/data/CataractData/semantic_segmentation/Annotations/Images-and-Supervisely-Annotations/case_5340/mask_anatomy_inst/case5340_17.png
1267,/data/halyusuf/data/CataractData/semantic_segmentation/Annotations/Images-and-Supervisely-Annotations/case_5340/img/case5340_18.png,/data/halyusuf/data/CataractData/semantic_segmentation/Annotations/Images-and-Supervisely-Annotations/case_5340/mask_anatomy_inst/case5340_18.png
1268,/data/halyusuf/data/CataractData/semantic_segmentation/Annotations/Images-and-Supervisely-Annotations/case_5340/img/case5340_19.png,/data/halyusuf/data/CataractData/semantic_segmentation/Annotations/Images-and-Supervisely-Annotations/case_5340/mask_anatomy_inst/case5340_19.png
1269,/data/halyusuf/data/CataractData/semantic_segmentation/Annotations/Images-and-Supervisely-Annotations/case_5340/img/case5340_20.png,/data/halyusuf/data/CataractData/semantic_segmentation/Annotations/Images-and-Supervisely-Annotations/case_5340/mask_anatomy_inst/case5340_20.png
1270,/data/halyusuf/data/CataractData/semantic_segmentation/Annotations/Images-and-Supervisely-Annotations/case_5340/img/case5340_21.png,/data/halyusuf/data/CataractData/semantic_segmentation/Annotations/Images-and-Supervisely-Annotations/case_5340/mask_anatomy_inst/case5340_21.png
1271,/data/halyusuf/data/CataractData/semantic_segmentation/Annotations/Images-and-Supervisely-Annotations/case_5340/img/case5340_22.png,/data/halyusuf/data/CataractData/semantic_segmentation/Annotations/Images-and-Supervisely-Annotations/case_5340/mask_anatomy_inst/case5340_22.png
1272,/data/halyusuf/data/CataractData/semantic_segmentation/Annotations/Images-and-Supervisely-Annotations/case_5340/img/case5340_23.png,/data/halyusuf/data/CataractData/semantic_segmentation/Annotations/Images-and-Supervisely-Annotations/case_5340/mask_anatomy_inst/case5340_23.png
1273,/data/halyusuf/data/CataractData/semantic_segmentation/Annotations/Images-and-Supervisely-Annotations/case_5340/img/case5340_24.png,/data/halyusuf/data/CataractData/semantic_segmentation/Annotations/Images-and-Supervisely-Annotations/case_5340/mask_anatomy_inst/case5340_24.png
1274,/data/halyusuf/data/CataractData/semantic_segmentation/Annotations/Images-and-Supervisely-Annotations/case_5340/img/case5340_25.png,/data/halyusuf/data/CataractData/semantic_segmentation/Annotations/Images-and-Supervisely-Annotations/case_5340/mask_anatomy_inst/case5340_25.png
1275,/data/halyusuf/data/CataractData/semantic_segmentation/Annotations/Images-and-Supervisely-Annotations/case_5340/img/case5340_26.png,/data/halyusuf/data/CataractData/semantic_segmentation/Annotations/Images-and-Supervisely-Annotations/case_5340/mask_anatomy_inst/case5340_26.png
1276,/data/halyusuf/data/CataractData/semantic_segmentation/Annotations/Images-and-Supervisely-Annotations/case_5340/img/case5340_27.png,/data/halyusuf/data/CataractData/semantic_segmentation/Annotations/Images-and-Supervisely-Annotations/case_5340/mask_anatomy_inst/case5340_27.png
1277,/data/halyusuf/data/CataractData/semantic_segmentation/Annotations/Images-and-Supervisely-Annotations/case_5340/img/case5340_28.png,/data/halyusuf/data/CataractData/semantic_segmentation/Annotations/Images-and-Supervisely-Annotations/case_5340/mask_anatomy_inst/case5340_28.png
1278,/data/halyusuf/data/CataractData/semantic_segmentation/Annotations/Images-and-Supervisely-Annotations/case_5340/img/case5340_29.png,/data/halyusuf/data/CataractData/semantic_segmentation/Annotations/Images-and-Supervisely-Annotations/case_5340/mask_anatomy_inst/case5340_29.png
1279,/data/halyusuf/data/CataractData/semantic_segmentation/Annotations/Images-and-Supervisely-Annotations/case_5340/img/case5340_30.png,/data/halyusuf/data/CataractData/semantic_segmentation/Annotations/Images-and-Supervisely-Annotations/case_5340/mask_anatomy_inst/case5340_30.png
1280,/data/halyusuf/data/CataractData/semantic_segmentation/Annotations/Images-and-Supervisely-Annotations/case_5340/img/case5340_31.png,/data/halyusuf/data/CataractData/semantic_segmentation/Annotations/Images-and-Supervisely-Annotations/case_5340/mask_anatomy_inst/case5340_31.png
1281,/data/halyusuf/data/CataractData/semantic_segmentation/Annotations/Images-and-Supervisely-Annotations/case_5340/img/case5340_32.png,/data/halyusuf/data/CataractData/semantic_segmentation/Annotations/Images-and-Supervisely-Annotations/case_5340/mask_anatomy_inst/case5340_32.png
1282,/data/halyusuf/data/CataractData/semantic_segmentation/Annotations/Images-and-Supervisely-Annotations/case_5340/img/case5340_33.png,/data/halyusuf/data/CataractData/semantic_segmentation/Annotations/Images-and-Supervisely-Annotations/case_5340/mask_anatomy_inst/case5340_33.png
1283,/data/halyusuf/data/CataractData/semantic_segmentation/Annotations/Images-and-Supervisely-Annotations/case_5340/img/case5340_34.png,/data/halyusuf/data/CataractData/semantic_segmentation/Annotations/Images-and-Supervisely-Annotations/case_5340/mask_anatomy_inst/case5340_34.png
1284,/data/halyusuf/data/CataractData/semantic_segmentation/Annotations/Images-and-Supervisely-Annotations/case_5340/img/case5340_35.png,/data/halyusuf/data/CataractData/semantic_segmentation/Annotations/Images-and-Supervisely-Annotations/case_5340/mask_anatomy_inst/case5340_35.png
1285,/data/halyusuf/data/CataractData/semantic_segmentation/Annotations/Images-and-Supervisely-Annotations/case_5340/img/case5340_36.png,/data/halyusuf/data/CataractData/semantic_segmentation/Annotations/Images-and-Supervisely-Annotations/case_5340/mask_anatomy_inst/case5340_36.png
1286,/data/halyusuf/data/CataractData/semantic_segmentation/Annotations/Images-and-Supervisely-Annotations/case_5340/img/case5340_37.png,/data/halyusuf/data/CataractData/semantic_segmentation/Annotations/Images-and-Supervisely-Annotations/case_5340/mask_anatomy_inst/case5340_37.png
1287,/data/halyusuf/data/CataractData/semantic_segmentation/Annotations/Images-and-Supervisely-Annotations/case_5340/img/case5340_38.png,/data/halyusuf/data/CataractData/semantic_segmentation/Annotations/Images-and-Supervisely-Annotations/case_5340/mask_anatomy_inst/case5340_38.png
1288,/data/halyusuf/data/CataractData/semantic_segmentation/Annotations/Images-and-Supervisely-Annotations/case_5340/img/case5340_39.png,/data/halyusuf/data/CataractData/semantic_segmentation/Annotations/Images-and-Supervisely-Annotations/case_5340/mask_anatomy_inst/case5340_39.png
1289,/data/halyusuf/data/CataractData/semantic_segmentation/Annotations/Images-and-Supervisely-Annotations/case_5340/img/case5340_40.png,/data/halyusuf/data/CataractData/semantic_segmentation/Annotations/Images-and-Supervisely-Annotations/case_5340/mask_anatomy_inst/case5340_40.png
1290,/data/halyusuf/data/CataractData/semantic_segmentation/Annotations/Images-and-Supervisely-Annotations/case_5340/img/case5340_41.png,/data/halyusuf/data/CataractData/semantic_segmentation/Annotations/Images-and-Supervisely-Annotations/case_5340/mask_anatomy_inst/case5340_41.png
1291,/data/halyusuf/data/CataractData/semantic_segmentation/Annotations/Images-and-Supervisely-Annotations/case_5340/img/case5340_42.png,/data/halyusuf/data/CataractData/semantic_segmentation/Annotations/Images-and-Supervisely-Annotations/case_5340/mask_anatomy_inst/case5340_42.png
1292,/data/halyusuf/data/CataractData/semantic_segmentation/Annotations/Images-and-Supervisely-Annotations/case_5340/img/case5340_43.png,/data/halyusuf/data/CataractData/semantic_segmentation/Annotations/Images-and-Supervisely-Annotations/case_5340/mask_anatomy_inst/case5340_43.png
1293,/data/halyusuf/data/CataractData/semantic_segmentation/Annotations/Images-and-Supervisely-Annotations/case_5340/img/case5340_44.png,/data/halyusuf/data/CataractData/semantic_segmentation/Annotations/Images-and-Supervisely-Annotations/case_5340/mask_anatomy_inst/case5340_44.png
1294,/data/halyusuf/data/CataractData/semantic_segmentation/Annotations/Images-and-Supervisely-Annotations/case_5340/img/case5340_45.png,/data/halyusuf/data/CataractData/semantic_segmentation/Annotations/Images-and-Supervisely-Annotations/case_5340/mask_anatomy_inst/case5340_45.png
1295,/data/halyusuf/data/CataractData/semantic_segmentation/Annotations/Images-and-Supervisely-Annotations/case_5340/img/case5340_46.png,/data/halyusuf/data/CataractData/semantic_segmentation/Annotations/Images-and-Supervisely-Annotations/case_5340/mask_anatomy_inst/case5340_46.png
1296,/data/halyusuf/data/CataractData/semantic_segmentation/Annotations/Images-and-Supervisely-Annotations/case_5340/img/case5340_47.png,/data/halyusuf/data/CataractData/semantic_segmentation/Annotations/Images-and-Supervisely-Annotations/case_5340/mask_anatomy_inst/case5340_47.png
1297,/data/halyusuf/data/CataractData/semantic_segmentation/Annotations/Images-and-Supervisely-Annotations/case_5340/img/case5340_48.png,/data/halyusuf/data/CataractData/semantic_segmentation/Annotations/Images-and-Supervisely-Annotations/case_5340/mask_anatomy_inst/case5340_48.png
1298,/data/halyusuf/data/CataractData/semantic_segmentation/Annotations/Images-and-Supervisely-Annotations/case_5340/img/case5340_49.png,/data/halyusuf/data/CataractData/semantic_segmentation/Annotations/Images-and-Supervisely-Annotations/case_5340/mask_anatomy_inst/case5340_49.png
1299,/data/halyusuf/data/CataractData/semantic_segmentation/Annotations/Images-and-Supervisely-Annotations/case_5340/img/case5340_50.png,/data/halyusuf/data/CataractData/semantic_segmentation/Annotations/Images-and-Supervisely-Annotations/case_5340/mask_anatomy_inst/case5340_50.png
1300,/data/halyusuf/data/CataractData/semantic_segmentation/Annotations/Images-and-Supervisely-Annotations/case_5340/img/case5340_51.png,/data/halyusuf/data/CataractData/semantic_segmentation/Annotations/Images-and-Supervisely-Annotations/case_5340/mask_anatomy_inst/case5340_51.png
1301,/data/halyusuf/data/CataractData/semantic_segmentation/Annotations/Images-and-Supervisely-Annotations/case_5340/img/case5340_52.png,/data/halyusuf/data/CataractData/semantic_segmentation/Annotations/Images-and-Supervisely-Annotations/case_5340/mask_anatomy_inst/case5340_52.png
1302,/data/halyusuf/data/CataractData/semantic_segmentation/Annotations/Images-and-Supervisely-Annotations/case_5340/img/case5340_53.png,/data/halyusuf/data/CataractData/semantic_segmentation/Annotations/Images-and-Supervisely-Annotations/case_5340/mask_anatomy_inst/case5340_53.png
1303,/data/halyusuf/data/CataractData/semantic_segmentation/Annotations/Images-and-Supervisely-Annotations/case_5340/img/case5340_54.png,/data/halyusuf/data/CataractData/semantic_segmentation/Annotations/Images-and-Supervisely-Annotations/case_5340/mask_anatomy_inst/case5340_54.png
1304,/data/halyusuf/data/CataractData/semantic_segmentation/Annotations/Images-and-Supervisely-Annotations/case_5340/img/case5340_55.png,/data/halyusuf/data/CataractData/semantic_segmentation/Annotations/Images-and-Supervisely-Annotations/case_5340/mask_anatomy_inst/case5340_55.png
1305,/data/halyusuf/data/CataractData/semantic_segmentation/Annotations/Images-and-Supervisely-Annotations/case_5340/img/case5340_56.png,/data/halyusuf/data/CataractData/semantic_segmentation/Annotations/Images-and-Supervisely-Annotations/case_5340/mask_anatomy_inst/case5340_56.png
1306,/data/halyusuf/data/CataractData/semantic_segmentation/Annotations/Images-and-Supervisely-Annotations/case_5340/img/case5340_57.png,/data/halyusuf/data/CataractData/semantic_segmentation/Annotations/Images-and-Supervisely-Annotations/case_5340/mask_anatomy_inst/case5340_57.png
1307,/data/halyusuf/data/CataractData/semantic_segmentation/Annotations/Images-and-Supervisely-Annotations/case_5340/img/case5340_58.png,/data/halyusuf/data/CataractData/semantic_segmentation/Annotations/Images-and-Supervisely-Annotations/case_5340/mask_anatomy_inst/case5340_58.png
1308,/data/halyusuf/data/CataractData/semantic_segmentation/Annotations/Images-and-Supervisely-Annotations/case_5340/img/case5340_59.png,/data/halyusuf/data/CataractData/semantic_segmentation/Annotations/Images-and-Supervisely-Annotations/case_5340/mask_anatomy_inst/case5340_59.png
1309,/data/halyusuf/data/CataractData/semantic_segmentation/Annotations/Images-and-Supervisely-Annotations/case_5340/img/case5340_60.png,/data/halyusuf/data/CataractData/semantic_segmentation/Annotations/Images-and-Supervisely-Annotations/case_5340/mask_anatomy_inst/case5340_60.png
1310,/data/halyusuf/data/CataractData/semantic_segmentation/Annotations/Images-and-Supervisely-Annotations/case_5340/img/case5340_61.png,/data/halyusuf/data/CataractData/semantic_segmentation/Annotations/Images-and-Supervisely-Annotations/case_5340/mask_anatomy_inst/case5340_61.png
1311,/data/halyusuf/data/CataractData/semantic_segmentation/Annotations/Images-and-Supervisely-Annotations/case_5340/img/case5340_62.png,/data/halyusuf/data/CataractData/semantic_segmentation/Annotations/Images-and-Supervisely-Annotations/case_5340/mask_anatomy_inst/case5340_62.png
1312,/data/halyusuf/data/CataractData/semantic_segmentation/Annotations/Images-and-Supervisely-Annotations/case_5340/img/case5340_63.png,/data/halyusuf/data/CataractData/semantic_segmentation/Annotations/Images-and-Supervisely-Annotations/case_5340/mask_anatomy_inst/case5340_63.png
1313,/data/halyusuf/data/CataractData/semantic_segmentation/Annotations/Images-and-Supervisely-Annotations/case_5340/img/case5340_64.png,/data/halyusuf/data/CataractData/semantic_segmentation/Annotations/Images-and-Supervisely-Annotations/case_5340/mask_anatomy_inst/case5340_64.png
1314,/data/halyusuf/data/CataractData/semantic_segmentation/Annotations/Images-and-Supervisely-Annotations/case_5340/img/case5340_65.png,/data/halyusuf/data/CataractData/semantic_segmentation/Annotations/Images-and-Supervisely-Annotations/case_5340/mask_anatomy_inst/case5340_65.png
1315,/data/halyusuf/data/CataractData/semantic_segmentation/Annotations/Images-and-Supervisely-Annotations/case_5340/img/case5340_66.png,/data/halyusuf/data/CataractData/semantic_segmentation/Annotations/Images-and-Supervisely-Annotations/case_5340/mask_anatomy_inst/case5340_66.png
1316,/data/halyusuf/data/CataractData/semantic_segmentation/Annotations/Images-and-Supervisely-Annotations/case_5340/img/case5340_67.png,/data/halyusuf/data/CataractData/semantic_segmentation/Annotations/Images-and-Supervisely-Annotations/case_5340/mask_anatomy_inst/case5340_67.png
1317,/data/halyusuf/data/CataractData/semantic_segmentation/Annotations/Images-and-Supervisely-Annotations/case_5340/img/case5340_68.png,/data/halyusuf/data/CataractData/semantic_segmentation/Annotations/Images-and-Supervisely-Annotations/case_5340/mask_anatomy_inst/case5340_68.png
1318,/data/halyusuf/data/CataractData/semantic_segmentation/Annotations/Images-and-Supervisely-Annotations/case_5340/img/case5340_69.png,/data/halyusuf/data/CataractData/semantic_segmentation/Annotations/Images-and-Supervisely-Annotations/case_5340/mask_anatomy_inst/case5340_69.png
1319,/data/halyusuf/data/CataractData/semantic_segmentation/Annotations/Images-and-Supervisely-Annotations/case_5340/img/case5340_70.png,/data/halyusuf/data/CataractData/semantic_segmentation/Annotations/Images-and-Supervisely-Annotations/case_5340/mask_anatomy_inst/case5340_70.png
1320,/data/halyusuf/data/CataractData/semantic_segmentation/Annotations/Images-and-Supervisely-Annotations/case_5340/img/case5340_71.png,/data/halyusuf/data/CataractData/semantic_segmentation/Annotations/Images-and-Supervisely-Annotations/case_5340/mask_anatomy_inst/case5340_71.png
1321,/data/halyusuf/data/CataractData/semantic_segmentation/Annotations/Images-and-Supervisely-Annotations/case_5340/img/case5340_72.png,/data/halyusuf/data/CataractData/semantic_segmentation/Annotations/Images-and-Supervisely-Annotations/case_5340/mask_anatomy_inst/case5340_72.png
1322,/data/halyusuf/data/CataractData/semantic_segmentation/Annotations/Images-and-Supervisely-Annotations/case_5340/img/case5340_73.png,/data/halyusuf/data/CataractData/semantic_segmentation/Annotations/Images-and-Supervisely-Annotations/case_5340/mask_anatomy_inst/case5340_73.png
1323,/data/halyusuf/data/CataractData/semantic_segmentation/Annotations/Images-and-Supervisely-Annotations/case_5353/img/case5353_01.png,/data/halyusuf/data/CataractData/semantic_segmentation/Annotations/Images-and-Supervisely-Annotations/case_5353/mask_anatomy_inst/case5353_01.png
1324,/data/halyusuf/data/CataractData/semantic_segmentation/Annotations/Images-and-Supervisely-Annotations/case_5353/img/case5353_02.png,/data/halyusuf/data/CataractData/semantic_segmentation/Annotations/Images-and-Supervisely-Annotations/case_5353/mask_anatomy_inst/case5353_02.png
1325,/data/halyusuf/data/CataractData/semantic_segmentation/Annotations/Images-and-Supervisely-Annotations/case_5353/img/case5353_03.png,/data/halyusuf/data/CataractData/semantic_segmentation/Annotations/Images-and-Supervisely-Annotations/case_5353/mask_anatomy_inst/case5353_03.png
1326,/data/halyusuf/data/CataractData/semantic_segmentation/Annotations/Images-and-Supervisely-Annotations/case_5353/img/case5353_04.png,/data/halyusuf/data/CataractData/semantic_segmentation/Annotations/Images-and-Supervisely-Annotations/case_5353/mask_anatomy_inst/case5353_04.png
1327,/data/halyusuf/data/CataractData/semantic_segmentation/Annotations/Images-and-Supervisely-Annotations/case_5353/img/case5353_05.png,/data/halyusuf/data/CataractData/semantic_segmentation/Annotations/Images-and-Supervisely-Annotations/case_5353/mask_anatomy_inst/case5353_05.png
1328,/data/halyusuf/data/CataractData/semantic_segmentation/Annotations/Images-and-Supervisely-Annotations/case_5353/img/case5353_06.png,/data/halyusuf/data/CataractData/semantic_segmentation/Annotations/Images-and-Supervisely-Annotations/case_5353/mask_anatomy_inst/case5353_06.png
1329,/data/halyusuf/data/CataractData/semantic_segmentation/Annotations/Images-and-Supervisely-Annotations/case_5353/img/case5353_07.png,/data/halyusuf/data/CataractData/semantic_segmentation/Annotations/Images-and-Supervisely-Annotations/case_5353/mask_anatomy_inst/case5353_07.png
1330,/data/halyusuf/data/CataractData/semantic_segmentation/Annotations/Images-and-Supervisely-Annotations/case_5353/img/case5353_08.png,/data/halyusuf/data/CataractData/semantic_segmentation/Annotations/Images-and-Supervisely-Annotations/case_5353/mask_anatomy_inst/case5353_08.png
1331,/data/halyusuf/data/CataractData/semantic_segmentation/Annotations/Images-and-Supervisely-Annotations/case_5353/img/case5353_09.png,/data/halyusuf/data/CataractData/semantic_segmentation/Annotations/Images-and-Supervisely-Annotations/case_5353/mask_anatomy_inst/case5353_09.png
1332,/data/halyusuf/data/CataractData/semantic_segmentation/Annotations/Images-and-Supervisely-Annotations/case_5353/img/case5353_10.png,/data/halyusuf/data/CataractData/semantic_segmentation/Annotations/Images-and-Supervisely-Annotations/case_5353/mask_anatomy_inst/case5353_10.png
1333,/data/halyusuf/data/CataractData/semantic_segmentation/Annotations/Images-and-Supervisely-Annotations/case_5353/img/case5353_11.png,/data/halyusuf/data/CataractData/semantic_segmentation/Annotations/Images-and-Supervisely-Annotations/case_5353/mask_anatomy_inst/case5353_11.png
1334,/data/halyusuf/data/CataractData/semantic_segmentation/Annotations/Images-and-Supervisely-Annotations/case_5353/img/case5353_12.png,/data/halyusuf/data/CataractData/semantic_segmentation/Annotations/Images-and-Supervisely-Annotations/case_5353/mask_anatomy_inst/case5353_12.png
1335,/data/halyusuf/data/CataractData/semantic_segmentation/Annotations/Images-and-Supervisely-Annotations/case_5353/img/case5353_13.png,/data/halyusuf/data/CataractData/semantic_segmentation/Annotations/Images-and-Supervisely-Annotations/case_5353/mask_anatomy_inst/case5353_13.png
1336,/data/halyusuf/data/CataractData/semantic_segmentation/Annotations/Images-and-Supervisely-Annotations/case_5353/img/case5353_14.png,/data/halyusuf/data/CataractData/semantic_segmentation/Annotations/Images-and-Supervisely-Annotations/case_5353/mask_anatomy_inst/case5353_14.png
1337,/data/halyusuf/data/CataractData/semantic_segmentation/Annotations/Images-and-Supervisely-Annotations/case_5353/img/case5353_15.png,/data/halyusuf/data/CataractData/semantic_segmentation/Annotations/Images-and-Supervisely-Annotations/case_5353/mask_anatomy_inst/case5353_15.png
1338,/data/halyusuf/data/CataractData/semantic_segmentation/Annotations/Images-and-Supervisely-Annotations/case_5353/img/case5353_16.png,/data/halyusuf/data/CataractData/semantic_segmentation/Annotations/Images-and-Supervisely-Annotations/case_5353/mask_anatomy_inst/case5353_16.png
1339,/data/halyusuf/data/CataractData/semantic_segmentation/Annotations/Images-and-Supervisely-Annotations/case_5353/img/case5353_17.png,/data/halyusuf/data/CataractData/semantic_segmentation/Annotations/Images-and-Supervisely-Annotations/case_5353/mask_anatomy_inst/case5353_17.png
1340,/data/halyusuf/data/CataractData/semantic_segmentation/Annotations/Images-and-Supervisely-Annotations/case_5353/img/case5353_18.png,/data/halyusuf/data/CataractData/semantic_segmentation/Annotations/Images-and-Supervisely-Annotations/case_5353/mask_anatomy_inst/case5353_18.png
1341,/data/halyusuf/data/CataractData/semantic_segmentation/Annotations/Images-and-Supervisely-Annotations/case_5353/img/case5353_19.png,/data/halyusuf/data/CataractData/semantic_segmentation/Annotations/Images-and-Supervisely-Annotations/case_5353/mask_anatomy_inst/case5353_19.png
1342,/data/halyusuf/data/CataractData/semantic_segmentation/Annotations/Images-and-Supervisely-Annotations/case_5353/img/case5353_20.png,/data/halyusuf/data/CataractData/semantic_segmentation/Annotations/Images-and-Supervisely-Annotations/case_5353/mask_anatomy_inst/case5353_20.png
1343,/data/halyusuf/data/CataractData/semantic_segmentation/Annotations/Images-and-Supervisely-Annotations/case_5353/img/case5353_21.png,/data/halyusuf/data/CataractData/semantic_segmentation/Annotations/Images-and-Supervisely-Annotations/case_5353/mask_anatomy_inst/case5353_21.png
1344,/data/halyusuf/data/CataractData/semantic_segmentation/Annotations/Images-and-Supervisely-Annotations/case_5353/img/case5353_22.png,/data/halyusuf/data/CataractData/semantic_segmentation/Annotations/Images-and-Supervisely-Annotations/case_5353/mask_anatomy_inst/case5353_22.png
1345,/data/halyusuf/data/CataractData/semantic_segmentation/Annotations/Images-and-Supervisely-Annotations/case_5353/img/case5353_23.png,/data/halyusuf/data/CataractData/semantic_segmentation/Annotations/Images-and-Supervisely-Annotations/case_5353/mask_anatomy_inst/case5353_23.png
1346,/data/halyusuf/data/CataractData/semantic_segmentation/Annotations/Images-and-Supervisely-Annotations/case_5353/img/case5353_24.png,/data/halyusuf/data/CataractData/semantic_segmentation/Annotations/Images-and-Supervisely-Annotations/case_5353/mask_anatomy_inst/case5353_24.png
1347,/data/halyusuf/data/CataractData/semantic_segmentation/Annotations/Images-and-Supervisely-Annotations/case_5353/img/case5353_25.png,/data/halyusuf/data/CataractData/semantic_segmentation/Annotations/Images-and-Supervisely-Annotations/case_5353/mask_anatomy_inst/case5353_25.png
1348,/data/halyusuf/data/CataractData/semantic_segmentation/Annotations/Images-and-Supervisely-Annotations/case_5353/img/case5353_26.png,/data/halyusuf/data/CataractData/semantic_segmentation/Annotations/Images-and-Supervisely-Annotations/case_5353/mask_anatomy_inst/case5353_26.png
1349,/data/halyusuf/data/CataractData/semantic_segmentation/Annotations/Images-and-Supervisely-Annotations/case_5353/img/case5353_27.png,/data/halyusuf/data/CataractData/semantic_segmentation/Annotations/Images-and-Supervisely-Annotations/case_5353/mask_anatomy_inst/case5353_27.png
1350,/data/halyusuf/data/CataractData/semantic_segmentation/Annotations/Images-and-Supervisely-Annotations/case_5353/img/case5353_28.png,/data/halyusuf/data/CataractData/semantic_segmentation/Annotations/Images-and-Supervisely-Annotations/case_5353/mask_anatomy_inst/case5353_28.png
1351,/data/halyusuf/data/CataractData/semantic_segmentation/Annotations/Images-and-Supervisely-Annotations/case_5353/img/case5353_29.png,/data/halyusuf/data/CataractData/semantic_segmentation/Annotations/Images-and-Supervisely-Annotations/case_5353/mask_anatomy_inst/case5353_29.png
1352,/data/halyusuf/data/CataractData/semantic_segmentation/Annotations/Images-and-Supervisely-Annotations/case_5353/img/case5353_30.png,/data/halyusuf/data/CataractData/semantic_segmentation/Annotations/Images-and-Supervisely-Annotations/case_5353/mask_anatomy_inst/case5353_30.png
1353,/data/halyusuf/data/CataractData/semantic_segmentation/Annotations/Images-and-Supervisely-Annotations/case_5353/img/case5353_31.png,/data/halyusuf/data/CataractData/semantic_segmentation/Annotations/Images-and-Supervisely-Annotations/case_5353/mask_anatomy_inst/case5353_31.png
1354,/data/halyusuf/data/CataractData/semantic_segmentation/Annotations/Images-and-Supervisely-Annotations/case_5353/img/case5353_32.png,/data/halyusuf/data/CataractData/semantic_segmentation/Annotations/Images-and-Supervisely-Annotations/case_5353/mask_anatomy_inst/case5353_32.png
1355,/data/halyusuf/data/CataractData/semantic_segmentation/Annotations/Images-and-Supervisely-Annotations/case_5353/img/case5353_33.png,/data/halyusuf/data/CataractData/semantic_segmentation/Annotations/Images-and-Supervisely-Annotations/case_5353/mask_anatomy_inst/case5353_33.png
1356,/data/halyusuf/data/CataractData/semantic_segmentation/Annotations/Images-and-Supervisely-Annotations/case_5353/img/case5353_34.png,/data/halyusuf/data/CataractData/semantic_segmentation/Annotations/Images-and-Supervisely-Annotations/case_5353/mask_anatomy_inst/case5353_34.png
1357,/data/halyusuf/data/CataractData/semantic_segmentation/Annotations/Images-and-Supervisely-Annotations/case_5353/img/case5353_35.png,/data/halyusuf/data/CataractData/semantic_segmentation/Annotations/Images-and-Supervisely-Annotations/case_5353/mask_anatomy_inst/case5353_35.png
1358,/data/halyusuf/data/CataractData/semantic_segmentation/Annotations/Images-and-Supervisely-Annotations/case_5353/img/case5353_36.png,/data/halyusuf/data/CataractData/semantic_segmentation/Annotations/Images-and-Supervisely-Annotations/case_5353/mask_anatomy_inst/case5353_36.png
1359,/data/halyusuf/data/CataractData/semantic_segmentation/Annotations/Images-and-Supervisely-Annotations/case_5353/img/case5353_37.png,/data/halyusuf/data/CataractData/semantic_segmentation/Annotations/Images-and-Supervisely-Annotations/case_5353/mask_anatomy_inst/case5353_37.png
1360,/data/halyusuf/data/CataractData/semantic_segmentation/Annotations/Images-and-Supervisely-Annotations/case_5353/img/case5353_38.png,/data/halyusuf/data/CataractData/semantic_segmentation/Annotations/Images-and-Supervisely-Annotations/case_5353/mask_anatomy_inst/case5353_38.png
1361,/data/halyusuf/data/CataractData/semantic_segmentation/Annotations/Images-and-Supervisely-Annotations/case_5353/img/case5353_39.png,/data/halyusuf/data/CataractData/semantic_segmentation/Annotations/Images-and-Supervisely-Annotations/case_5353/mask_anatomy_inst/case5353_39.png
1362,/data/halyusuf/data/CataractData/semantic_segmentation/Annotations/Images-and-Supervisely-Annotations/case_5353/img/case5353_40.png,/data/halyusuf/data/CataractData/semantic_segmentation/Annotations/Images-and-Supervisely-Annotations/case_5353/mask_anatomy_inst/case5353_40.png
1363,/data/halyusuf/data/CataractData/semantic_segmentation/Annotations/Images-and-Supervisely-Annotations/case_5353/img/case5353_41.png,/data/halyusuf/data/CataractData/semantic_segmentation/Annotations/Images-and-Supervisely-Annotations/case_5353/mask_anatomy_inst/case5353_41.png
1364,/data/halyusuf/data/CataractData/semantic_segmentation/Annotations/Images-and-Supervisely-Annotations/case_5353/img/case5353_42.png,/data/halyusuf/data/CataractData/semantic_segmentation/Annotations/Images-and-Supervisely-Annotations/case_5353/mask_anatomy_inst/case5353_42.png
1365,/data/halyusuf/data/CataractData/semantic_segmentation/Annotations/Images-and-Supervisely-Annotations/case_5353/img/case5353_43.png,/data/halyusuf/data/CataractData/semantic_segmentation/Annotations/Images-and-Supervisely-Annotations/case_5353/mask_anatomy_inst/case5353_43.png
1366,/data/halyusuf/data/CataractData/semantic_segmentation/Annotations/Images-and-Supervisely-Annotations/case_5353/img/case5353_44.png,/data/halyusuf/data/CataractData/semantic_segmentation/Annotations/Images-and-Supervisely-Annotations/case_5353/mask_anatomy_inst/case5353_44.png
1367,/data/halyusuf/data/CataractData/semantic_segmentation/Annotations/Images-and-Supervisely-Annotations/case_5353/img/case5353_45.png,/data/halyusuf/data/CataractData/semantic_segmentation/Annotations/Images-and-Supervisely-Annotations/case_5353/mask_anatomy_inst/case5353_45.png
1368,/data/halyusuf/data/CataractData/semantic_segmentation/Annotations/Images-and-Supervisely-Annotations/case_5353/img/case5353_46.png,/data/halyusuf/data/CataractData/semantic_segmentation/Annotations/Images-and-Supervisely-Annotations/case_5353/mask_anatomy_inst/case5353_46.png
1369,/data/halyusuf/data/CataractData/semantic_segmentation/Annotations/Images-and-Supervisely-Annotations/case_5353/img/case5353_47.png,/data/halyusuf/data/CataractData/semantic_segmentation/Annotations/Images-and-Supervisely-Annotations/case_5353/mask_anatomy_inst/case5353_47.png
1370,/data/halyusuf/data/CataractData/semantic_segmentation/Annotations/Images-and-Supervisely-Annotations/case_5353/img/case5353_48.png,/data/halyusuf/data/CataractData/semantic_segmentation/Annotations/Images-and-Supervisely-Annotations/case_5353/mask_anatomy_inst/case5353_48.png
1371,/data/halyusuf/data/CataractData/semantic_segmentation/Annotations/Images-and-Supervisely-Annotations/case_5353/img/case5353_49.png,/data/halyusuf/data/CataractData/semantic_segmentation/Annotations/Images-and-Supervisely-Annotations/case_5353/mask_anatomy_inst/case5353_49.png
1372,/data/halyusuf/data/CataractData/semantic_segmentation/Annotations/Images-and-Supervisely-Annotations/case_5353/img/case5353_50.png,/data/halyusuf/data/CataractData/semantic_segmentation/Annotations/Images-and-Supervisely-Annotations/case_5353/mask_anatomy_inst/case5353_50.png
1373,/data/halyusuf/data/CataractData/semantic_segmentation/Annotations/Images-and-Supervisely-Annotations/case_5353/img/case5353_51.png,/data/halyusuf/data/CataractData/semantic_segmentation/Annotations/Images-and-Supervisely-Annotations/case_5353/mask_anatomy_inst/case5353_51.png
1374,/data/halyusuf/data/CataractData/semantic_segmentation/Annotations/Images-and-Supervisely-Annotations/case_5353/img/case5353_52.png,/data/halyusuf/data/CataractData/semantic_segmentation/Annotations/Images-and-Supervisely-Annotations/case_5353/mask_anatomy_inst/case5353_52.png
1375,/data/halyusuf/data/CataractData/semantic_segmentation/Annotations/Images-and-Supervisely-Annotations/case_5353/img/case5353_53.png,/data/halyusuf/data/CataractData/semantic_segmentation/Annotations/Images-and-Supervisely-Annotations/case_5353/mask_anatomy_inst/case5353_53.png
1376,/data/halyusuf/data/CataractData/semantic_segmentation/Annotations/Images-and-Supervisely-Annotations/case_5353/img/case5353_54.png,/data/halyusuf/data/CataractData/semantic_segmentation/Annotations/Images-and-Supervisely-Annotations/case_5353/mask_anatomy_inst/case5353_54.png
1377,/data/halyusuf/data/CataractData/semantic_segmentation/Annotations/Images-and-Supervisely-Annotations/case_5353/img/case5353_55.png,/data/halyusuf/data/CataractData/semantic_segmentation/Annotations/Images-and-Supervisely-Annotations/case_5353/mask_anatomy_inst/case5353_55.png
1378,/data/halyusuf/data/CataractData/semantic_segmentation/Annotations/Images-and-Supervisely-Annotations/case_5353/img/case5353_56.png,/data/halyusuf/data/CataractData/semantic_segmentation/Annotations/Images-and-Supervisely-Annotations/case_5353/mask_anatomy_inst/case5353_56.png
1379,/data/halyusuf/data/CataractData/semantic_segmentation/Annotations/Images-and-Supervisely-Annotations/case_5353/img/case5353_57.png,/data/halyusuf/data/CataractData/semantic_segmentation/Annotations/Images-and-Supervisely-Annotations/case_5353/mask_anatomy_inst/case5353_57.png
1380,/data/halyusuf/data/CataractData/semantic_segmentation/Annotations/Images-and-Supervisely-Annotations/case_5353/img/case5353_58.png,/data/halyusuf/data/CataractData/semantic_segmentation/Annotations/Images-and-Supervisely-Annotations/case_5353/mask_anatomy_inst/case5353_58.png
1381,/data/halyusuf/data/CataractData/semantic_segmentation/Annotations/Images-and-Supervisely-Annotations/case_5353/img/case5353_59.png,/data/halyusuf/data/CataractData/semantic_segmentation/Annotations/Images-and-Supervisely-Annotations/case_5353/mask_anatomy_inst/case5353_59.png
1382,/data/halyusuf/data/CataractData/semantic_segmentation/Annotations/Images-and-Supervisely-Annotations/case_5353/img/case5353_60.png,/data/halyusuf/data/CataractData/semantic_segmentation/Annotations/Images-and-Supervisely-Annotations/case_5353/mask_anatomy_inst/case5353_60.png
1383,/data/halyusuf/data/CataractData/semantic_segmentation/Annotations/Images-and-Supervisely-Annotations/case_5353/img/case5353_61.png,/data/halyusuf/data/CataractData/semantic_segmentation/Annotations/Images-and-Supervisely-Annotations/case_5353/mask_anatomy_inst/case5353_61.png
1384,/data/halyusuf/data/CataractData/semantic_segmentation/Annotations/Images-and-Supervisely-Annotations/case_5353/img/case5353_62.png,/data/halyusuf/data/CataractData/semantic_segmentation/Annotations/Images-and-Supervisely-Annotations/case_5353/mask_anatomy_inst/case5353_62.png
1385,/data/halyusuf/data/CataractData/semantic_segmentation/Annotations/Images-and-Supervisely-Annotations/case_5353/img/case5353_63.png,/data/halyusuf/data/CataractData/semantic_segmentation/Annotations/Images-and-Supervisely-Annotations/case_5353/mask_anatomy_inst/case5353_63.png
1386,/data/halyusuf/data/CataractData/semantic_segmentation/Annotations/Images-and-Supervisely-Annotations/case_5353/img/case5353_64.png,/data/halyusuf/data/CataractData/semantic_segmentation/Annotations/Images-and-Supervisely-Annotations/case_5353/mask_anatomy_inst/case5353_64.png
1387,/data/halyusuf/data/CataractData/semantic_segmentation/Annotations/Images-and-Supervisely-Annotations/case_5353/img/case5353_65.png,/data/halyusuf/data/CataractData/semantic_segmentation/Annotations/Images-and-Supervisely-Annotations/case_5353/mask_anatomy_inst/case5353_65.png
